cds_code,charter,county,detail_link,detailed_info.administrators,detailed_info.cds_code,detailed_info.county,detailed_info.educational_program_type,detailed_info.email,detailed_info.fax_number,detailed_info.google_map_link,detailed_info.high_grade,detailed_info.last_updated,detailed_info.low_grade,detailed_info.mailing_address,detailed_info.open_date,detailed_info.phone_number,detailed_info.public_school,detailed_info.school,detailed_info.school_address,detailed_info.school_type,detailed_info.statistical_info,detailed_info.statistical_info_link,detailed_info.status,detailed_info.web_address,detailed_info.web_address_link,district,school,school_type,sector_type,status
01611436130207,No,Alameda,https://www.cde.ca.gov/SchoolDirectory/details?cdscode=01611436130207,"[{""info"": ""Cindy Dickeson Site Administrator (510) 848-4800 Ext. 301 Cindy@CEID.org"", ""email"": ""Cindy@CEID.org""}]",01 61143 6130207,Alameda,Nonpublic Certified School,Cindy@CEID.org,(510) 848-4801,https://www.google.com/maps/place/1035+Grayson+St.+Berkeley+CA+94710-2642,P,"September 12, 2025",P,"1035 Grayson St. Berkeley, CA 94710-2642","January 1, 2005",(510) 848-4800 Ext. 302,No,Center for Early Intervention on Deafness (CEID),"1035 Grayson St. Berkeley, CA 94710-2642",Elementary School (Private),Link to CDE Private School Data page,https://www.cde.ca.gov/ds/si/ps/,Active,www.ceid.org,http://www.ceid.org,Berkeley Unified,Center for Early Intervention on Deafness (CEID),Elementary School (Private),Private,Active
01612427077548,No,Alameda,https://www.cde.ca.gov/SchoolDirectory/details?cdscode=01612427077548,"[{""info"": ""Grace Alvarez Director grace_alvarez@senecacenter.org"", ""email"": ""grace_alvarez@senecacenter.org""}, {""info"": ""Ms. Grace Alvarez (Custodian of Records) grace_alvarez@senecacenter.org"", ""email"": ""grace_alvarez@senecacenter.org""}]",01 61242 7077548,Alameda,Nonpublic Certified School,schools@senecacenter.org,(510) 226-6352,https://www.google.com/maps/place/600+G+St.+Union+City+CA+94587-2400,12,"October 2, 2025",6,"600 G St. Union City, CA 94587-2400","July 1, 1980",(510) 226-6180,No,Seneca Family of Agencies - Pathfinder Academy,"600 G St. Union City, CA 94587-2400",K-12 Schools (Private),Link to CDE Private School Data page,https://www.cde.ca.gov/ds/si/ps/,Active,http://sites.google.com/senecanps.school/pathfinder-academy/home,https://sites.google.com/senecanps.school/pathfinder-academy/home,New Haven Unified,Seneca Family of Agencies - Pathfinder Academy,K-12 Schools (Private),Private,Active
01611430117002,No,Alameda,https://www.cde.ca.gov/SchoolDirectory/details?cdscode=01611430117002,"[{""info"": ""Ms. Donna Austin Executive Director austin@bayhillhs.org"", ""email"": ""austin@bayhillhs.org""}, {""info"": ""Ms. Donna Austin (Custodian of Records) austin@bayhillhs.org"", ""email"": ""austin@bayhillhs.org""}]",01 61143 0117002,Alameda,Nonpublic Certified School,austin@bayhillhs.org,(510) 984-0729,https://www.google.com/maps/place/1940+Virginia+St.+Berkeley+CA+94709-2136,12,"October 2, 2025",7,"1940 Virginia St. Berkeley, CA 94709-2136","April 18, 2008",(510) 984-0599,No,Bayhill High,"1940 Virginia St. Berkeley, CA 94709-2136",High Schools (Private),Link to CDE Private School Data page,https://www.cde.ca.gov/ds/si/ps/,Active,www.bayhillhs.org,http://www.bayhillhs.org,Berkeley Unified,Bayhill High,High Schools (Private),Private,Active
01612006167480,No,Alameda,https://www.cde.ca.gov/SchoolDirectory/details?cdscode=01612006167480,"[{""info"": ""Mrs. Chelsea Osorio Other chelsea.osorio@summa-academy.com"", ""email"": ""chelsea.osorio@summa-academy.com""}, {""info"": ""Mrs. Neena Bhathal (Custodian of Records) Neena.Bhathal@summa-academy.com"", ""email"": ""Neena.Bhathal@summa-academy.com""}]",01 61200 6167480,Alameda,Nonpublic Certified School,Neena.Bhathal@summa-academy.com,Information Not Available,https://www.google.com/maps/place/1701+El+Padro+Dr.+Livermore+CA+94550-6215,9,"October 13, 2025",5,"5901 Coronado Ln. Pleasanton, CA 94588","August 1, 2023",(909) 702-0369,No,Summa Academy,"1701 El Padro Dr. Livermore, CA 94550-6215",Elementary School (Private),Link to CDE Private School Data page,https://www.cde.ca.gov/ds/si/ps/,Active,www.summa-academy.com,http://www.summa-academy.com,Livermore Valley Joint Unified,Summa Academy,Elementary School (Private),Private,Active
01612596909832,No,Alameda,https://www.cde.ca.gov/SchoolDirectory/details?cdscode=01612596909832,"[{""info"": ""Karen Mates Principal karenmates@fredfinch.org"", ""email"": ""karenmates@fredfinch.org""}, {""info"": ""Mr. James Pugh (Custodian of Records) jamespugh@fredfinch.org"", ""email"": ""jamespugh@fredfinch.org""}]",01 61259 6909832,Alameda,Nonpublic Certified School,karenmates@fredfinch.org,(510) 254-5652,https://www.google.com/maps/place/3800+Coolidge+Ave.+Oakland+CA+94602-3399,12,"August 26, 2025",6,"3800 Coolidge Ave. Oakland, CA 94602-3399","July 1, 1980",(510) 482-2244 Ext. 204,No,Fred Finch–Oakland Hills Academy,"3800 Coolidge Ave. Oakland, CA 94602-3399",K-12 Schools (Private),Link to CDE Private School Data page,https://www.cde.ca.gov/ds/si/ps/,Active,www.fredfinch.org/avalon-non-public-school,https://www.fredfinch.org/avalon-non-public-school,Oakland Unified,Fred Finch–Oakland Hills Academy,K-12 Schools (Private),Private,Active
01611437045552,No,Alameda,https://www.cde.ca.gov/SchoolDirectory/details?cdscode=01611437045552,"[{""info"": ""Ms. staci roberts Director brewerstaci@gmail.com"", ""email"": ""brewerstaci@gmail.com""}, {""info"": ""Ms. Angela Mcgee (Custodian of Records) angelamcgee5@gmail.com"", ""email"": ""angelamcgee5@gmail.com""}]",01 61143 7045552,Alameda,Nonpublic Certified School,brewerstaci@gmail.com,(510) 848-1632,https://www.google.com/maps/place/2126+6th+St.+Berkeley+CA+94710-2248,12,"November 5, 2025",K,"2126 6th St. Berkeley, CA 94710-2248","July 1, 1980",(510) 848-1616,No,Via Center,"2126 6th St. Berkeley, CA 94710-2248",Ungraded Schools (Private),Link to CDE Private School Data page,https://www.cde.ca.gov/ds/si/ps/,Active,www.viacenter.org,http://www.viacenter.org,Berkeley Unified,Via Center,Ungraded Schools (Private),Private,Active
01611276138044,No,Alameda,https://www.cde.ca.gov/SchoolDirectory/details?cdscode=01611276138044,"[{""info"": ""Laurie Kumar Director lauriek@tildenprep.com"", ""email"": ""lauriek@tildenprep.com""}, {""info"": ""Jane Mueller (Custodian of Records) janem@tildenprep.com"", ""email"": ""janem@tildenprep.com""}]",01 61127 6138044,Alameda,Nonpublic Certified School,adminalbany@tildenprep.com,(510) 525-5508,https://www.google.com/maps/place/1231+Solano+Ave.+Albany+CA+94706-1734,12,"January 8, 2026",6,"1231 Solano Ave. Albany, CA 94706-1734","April 28, 2009",(510) 525-5506,No,Tilden Preparatory School,"1231 Solano Ave. Albany, CA 94706-1734",K-12 Schools (Private),Link to CDE Private School Data page,https://www.cde.ca.gov/ds/si/ps/,Active,http://tildenprep.com,http://tildenprep.com,Albany City Unified,Tilden Preparatory School,K-12 Schools (Private),Private,Active
01612596140131,No,Alameda,https://www.cde.ca.gov/SchoolDirectory/details?cdscode=01612596140131,"[{""info"": ""Ms. Veronica Arellano-Castro Director veronica_ac@senecacenter.org"", ""email"": ""veronica_ac@senecacenter.org""}, {""info"": ""Ms. Veronica Arellano-Castro (Custodian of Records) veronica_ac@senecacenter.org"", ""email"": ""veronica_ac@senecacenter.org""}]",01 61259 6140131,Alameda,Nonpublic Certified School,schools@senecacenter.org,Information Not Available,https://www.google.com/maps/place/3695+High+St.+Oakland+CA+94619-2105,5,"October 16, 2025",K,"3695 High St. Oakland, CA 94619-2105","March 21, 2011",(510) 434-7990,No,Seneca Family of Agencies-Maya Angelou Academy,"3695 High St. Oakland, CA 94619-2105",Elementary School (Private),Link to CDE Private School Data page,https://www.cde.ca.gov/ds/si/ps/,Active,http://maabbcommunity.weebly.com/,https://maabbcommunity.weebly.com/,Oakland Unified,Seneca Family of Agencies-Maya Angelou Academy,Elementary School (Private),Private,Active
01611926166862,No,Alameda,https://www.cde.ca.gov/SchoolDirectory/details?cdscode=01611926166862,"[{""info"": ""Ms. Chloe Mach Administrator cmach@rssped.com"", ""email"": ""cmach@rssped.com""}, {""info"": ""Mr. Yogesh Verma (Custodian of Records) yverma@rssped.com"", ""email"": ""yverma@rssped.com""}]",01 61192 6166862,Alameda,Nonpublic Certified School,yogesh.verma@rssped.com,(510) 270-0211,https://www.google.com/maps/place/21400+Bedford+Dr.+Hayward+CA+94546-6802,12,"August 6, 2025",K,"21400 Bedford Dr. Hayward, CA 94546-6802","August 1, 2023",(510) 270-0211,No,Rising Star Sped Academy,"21400 Bedford Dr. Hayward, CA 94546-6802",K-12 Schools (Private),Link to CDE Private School Data page,https://www.cde.ca.gov/ds/si/ps/,Active,www.rssped.com,http://www.rssped.com,Hayward Unified,Rising Star Sped Academy,K-12 Schools (Private),Private,Active
01611196979140,No,Alameda,https://www.cde.ca.gov/SchoolDirectory/details?cdscode=01611196979140,"[{""info"": ""Mr. Allan Chatman Principal ecohen@thephillipsacademy.org"", ""email"": ""ecohen@thephillipsacademy.org""}, {""info"": ""Ms. Joanna Wong (Custodian of Records) jwong@thephillipsacademy.org"", ""email"": ""jwong@thephillipsacademy.org""}]",01 61119 6979140,Alameda,Nonpublic Certified School,admin@thephillipsacademy.org,(510) 769-1824,https://www.google.com/maps/place/1910+Central+Ave.+Alameda+CA+94501-2623,12,"October 17, 2025",6,"1910 Central Ave. Alameda, CA 94501-2623","July 1, 1980",(510) 769-7100,No,The Phillips Academy,"1910 Central Ave. Alameda, CA 94501-2623",Ungraded Schools (Private),Link to CDE Private School Data page,https://www.cde.ca.gov/ds/si/ps/,Active,www.thephillipsacademy.org,http://www.thephillipsacademy.org,Alameda Unified,The Phillips Academy,Ungraded Schools (Private),Private,Active
01612597077878,No,Alameda,https://www.cde.ca.gov/SchoolDirectory/details?cdscode=01612597077878,"[{""info"": ""Alicia Magallanes Administrator alicia.magallanes@chancelight.com"", ""email"": ""alicia.magallanes@chancelight.com""}, {""info"": ""Lisa Schiesher (Custodian of Records) registrar@chancelight.com"", ""email"": ""registrar@chancelight.com""}]",01 61259 7077878,Alameda,Nonpublic Certified School,alicia.magallanes@chancelight.com,(510) 729-6390,https://www.google.com/maps/place/6325+Camden+St.+Oakland+CA+94605-1640,12,"October 8, 2025",K,"6325 Camden St. Oakland, CA 94605-1640","July 1, 1980",(510) 729-6384,No,"Spectrum Center, Camden Campus","6325 Camden St. Oakland, CA 94605-1640",Ungraded Schools (Private),Link to CDE Private School Data page,https://www.cde.ca.gov/ds/si/ps/,Active,http://spectrumschools.com,http://spectrumschools.com,Oakland Unified,"Spectrum Center, Camden Campus",Ungraded Schools (Private),Private,Active
01751010140871,No,Alameda,https://www.cde.ca.gov/SchoolDirectory/details?cdscode=01751010140871,"[{""info"": ""Neena Bhathal Administrator neena.bhathal@summa-academy.com"", ""email"": ""neena.bhathal@summa-academy.com""}, {""info"": ""Neena Bhathal (Custodian of Records) neena.bhathal@summa-academy.com"", ""email"": ""neena.bhathal@summa-academy.com""}]",01 75101 0140871,Alameda,Nonpublic Certified School,neena.bhathal@summa-academy.com,Information Not Available,https://www.google.com/maps/place/5901+Coronado+Ln.+Pleasanton+CA+94588-8518,6,"October 13, 2025",K,"5901 Coronado Ln. Pleasanton, CA 94588-8518","August 30, 2021",(925) 425-7377,No,Summa Academy,"5901 Coronado Ln. Pleasanton, CA 94588-8518",Elementary School (Private),Link to CDE Private School Data page,https://www.cde.ca.gov/ds/si/ps/,Active,www.summa-academy.com,http://www.summa-academy.com,Pleasanton Unified,Summa Academy,Elementary School (Private),Private,Active
01613097035512,No,Alameda,https://www.cde.ca.gov/SchoolDirectory/details?cdscode=01613097035512,"[{""info"": ""Ms. Monica Mile-Wrona Director monica_mile@senecacenter.org"", ""email"": ""monica_mile@senecacenter.org""}, {""info"": ""Mrs. Monica Mile-Wrona (Custodian of Records) monica_mile@senecacenter.org"", ""email"": ""monica_mile@senecacenter.org""}]",01 61309 7035512,Alameda,Nonpublic Certified School,schools@senecacenter.org,Information Not Available,https://www.google.com/maps/place/2275+Arlington+Dr.+San+Leandro+CA+94578-1132,12,"October 8, 2025",5,"2275 Arlington Dr. San Leandro, CA 94578-1132","July 1, 1980",(510) 481-1222 Ext. 201,No,Seneca Family of Agencies - James Baldwin Academy,"2275 Arlington Dr. San Leandro, CA 94578-1132",K-12 Schools (Private),Link to CDE Private School Data page,https://www.cde.ca.gov/ds/si/ps/,Active,http://sites.google.com/senecanps.school/jba/home,https://sites.google.com/senecanps.school/jba/home,San Lorenzo Unified,Seneca Family of Agencies - James Baldwin Academy,K-12 Schools (Private),Private,Active
07616480134445,No,Contra Costa,https://www.cde.ca.gov/SchoolDirectory/details?cdscode=07616480134445,"[{""info"": ""Dr. Kevin Cobb Administrator kevin.cobb@sesischools.com"", ""email"": ""kevin.cobb@sesischools.com""}, {""info"": ""Ms. Jimnisha Burks (Custodian of Records) jimnisha.burks@sesischools.com"", ""email"": ""jimnisha.burks@sesischools.com""}]",07 61648 0134445,Contra Costa,Nonpublic Certified School,Kevin.Cobb@sesischools.com,Information Not Available,https://www.google.com/maps/place/1413+F+St+Antioch+CA+94509-2220,12,"August 11, 2025",K,"1413 F St Antioch, CA 94509-2220","August 24, 2016",(925) 778-1022,No,Sierra School of Antioch - Fremont,"1413 F St Antioch, CA 94509-2220",K-12 Schools (Private),Link to CDE Private School Data page,https://www.cde.ca.gov/ds/si/ps/,Active,http://sesischools.com/location/sierra-school-of-antioch/,https://sesischools.com/location/sierra-school-of-antioch/,Antioch Unified,Sierra School of Antioch - Fremont,K-12 Schools (Private),Private,Active
07616480134064,No,Contra Costa,https://www.cde.ca.gov/SchoolDirectory/details?cdscode=07616480134064,"[{""info"": ""Marylou Guillen Administrator marylou.guillen@chancelight.com"", ""email"": ""marylou.guillen@chancelight.com""}, {""info"": ""Lisa Schiesher (Custodian of Records) registrar@chancelight.com"", ""email"": ""registrar@chancelight.com""}]",07 61648 0134064,Contra Costa,Nonpublic Certified School,marylou.guillen@chancelight.com,(925) 779-7595,https://www.google.com/maps/place/820+Gary+Ave.+Antioch+CA+94509,12,"October 8, 2025",K,"820 Gary Ave Antioch, CA 94509","June 15, 2016",(925) 779-7595,No,"Spectrum Center, Antioch","820 Gary Ave. Antioch, CA 94509",Elementary School (Private),Link to CDE Private School Data page,https://www.cde.ca.gov/ds/si/ps/,Active,www.spectrumschools.com/,https://www.spectrumschools.com/,Antioch Unified,"Spectrum Center, Antioch",Elementary School (Private),Private,Active
07617540112920,No,Contra Costa,https://www.cde.ca.gov/SchoolDirectory/details?cdscode=07617540112920,"[{""info"": ""Ms. Ronica Domingo Director rdomingo@anovaeducation.org"", ""email"": ""rdomingo@anovaeducation.org""}, {""info"": ""Mr. Dan Sousa (Custodian of Records) dsousa@anovaeducation.org"", ""email"": ""dsousa@anovaeducation.org""}]",07 61754 0112920,Contra Costa,Nonpublic Certified School,abailey@anovaeducation.org,(707) 527-7960,"https://www.google.com/maps/place/1140+Galaxy+Way,+Ste.+100+Concord+CA+94520-5760",12,"November 26, 2024",K,"1140 Galaxy Way, Ste. 100 Concord, CA 94520-5760","August 21, 2006",(925) 687-9616,No,"Anova Center for Education, Contra Costa","1140 Galaxy Way, Ste. 100 Concord, CA 94520-5760",K-12 Schools (Private),Link to CDE Private School Data page,https://www.cde.ca.gov/ds/si/ps/,Active,www.anovaeducation.org/,https://www.anovaeducation.org/,Mt. Diablo Unified,"Anova Center for Education, Contra Costa",K-12 Schools (Private),Private,Active
07617136203855,No,Contra Costa,https://www.cde.ca.gov/SchoolDirectory/details?cdscode=07617136203855,"[{""info"": ""Ms. Marian Kidder Administrator mkidder@thespringstoneschool.org"", ""email"": ""mkidder@thespringstoneschool.org""}, {""info"": ""Mrs. Alexis Rucker (Custodian of Records) arucker@thespringstoneschool.org"", ""email"": ""arucker@thespringstoneschool.org""}]",07 61713 6203855,Contra Costa,Nonpublic Certified School,info@thespringstoneschool.org,(925) 962-9558,https://www.google.com/maps/place/1035+Carol+Ln.+Lafayette+CA+94549-4716,12,"September 25, 2025",6,"1035 Carol Ln. Lafayette, CA 94549-4716","August 12, 2004",(925) 962-9660,No,The Springstone School,"1035 Carol Ln. Lafayette, CA 94549-4716",Elementary School (Private),Link to CDE Private School Data page,https://www.cde.ca.gov/ds/si/ps/,Active,www.thespringstoneschool.org,http://www.thespringstoneschool.org,Lafayette Elementary,The Springstone School,Elementary School (Private),Private,Active
07617396170112,No,Contra Costa,https://www.cde.ca.gov/SchoolDirectory/details?cdscode=07617396170112,"[{""info"": ""Ms. Carolyn Goldstein-Hidalgo Administrator jwilkinson@bcbhinc.com"", ""email"": ""jwilkinson@bcbhinc.com""}, {""info"": ""Mrs. Jeanine Wilkinson (Custodian of Records) jwilkinson@bcbhinc.com"", ""email"": ""jwilkinson@bcbhinc.com""}]",07 61739 6170112,Contra Costa,Nonpublic Certified School,jwilkinson@bcbhinc.com,(925) 357-2058,https://www.google.com/maps/place/920+Susana+St+Martinez+CA+94553,8,"August 19, 2025",K,"710 South BRd.way, 250 Walnut Creek, CA 94596","August 12, 2024",(925) 314-5767,No,BUILDING Connections Academy Martinez,"920 Susana St Martinez, CA 94553",Elementary School (Private),Link to CDE Private School Data page,https://www.cde.ca.gov/ds/si/ps/,Active,www.bcbh.com,http://www.bcbh.com,Martinez Unified,BUILDING Connections Academy Martinez,Elementary School (Private),Private,Active
07617546167514,No,Contra Costa,https://www.cde.ca.gov/SchoolDirectory/details?cdscode=07617546167514,"[{""info"": ""Mrs. Jeanine Wilkinson Executive Director jwilkinson@bcbhinc.com"", ""email"": ""jwilkinson@bcbhinc.com""}, {""info"": ""Mrs. Jeanine Wilkinson (Custodian of Records) jwilkinson@bcbhinc.com"", ""email"": ""jwilkinson@bcbhinc.com""}]",07 61754 6167514,Contra Costa,Nonpublic Certified School,jwilkinson@bcbhinc.com,(925) 357-2058,https://www.google.com/maps/place/2885+Concord+Blvd+Concord+CA+94519-2608,8,"August 19, 2025",1,"811 San Ramon Valley Blvd 100 Danville, CA 94526","August 1, 2023",(925) 314-5767,No,Building Connections Academy,"2885 Concord Blvd Concord, CA 94519-2608",Elementary School (Private),Link to CDE Private School Data page,https://www.cde.ca.gov/ds/si/ps/,Active,www.bcbhinc.com,http://www.bcbhinc.com,Mt. Diablo Unified,Building Connections Academy,Elementary School (Private),Private,Active
07617547104953,No,Contra Costa,https://www.cde.ca.gov/SchoolDirectory/details?cdscode=07617547104953,"[{""info"": ""Dr. Kathryn Stewart Executive Director director@orionacademy.org"", ""email"": ""director@orionacademy.org""}, {""info"": ""Meg Muyskens (Custodian of Records) mmuyskens@orionacademy.org"", ""email"": ""mmuyskens@orionacademy.org""}]",07 61754 7104953,Contra Costa,Nonpublic Certified School,office@orionacademy.org,(925) 377-2028,https://www.google.com/maps/place/1868+Clayton+Rd.+Concord+CA+94520-2547,12,"February 4, 2026",9,"1868 Clayton Rd. Concord, CA 94520-2547","August 12, 2004",(925) 377-0789,No,Orion Academy,"1868 Clayton Rd. Concord, CA 94520-2547",High Schools (Private),Link to CDE Private School Data page,https://www.cde.ca.gov/ds/si/ps/,Active,www.orionacademy.org,http://www.orionacademy.org,Mt. Diablo Unified,Orion Academy,High Schools (Private),Private,Active
07617546933501,No,Contra Costa,https://www.cde.ca.gov/SchoolDirectory/details?cdscode=07617546933501,"[{""info"": ""Mrs. Catherine Lindsey Site Administrator (925) 685-9703 clindsey@chancelight.com"", ""email"": ""clindsey@chancelight.com""}, {""info"": ""Lisa Schiesher (Custodian of Records) registrar@chancelight.com"", ""email"": ""registrar@chancelight.com""}]",07 61754 6933501,Contra Costa,Nonpublic Certified School,agarner@spectrumschools.com,(925) 685-5950,"https://www.google.com/maps/place/1026+Oak+Grove+Rd.,+Ste.+11+Concord+CA+94518-3253",12,"August 19, 2025",K,"1026 Oak Grove Rd., Ste. 11 Concord, CA 94518-3253","July 1, 1980",(925) 685-9703,No,"Spectrum Center, Inc.-Valley Campus","1026 Oak Grove Rd., Ste. 11 Concord, CA 94518-3253",Ungraded Schools (Private),Link to CDE Private School Data page,https://www.cde.ca.gov/ds/si/ps/,Active,www.spectrumschools.com,http://www.spectrumschools.com,Mt. Diablo Unified,"Spectrum Center, Inc.-Valley Campus",Ungraded Schools (Private),Private,Active
07617540133249,No,Contra Costa,https://www.cde.ca.gov/SchoolDirectory/details?cdscode=07617540133249,"[{""info"": ""Mrs. Addie Chan-Beaudry Administrator office@wellspringeducation.org"", ""email"": ""office@wellspringeducation.org""}, {""info"": ""Mrs. Addie Chan-Beaudry (Custodian of Records) office@wellspringeducation.org"", ""email"": ""office@wellspringeducation.org""}]",07 61754 0133249,Contra Costa,Nonpublic Certified School,office@wellspringeducation.org,Information Not Available,https://www.google.com/maps/place/1543+Sunnyvale+Ave.+Walnut+Creek+CA+94597-1903,12,"October 13, 2025",K,"1543 Sunnyvale Ave. Walnut Creek, CA 94597-1903","September 5, 2015",(925) 295-3080,No,Wellspring Educational Services Inc,"1543 Sunnyvale Ave. Walnut Creek, CA 94597-1903",Elementary School (Private),Link to CDE Private School Data page,https://www.cde.ca.gov/ds/si/ps/,Active,http://wellspringeducation.org,https://wellspringeducation.org,Mt. Diablo Unified,Wellspring Educational Services Inc,Elementary School (Private),Private,Active
07617887100472,No,Contra Costa,https://www.cde.ca.gov/SchoolDirectory/details?cdscode=07617887100472,"[{""info"": ""Aisha Robinson Director aisha.robinson@chancelight.com"", ""email"": ""aisha.robinson@chancelight.com""}, {""info"": ""Arman Sheffey (Custodian of Records) registrar@chancelight.com"", ""email"": ""registrar@chancelight.com""}]",07 61788 7100472,Contra Costa,Nonpublic Certified School,aisha.robinson@chancelight.com,(925) 439-6925,https://www.google.com/maps/place/135+E.+Leland+Rd.+Pittsburg+CA+94565-4948,12,"February 13, 2026",K,"135 E. Leland Rd. Pittsburg, CA 94565-4948","July 1, 1980",(925) 439-6929,No,Spectrum Center Delta Campus,"135 E. Leland Rd. Pittsburg, CA 94565-4948",Ungraded Schools (Private),Link to CDE Private School Data page,https://www.cde.ca.gov/ds/si/ps/,Active,www.spectrumschools.com,http://www.spectrumschools.com,Pittsburg Unified,Spectrum Center Delta Campus,Ungraded Schools (Private),Private,Active
07617967100456,No,Contra Costa,https://www.cde.ca.gov/SchoolDirectory/details?cdscode=07617967100456,"[{""info"": ""Mrs. Edith Molinier Principal emolinier@calautism.org"", ""email"": ""emolinier@calautism.org""}, {""info"": ""Mrs. Edith Molinier (Custodian of Records) emolinier@calautism.org"", ""email"": ""emolinier@calautism.org""}]",07 61796 7100456,Contra Costa,Nonpublic Certified School,emolinier@calautism.org,(510) 262-1540,https://www.google.com/maps/place/4138+Lakeside+Dr.+Richmond+CA+94806-4806,12,"August 21, 2025",K,"4138 Lakeside Dr. Richmond, CA 94806-4806","July 1, 1980",(510) 262-1500,No,A Better Chance / California Autism Foundation,"4138 Lakeside Dr. Richmond, CA 94806-4806",K-12 Schools (Private),Link to CDE Private School Data page,https://www.cde.ca.gov/ds/si/ps/,Active,www.calautism.org,http://www.calautism.org,West Contra Costa Unified,A Better Chance / California Autism Foundation,K-12 Schools (Private),Private,Active
09618537087794,No,El Dorado,https://www.cde.ca.gov/SchoolDirectory/details?cdscode=09618537087794,"[{""info"": ""Heather Chapman Principal (530) 644-2412 Ext. 232 hchapman@summitviewtreatment.org"", ""email"": ""hchapman@summitviewtreatment.org""}, {""info"": ""Mrs. Kishia Larkins (Custodian of Records) klarkins@summitviewtreatment.org"", ""email"": ""klarkins@summitviewtreatment.org""}]",09 61853 7087794,El Dorado,Nonpublic Certified School,hchapman@summitviewtreatment.org,(530) 644-8563,https://www.google.com/maps/place/4805+Golden+Foothill+Pkwy.+El+Dorado+Hills+CA+95762-9651,12,"August 22, 2025",1,"4805 Golden Foothill Pkwy. El Dorado Hills, CA 95762-9651","July 1, 1980",(530) 869-1256,No,Summitview Academy,"4805 Golden Foothill Pkwy. El Dorado Hills, CA 95762-9651",K-12 Schools (Private),Link to CDE Private School Data page,https://www.cde.ca.gov/ds/si/ps/,Active,http://summitviewcf.org,http://summitviewcf.org,El Dorado Union High,Summitview Academy,K-12 Schools (Private),Private,Active
07617967079379,No,Contra Costa,https://www.cde.ca.gov/SchoolDirectory/details?cdscode=07617967079379,"[{""info"": ""Stephanie Foster Director stephanie.foster@chancelight.com"", ""email"": ""stephanie.foster@chancelight.com""}, {""info"": ""Lisa Schiesher (Custodian of Records) registrar@chancelight.com"", ""email"": ""registrar@chancelight.com""}]",07 61796 7079379,Contra Costa,Nonpublic Certified School,stephanie.foster@chancelight.com,Information Not Available,https://www.google.com/maps/place/16330+San+Pablo+Ave+San+Pablo+CA+94806-1242,12,"February 13, 2026",K,"16330 San Pablo Ave San Pablo, CA 94806-1242","July 1, 1980",(510) 724-4494,No,Spectrum Center Tara Hills Campus,"16330 San Pablo Ave San Pablo, CA 94806-1242",Ungraded Schools (Private),Link to CDE Private School Data page,https://www.cde.ca.gov/ds/si/ps/,Active,www.spectrumschools.com,http://www.spectrumschools.com,West Contra Costa Unified,Spectrum Center Tara Hills Campus,Ungraded Schools (Private),Private,Active
09618386157952,No,El Dorado,https://www.cde.ca.gov/SchoolDirectory/details?cdscode=09618386157952,"[{""info"": ""Ms. Brooke Warren Director bwarren@pointquested.com"", ""email"": ""bwarren@pointquested.com""}, {""info"": ""Pashoua Shee Thao (Custodian of Records) sthao@pointquested.com"", ""email"": ""sthao@pointquested.com""}]",09 61838 6157952,El Dorado,Nonpublic Certified School,BWarren@pointquested.com,(916) 422-0160,https://www.google.com/maps/place/4900+Windplay+Dr.+El+Dorado+Hills+CA+95762-9653,12,"September 25, 2025",K,"4900 Windplay Dr. El Dorado Hills, CA 95762-9653","March 14, 2019",(916) 422-0571,No,Point Quest Education - El Dorado Hills,"4900 Windplay Dr. El Dorado Hills, CA 95762-9653",K-12 Schools (Private),Link to CDE Private School Data page,https://www.cde.ca.gov/ds/si/ps/,Active,http://pointquestgroup.com,https://pointquestgroup.com,Buckeye Union Elementary,Point Quest Education - El Dorado Hills,K-12 Schools (Private),Private,Active
07617960128843,No,Contra Costa,https://www.cde.ca.gov/SchoolDirectory/details?cdscode=07617960128843,"[{""info"": ""Ms. Tannea Nelson Director tannea_nelson@senecacenter.org"", ""email"": ""tannea_nelson@senecacenter.org""}, {""info"": ""Ms. Tannea Nelson (Custodian of Records) tannea_nelson@senecacenter.org"", ""email"": ""tannea_nelson@senecacenter.org""}]",07 61796 0128843,Contra Costa,Nonpublic Certified School,schools@senecacenter.org,(510) 317-1426,https://www.google.com/maps/place/1060+Manor+Rd.+El+Sobrante+CA+94803-1336,12,"October 8, 2025",2,"1060 Manor Rd. El Sobrante, CA 94803-1336","August 20, 2013",(510) 300-6350,No,Seneca Family of Agencies - Catalyst Academy,"1060 Manor Rd. El Sobrante, CA 94803-1336",K-12 Schools (Private),Link to CDE Private School Data page,https://www.cde.ca.gov/ds/si/ps/,Active,http://sites.google.com/senecanps.school/catalyst-academy/home,https://sites.google.com/senecanps.school/catalyst-academy/home,West Contra Costa Unified,Seneca Family of Agencies - Catalyst Academy,K-12 Schools (Private),Private,Active
09618530131300,No,El Dorado,https://www.cde.ca.gov/SchoolDirectory/details?cdscode=09618530131300,"[{""info"": ""Michelle Wagner Administrator mwagner@oppacres.com"", ""email"": ""mwagner@oppacres.com""}, {""info"": ""Mrs. Amanda Laguna (Custodian of Records) alaguna@oppacres.com"", ""email"": ""alaguna@oppacres.com""}]",09 61853 0131300,El Dorado,Nonpublic Certified School,alaguna@oppacres.com,Information Not Available,https://www.google.com/maps/place/7315+S+Shingle+Rd+Shingle+Springs+CA+95682-9731,12,"August 8, 2025",6,"7315 S Shingle Rd Shingle Springs, CA 95682-9731","August 20, 2014",(530) 672-9462,No,Opportunity Acres dba Independent Trails,"7315 S Shingle Rd Shingle Springs, CA 95682-9731",High Schools (Private),Link to CDE Private School Data page,https://www.cde.ca.gov/ds/si/ps/,Active,www.oppacres.com/,https://www.oppacres.com/,El Dorado Union High,Opportunity Acres dba Independent Trails,High Schools (Private),Private,Active
07617967012172,No,Contra Costa,https://www.cde.ca.gov/SchoolDirectory/details?cdscode=07617967012172,"[{""info"": ""Jennifer Nunez Administrator jennifer@lacheim.org"", ""email"": ""jennifer@lacheim.org""}, {""info"": ""Jennifer Nunez (Custodian of Records) jennifer@lacheim.org"", ""email"": ""jennifer@lacheim.org""}]",07 61796 7012172,Contra Costa,Nonpublic Certified School,jennifer@lacheim.org,(510) 243-5293,https://www.google.com/maps/place/4892+San+Pablo+Dam+Rd+El+Sobrante+CA+94803-3222,12,"April 4, 2025",6,"4892 San Pablo Dam Rd El Sobrante, CA 94803-3222","July 1, 1980",(510) 243-2360,No,"La Cheim School, El Sobrante","4892 San Pablo Dam Rd El Sobrante, CA 94803-3222",K-12 Schools (Private),Link to CDE Private School Data page,https://www.cde.ca.gov/ds/si/ps/,Active,http://lacheim.org,http://lacheim.org,West Contra Costa Unified,"La Cheim School, El Sobrante",K-12 Schools (Private),Private,Active
10621176169155,No,Fresno,https://www.cde.ca.gov/SchoolDirectory/details?cdscode=10621176169155,"[{""info"": ""Michelle Dove Administrator michelle.dove@chancelight.com"", ""email"": ""michelle.dove@chancelight.com""}, {""info"": ""Arman Sheffey (Custodian of Records) registrar@chancelight.com"", ""email"": ""registrar@chancelight.com""}]",10 62117 6169155,Fresno,Nonpublic Certified School,michelle.dove@chancelight.com,Information Not Available,https://www.google.com/maps/place/30+W+Shaw+Ave.+Clovis+CA+93612-3731,12,"December 23, 2025",K,"30 W Shaw Ave. Clovis, CA 93612-3731","January 17, 2024",(559) 691-4909,No,Spectrum Center Clovis,"30 W Shaw Ave. Clovis, CA 93612-3731",K-12 Schools (Private),Link to CDE Private School Data page,https://www.cde.ca.gov/ds/si/ps/,Active,www.chancelight.com,http://www.chancelight.com,Clovis Unified,Spectrum Center Clovis,K-12 Schools (Private),Private,Active
10621660129700,No,Fresno,https://www.cde.ca.gov/SchoolDirectory/details?cdscode=10621660129700,"[{""info"": ""Ms. Marlina Medina Administrator marlina.medina@creative-alternatives.org"", ""email"": ""marlina.medina@creative-alternatives.org""}, {""info"": ""Ms. Marcella Medina (Custodian of Records) marcella.medina@creative-alternatives.org"", ""email"": ""marcella.medina@creative-alternatives.org""}]",10 62166 0129700,Fresno,Nonpublic Certified School,marlina.medina@creative-alternatives.org,(559) 385-7406,https://www.google.com/maps/place/4460+E.+Yale+Fresno+CA+93703-2642,12,"September 16, 2025",K,"4460 E. Yale Fresno, CA 93703-2642","May 8, 2014",(559) 385-7404,No,Creative Alternative School,"4460 E. Yale Fresno, CA 93703-2642",K-12 Schools (Private),Link to CDE Private School Data page,https://www.cde.ca.gov/ds/si/ps/,Active,www.creative-alternatives.org/non-public-schools/,https://www.creative-alternatives.org/non-public-schools/,Fresno Unified,Creative Alternative School,K-12 Schools (Private),Private,Active
15633626200216,No,Kern,https://www.cde.ca.gov/SchoolDirectory/details?cdscode=15633626200216,"[{""info"": ""Ms. Sarah Weir Administrator sweir@autism-vac.org"", ""email"": ""sweir@autism-vac.org""}, {""info"": ""Mr. Alfred Buendia (Custodian of Records) abuendia@autism-vac.org"", ""email"": ""abuendia@autism-vac.org""}]",15 63362 6200216,Kern,Nonpublic Certified School,abuendia@autism-vac.org,(661) 834-8672,https://www.google.com/maps/place/7300+Ming+Ave+Bakersfield+CA+93309-3492,12,"November 26, 2024",K,"7300 Ming Ave Bakersfield, CA 93309-3492","August 12, 2004",(661) 834-8670,No,Valley Achievement Center,"7300 Ming Ave Bakersfield, CA 93309-3492",K-12 Schools (Private),Link to CDE Private School Data page,https://www.cde.ca.gov/ds/si/ps/,Active,Information Not Available,,Panama-Buena Vista Union,Valley Achievement Center,K-12 Schools (Private),Private,Active
10621666158893,No,Fresno,https://www.cde.ca.gov/SchoolDirectory/details?cdscode=10621666158893,"[{""info"": ""Mr. Benjamin Clement Administrator benjamin.clement@thelearnacademy.com"", ""email"": ""benjamin.clement@thelearnacademy.com""}, {""info"": ""Leticia Holliday (Custodian of Records) Leticia.holliday@learnbehavioral.com"", ""email"": ""Leticia.holliday@learnbehavioral.com""}]",10 62166 6158893,Fresno,Nonpublic Certified School,benjamin.clement@thelearnacademy.com,Information Not Available,https://www.google.com/maps/place/3355+E.+Shields+Ave.+Fresno+CA+93726-6906,12,"August 6, 2025",K,"3355 E. Shields Ave. Fresno, CA 93726-6906","August 26, 2019",(559) 374-2290,No,"Learn Academy, Fresno","3355 E. Shields Ave. Fresno, CA 93726-6906",K-12 Schools (Private),Link to CDE Private School Data page,https://www.cde.ca.gov/ds/si/ps/,Active,www.thelearnacademy.com,http://www.thelearnacademy.com,Fresno Unified,"Learn Academy, Fresno",K-12 Schools (Private),Private,Active
15737426167753,No,Kern,https://www.cde.ca.gov/SchoolDirectory/details?cdscode=15737426167753,"[{""info"": ""Brian Tollette Director btollette@chancelight.com"", ""email"": ""btollette@chancelight.com""}, {""info"": ""Brian Tollette (Custodian of Records) registrar@chancelight.com"", ""email"": ""registrar@chancelight.com""}]",15 73742 6167753,Kern,Nonpublic Certified School,btollette@chancelight.com,Information Not Available,https://www.google.com/maps/place/340+W+Church+Ave.+Ridgecrest+CA+93555-4605,8,"August 9, 2025",K,"340 W Church Ave. Ridgecrest, CA 93555-4605","August 14, 2023",(442) 966-9395,No,Spectrum Center Sierra Sands,"340 W Church Ave. Ridgecrest, CA 93555-4605",Elementary School (Private),Link to CDE Private School Data page,https://www.cde.ca.gov/ds/si/ps/,Active,www.chancelight.com,http://www.chancelight.com,Sierra Sands Unified,Spectrum Center Sierra Sands,Elementary School (Private),Private,Active
19757136159099,No,Los Angeles,https://www.cde.ca.gov/SchoolDirectory/details?cdscode=19757136159099,"[{""info"": ""Mrs. Stephanie Helguera Director stephanie.helguera@sesischools.com"", ""email"": ""stephanie.helguera@sesischools.com""}, {""info"": ""Tina Crivelli (Custodian of Records) tina.crivelli@catapultlearning.com"", ""email"": ""tina.crivelli@catapultlearning.com""}]",19 75713 6159099,Los Angeles,Nonpublic Certified School,stephanie.helguera@sesischools.com,(626) 284-8176,https://www.google.com/maps/place/9+N+Almansor+St.+Alhambra+CA+91801-2616,12,"August 26, 2025",K,"9 N Almansor St. Alhambra, CA 91801-2616","September 18, 2019",(626) 308-4521,No,Sierra School of Alhambra,"9 N Almansor St. Alhambra, CA 91801-2616",K-12 Schools (Private),Link to CDE Private School Data page,https://www.cde.ca.gov/ds/si/ps/,Active,http://sesischools.com,http://sesischools.com,Alhambra Unified,Sierra School of Alhambra,K-12 Schools (Private),Private,Active
19643297081268,No,Los Angeles,https://www.cde.ca.gov/SchoolDirectory/details?cdscode=19643297081268,"[{""info"": ""Ms. Julia Mishlove Principal mishlovej@mckinleycc.org"", ""email"": ""mishlovej@mckinleycc.org""}, {""info"": ""Ms. Victoria Amaya (Custodian of Records) amayav@mckinleycc.org"", ""email"": ""amayav@mckinleycc.org""}]",19 64329 7081268,Los Angeles,Nonpublic Certified School,debellisn@mckinleycc.org,(909) 592-4384,https://www.google.com/maps/place/762+West+Cypress+St.+San+Dimas+CA+91773-3505,12,"February 23, 2026",K,"762 West Cypress St. San Dimas, CA 91773-3505","July 1, 1980",(909) 670-1597,No,Canyon View School,"762 West Cypress St. San Dimas, CA 91773-3505",K-12 Schools (Private),Link to CDE Private School Data page,https://www.cde.ca.gov/ds/si/ps/,Active,www.mckinleycc.org/services/schoolprograms/,https://www.mckinleycc.org/services/schoolprograms/,Bonita Unified,Canyon View School,K-12 Schools (Private),Private,Active
19643297077811,No,Los Angeles,https://www.cde.ca.gov/SchoolDirectory/details?cdscode=19643297077811,"[{""info"": ""Ms. Amy Humphrey Executive Director ahumphrey@leroyhaynes.org"", ""email"": ""ahumphrey@leroyhaynes.org""}, {""info"": ""Mrs. Tiffany Burg (Custodian of Records) tburg@leroyhaynes.org"", ""email"": ""tburg@leroyhaynes.org""}]",19 64329 7077811,Los Angeles,Nonpublic Certified School,ahumphrey@leroyhaynes.org,(909) 593-6224,https://www.google.com/maps/place/233+West+Baseline+Rd.+La+Verne+CA+91750-2353,12,"December 2, 2025",1,"233 West Baseline Rd. La Verne, CA 91750-2353","July 1, 1980",(909) 593-2581 Ext. 277,No,Haynes Family of Programs dba Bliss Academy,"233 West Baseline Rd. La Verne, CA 91750-2353",K-12 Schools (Private),Link to CDE Private School Data page,https://www.cde.ca.gov/ds/si/ps/,Active,www.Leroyhaynes.org,http://www.Leroyhaynes.org,Bonita Unified,Haynes Family of Programs dba Bliss Academy,K-12 Schools (Private),Private,Active
19643297066079,No,Los Angeles,https://www.cde.ca.gov/SchoolDirectory/details?cdscode=19643297066079,"[{""info"": ""Monica Kirk Director mkirk@leroyhaynes.org"", ""email"": ""mkirk@leroyhaynes.org""}, {""info"": ""Claudia Enriquez (Custodian of Records) cenriquez@leroyhaynes.org"", ""email"": ""cenriquez@leroyhaynes.org""}]",19 64329 7066079,Los Angeles,Nonpublic Certified School,mkirk@leroyhaynes.org,(909) 267-3496,https://www.google.com/maps/place/1350+Third+St.+La+Verne+CA+91750-5201,12,"November 5, 2025",1,"1350 Third St. La Verne, CA 91750-5201","July 1, 1980",(909) 596-3173 Ext. 3316,No,Joan Macy School,"1350 Third St. La Verne, CA 91750-5201",K-12 Schools (Private),Link to CDE Private School Data page,https://www.cde.ca.gov/ds/si/ps/,Active,www.leroyhaynes.org,http://www.leroyhaynes.org,Bonita Unified,Joan Macy School,K-12 Schools (Private),Private,Active
19734376934723,No,Los Angeles,https://www.cde.ca.gov/SchoolDirectory/details?cdscode=19734376934723,"[{""info"": ""Mrs. Mary Martin Director lois.martin@ekomulti.com"", ""email"": ""lois.martin@ekomulti.com""}, {""info"": ""Mrs. Lois Martin (Custodian of Records) lois.martin@ekomulti.com"", ""email"": ""lois.martin@ekomulti.com""}]",19 73437 6934723,Los Angeles,Nonpublic Certified School,lois.martin@ekomulti.com,(310) 537-9988,https://www.google.com/maps/place/403+South+Santa+Fe+Ave.+Compton+CA+90224-3243,12,"October 24, 2025",K,"403 South Santa Fe Ave. Compton, CA 90224-3243","July 1, 1980",(310) 537-9083,No,Eko Multi-Purpose Center,"403 South Santa Fe Ave. Compton, CA 90224-3243",K-12 Schools (Private),Link to CDE Private School Data page,https://www.cde.ca.gov/ds/si/ps/,Active,http://ekomultipurpose.org,http://ekomultipurpose.org,Compton Unified,Eko Multi-Purpose Center,K-12 Schools (Private),Private,Active
19734370129502,No,Los Angeles,https://www.cde.ca.gov/SchoolDirectory/details?cdscode=19734370129502,"[{""info"": ""Kimberly Johnson-Thomas Administrator Kjohnsonthomas@epiphanynps.org"", ""email"": ""Kjohnsonthomas@epiphanynps.org""}, {""info"": ""Brenda Jimenez (Custodian of Records) Bjimenez@epiphanyacademy.org"", ""email"": ""Bjimenez@epiphanyacademy.org""}]",19 73437 0129502,Los Angeles,Nonpublic Certified School,Staff@epiphanyacademy.org,(310) 742-0242,https://www.google.com/maps/place/302+North+Long+Beach+Blvd.+Compton+CA+90221-2869,12,"August 20, 2025",5,"302 North Long Beach Blvd. Compton, CA 90221-2869","March 1, 2014",(310) 885-1469,No,Epiphany Academy,"302 North Long Beach Blvd. Compton, CA 90221-2869",High Schools (Private),Link to CDE Private School Data page,https://www.cde.ca.gov/ds/si/ps/,Active,Information Not Available,,Compton Unified,Epiphany Academy,High Schools (Private),Private,Active
19644446934715,No,Los Angeles,https://www.cde.ca.gov/SchoolDirectory/details?cdscode=19644446934715,"[{""info"": ""Dr. Caprice Wade Director cwade@ecf.net"", ""email"": ""cwade@ecf.net""}, {""info"": ""Iris Salinas (Custodian of Records) isalinas@ecf.net"", ""email"": ""isalinas@ecf.net""}]",19 64444 6934715,Los Angeles,Nonpublic Certified School,cwade@ecf.net,(310) 737-9684,https://www.google.com/maps/place/5350+Machado+Rd.+Culver+City+CA+90230-0230,12,"August 15, 2025",K,"5350 Machado Rd. Culver City, CA 90230-0230","July 1, 1980",(310) 737-9393,No,ECF Kayne Eras Center,"5350 Machado Rd. Culver City, CA 90230-0230",K-12 Schools (Private),Link to CDE Private School Data page,https://www.cde.ca.gov/ds/si/ps/,Active,http://ecf.net,http://ecf.net,Culver City Unified,ECF Kayne Eras Center,K-12 Schools (Private),Private,Active
19644446926638,No,Los Angeles,https://www.cde.ca.gov/SchoolDirectory/details?cdscode=19644446926638,"[{""info"": ""Douglas Gardner Administrator dgardner@echohorizon.org"", ""email"": ""dgardner@echohorizon.org""}, {""info"": ""Regina Gusman (Custodian of Records) rgusman@echohorizon.org"", ""email"": ""rgusman@echohorizon.org""}]",19 64444 6926638,Los Angeles,Nonpublic Certified School,dgardner@echohorizon.org,Information Not Available,https://www.google.com/maps/place/3430+McManus+Ave.+Culver+City+CA+90232-7407,6,"August 8, 2025",K,"3430 McManus Ave. Culver City, CA 90232-7407","July 1, 1980",(310) 838-2442,No,Echo Horizon School,"3430 McManus Ave. Culver City, CA 90232-7407",Elementary School (Private),Link to CDE Private School Data page,https://www.cde.ca.gov/ds/si/ps/,Active,www.echohorizon.org,http://www.echohorizon.org,Culver City Unified,Echo Horizon School,Elementary School (Private),Private,Active
19644447102890,No,Los Angeles,https://www.cde.ca.gov/SchoolDirectory/details?cdscode=19644447102890,"[{""info"": ""Ms. Sheila Zaft Principal szaft@summitview.org"", ""email"": ""szaft@summitview.org""}, {""info"": ""Ms. Pamela Clark (Custodian of Records) pclark@thehelpgroup.org"", ""email"": ""pclark@thehelpgroup.org""}]",19 64444 7102890,Los Angeles,Nonpublic Certified School,szaft@summitview.org,(310) 397-4417,https://www.google.com/maps/place/12101+W.+Washington+Blvd+Los+Angeles+CA+90066-5501,12,"August 25, 2025",3,"12101 W. Washington Blvd Los Angeles, CA 90066-5501","July 1, 1980",(310) 751-1100,No,Summit View–Westside,"12101 W. Washington Blvd Los Angeles, CA 90066-5501",K-12 Schools (Private),Link to CDE Private School Data page,https://www.cde.ca.gov/ds/si/ps/,Active,www.summitview.org,http://www.summitview.org,Culver City Unified,Summit View–Westside,K-12 Schools (Private),Private,Active
19644770125476,No,Los Angeles,https://www.cde.ca.gov/SchoolDirectory/details?cdscode=19644770125476,"[{""info"": ""Brianne Ciarloni Administrator bciarloni@autismacademy.org"", ""email"": ""bciarloni@autismacademy.org""}, {""info"": ""Ms. Leslie Michelle (Custodian of Records) lmichelle@autismacademy.org"", ""email"": ""lmichelle@autismacademy.org""}]",19 64477 0125476,Los Angeles,Nonpublic Certified School,bciarloni@autismacademy.org,(661) 946-1234,https://www.google.com/maps/place/6742+East+Ave+H+Lancaster+CA+93535-7849,12,"October 13, 2025",K,"21606 Devonshire Bl Po Box 5049 Chatsworth, CA 91311","December 1, 2011",(661) 946-1234,No,Academy for Advancement of Children with Autism - AV,"6742 East Ave H Lancaster, CA 93535-7849",K-12 Schools (Private),Link to CDE Private School Data page,https://www.cde.ca.gov/ds/si/ps/,Active,http://autismacademy.org,http://autismacademy.org,Eastside Union Elementary,Academy for Advancement of Children with Autism - AV,K-12 Schools (Private),Private,Active
19645687096662,No,Los Angeles,https://www.cde.ca.gov/SchoolDirectory/details?cdscode=19645687096662,"[{""info"": ""Dr. Alicia A Elliottt Executive Director aaelliott@elliottinstitute.com"", ""email"": ""aaelliott@elliottinstitute.com""}, {""info"": ""Dr. Nayrie Tarpinian (Custodian of Records) ntarpinian@elliottinstitute.com"", ""email"": ""ntarpinian@elliottinstitute.com""}]",19 64568 7096662,Los Angeles,Nonpublic Certified School,lrangel@elliottinstitute.com,(818) 236-2670,https://www.google.com/maps/place/2506+Foothill+Blvd+La+Crescenta+CA+91214-3506,12,"February 4, 2026",K,"2506 Foothill Blvd La Crescenta, CA 91214-3506","July 1, 1980",(818) 236-3603,No,Elliott Institute,"2506 Foothill Blvd La Crescenta, CA 91214-3506",Elementary School (Private),Link to CDE Private School Data page,https://www.cde.ca.gov/ds/si/ps/,Active,www.draliciaelliott.com,http://www.draliciaelliott.com,Glendale Unified,Elliott Institute,Elementary School (Private),Private,Active
19734450141887,No,Los Angeles,https://www.cde.ca.gov/SchoolDirectory/details?cdscode=19734450141887,"[{""info"": ""Christopher Docazal Principal (626) 626-6445 cdocazal@progresslearningcenter.org"", ""email"": ""cdocazal@progresslearningcenter.org""}, {""info"": ""Mr. Christopher Docazal (Custodian of Records) cdocazal@progresslearningcenter.org"", ""email"": ""cdocazal@progresslearningcenter.org""}]",19 73445 0141887,Los Angeles,Nonpublic Certified School,info@progresslearningcenter.org,Information Not Available,https://www.google.com/maps/place/1363+N.+Hacienda+Blvd+La+Puente+CA+91744-1600,12,"August 7, 2025",K,"1363 N. Hacienda Blvd La Puente, CA 91744-1600","September 1, 2022",(626) 626-6445,No,Progress Learning Center,"1363 N. Hacienda Blvd La Puente, CA 91744-1600",K-12 Schools (Private),Link to CDE Private School Data page,https://www.cde.ca.gov/ds/si/ps/,Active,Information Not Available,,Hacienda la Puente Unified,Progress Learning Center,K-12 Schools (Private),Private,Active
19647250134882,No,Los Angeles,https://www.cde.ca.gov/SchoolDirectory/details?cdscode=19647250134882,"[{""info"": ""Mr. DeWayne Feenstra Director dewayne.feenstra@chancelight.com"", ""email"": ""dewayne.feenstra@chancelight.com""}, {""info"": ""Mr. Dewayne Feenstra (Custodian of Records) registrar@chancelight.com"", ""email"": ""registrar@chancelight.com""}]",19 64725 0134882,Los Angeles,Nonpublic Certified School,dewayne.feenstra@chancelight.com,(510) 741-2775,https://www.google.com/maps/place/4400+Briercrest+Ave+Lakewood+CA+90713-2512,12,"August 19, 2025",9,"4400 Briercrest Ave Lakewood, CA 90713-2512","August 23, 2016",(562) 642-5100,No,Spectrum Center Schools-Lakewood High School,"4400 Briercrest Ave Lakewood, CA 90713-2512",High Schools (Private),Link to CDE Private School Data page,https://www.cde.ca.gov/ds/si/ps/,Active,http://spectrumschools.com,http://spectrumschools.com,Long Beach Unified,Spectrum Center Schools-Lakewood High School,High Schools (Private),Private,Active
19646596934921,No,Los Angeles,https://www.cde.ca.gov/SchoolDirectory/details?cdscode=19646596934921,"[{""info"": ""Mr. Joao Cortez Principal cortez@hillsidelc.org"", ""email"": ""cortez@hillsidelc.org""}, {""info"": ""Ms. Cyndi Hatcher (Custodian of Records) hatcher@hillsidelc.org"", ""email"": ""hatcher@hillsidelc.org""}]",19 64659 6934921,Los Angeles,Nonpublic Certified School,hatcher@hillsidelc.org,(818) 790-4225,https://www.google.com/maps/place/4331+Oak+Grove+Dr.+La+Canada+CA+91011-3707,12,"August 15, 2025",6,"4331 Oak Grove Dr. La Canada, CA 91011-3707","July 1, 1980",(818) 790-3044,No,Hillside School and Learning Center,"4331 Oak Grove Dr. La Canada, CA 91011-3707",K-12 Schools (Private),Link to CDE Private School Data page,https://www.cde.ca.gov/ds/si/ps/,Active,www.hillsideforsuccess.org,http://www.hillsideforsuccess.org,La Canada Unified,Hillside School and Learning Center,K-12 Schools (Private),Private,Active
19646347022510,No,Los Angeles,https://www.cde.ca.gov/SchoolDirectory/details?cdscode=19646347022510,"[{""info"": ""Mr. Ray Lewkow Administrator ray.lewkow@slausonlearningcenter.com"", ""email"": ""ray.lewkow@slausonlearningcenter.com""}, {""info"": ""Evelyn Wright (Custodian of Records) evelyn.wright@slausonlearningcenter.com"", ""email"": ""evelyn.wright@slausonlearningcenter.com""}]",19 64634 7022510,Los Angeles,Nonpublic Certified School,ray.lewkow@slausonlearningcenter.com,(310) 412-2952,https://www.google.com/maps/place/260+North+Locust+St.+Inglewood+CA+90301-1204,9,"October 17, 2025",K,"260 North Locust St. Inglewood, CA 90301-1204","July 1, 1980",(310) 412-0520,No,"Slauson Learning Center, No. 2","260 North Locust St. Inglewood, CA 90301-1204",K-12 Schools (Private),Link to CDE Private School Data page,https://www.cde.ca.gov/ds/si/ps/,Active,Information Not Available,,Inglewood Unified,"Slauson Learning Center, No. 2",K-12 Schools (Private),Private,Active
19647336167324,No,Los Angeles,https://www.cde.ca.gov/SchoolDirectory/details?cdscode=19647336167324,"[{""info"": ""Ms. Lori Strickland Administrator lstrickland@autismacademy.org"", ""email"": ""lstrickland@autismacademy.org""}, {""info"": ""Dr. Leslie Bernstein (Custodian of Records) Lmichelle@autismacademy.org"", ""email"": ""Lmichelle@autismacademy.org""}]",19 64733 6167324,Los Angeles,Nonpublic Certified School,Lmichelle@autismacademy.org,(818) 882-0206,https://www.google.com/maps/place/22280+Devonshire+St.+Chatsworth+CA+91311-2736,12,"October 8, 2025",K,"22280 Devonshire St. Chatsworth, CA 91311-2736","May 31, 2023",(818) 882-0200,No,Academy for Advancement of Children With Autism,"22280 Devonshire St. Chatsworth, CA 91311-2736",K-12 Schools (Private),Link to CDE Private School Data page,https://www.cde.ca.gov/ds/si/ps/,Active,www.autismacademy.org,http://www.autismacademy.org,Los Angeles Unified,Academy for Advancement of Children With Autism,K-12 Schools (Private),Private,Active
19647336205355,No,Los Angeles,https://www.cde.ca.gov/SchoolDirectory/details?cdscode=19647336205355,"[{""info"": ""Sue Anne Kaples Head of School skaples@thehelpgroup.org"", ""email"": ""skaples@thehelpgroup.org""}, {""info"": ""Mrs. Elena Brewer (Custodian of Records) ebrewer@thehelpgroup.org"", ""email"": ""ebrewer@thehelpgroup.org""}]",19 64733 6205355,Los Angeles,Nonpublic Certified School,pclark@thehelpgroup.org,(818) 785-3632,https://www.google.com/maps/place/13130+Burbank+Blvd.+Sherman+Oaks+CA+91401-6037,12,"August 25, 2025",3,"13130 Burbank Blvd. Sherman Oaks, CA 91401-6037","May 24, 2005",(818) 781-0360,No,Bridgeport,"13130 Burbank Blvd. Sherman Oaks, CA 91401-6037",K-12 Schools (Private),Link to CDE Private School Data page,https://www.cde.ca.gov/ds/si/ps/,Active,www.thehelpgroup.org,http://www.thehelpgroup.org,Los Angeles Unified,Bridgeport,K-12 Schools (Private),Private,Active
19647336157440,No,Los Angeles,https://www.cde.ca.gov/SchoolDirectory/details?cdscode=19647336157440,"[{""info"": ""Ms. Claudia Lujan Principal clujan@thehelpgroup.org"", ""email"": ""clujan@thehelpgroup.org""}, {""info"": ""Miss Pamela Clark (Custodian of Records) pclark@thehelpgroup.org"", ""email"": ""pclark@thehelpgroup.org""}]",19 64733 6157440,Los Angeles,Nonpublic Certified School,clujan@thehelpgroup.org,Information Not Available,https://www.google.com/maps/place/4160+Grandview+Blvd.+Los+Angeles+CA+90066-5214,12,"November 26, 2024",K,"4160 Grandview Blvd Los Angeles, CA 90066","March 4, 2019",(310) 751-1100,No,Bridgeport West School,"4160 Grandview Blvd. Los Angeles, CA 90066-5214",K-12 Schools (Private),Link to CDE Private School Data page,https://www.cde.ca.gov/ds/si/ps/,Active,www.thehelpgroup.org,http://www.thehelpgroup.org,Los Angeles Unified,Bridgeport West School,K-12 Schools (Private),Private,Active
19647337094428,No,Los Angeles,https://www.cde.ca.gov/SchoolDirectory/details?cdscode=19647337094428,"[{""info"": ""Mrs. Maria Davis Administrator maria.davis@carouselschool.com"", ""email"": ""maria.davis@carouselschool.com""}, {""info"": ""Mrs. Ann Solamo-Guzman (Custodian of Records) ann.guzman@carouselschool.com"", ""email"": ""ann.guzman@carouselschool.com""}]",19 64733 7094428,Los Angeles,Nonpublic Certified School,ann.guzman@carouselschool.com,(310) 645-4201,https://www.google.com/maps/place/7899+La+Tijera+Blvd+Los+Angeles+CA+90045-3145,12,"February 2, 2026",K,"7899 La Tijera Blvd Los Angeles, CA 90045-3145","July 1, 1980",(310) 645-9222,No,Carousel,"7899 La Tijera Blvd Los Angeles, CA 90045-3145",K-12 Schools (Private),Link to CDE Private School Data page,https://www.cde.ca.gov/ds/si/ps/,Active,www.carouselschool.com,http://www.carouselschool.com,Los Angeles Unified,Carousel,K-12 Schools (Private),Private,Active
19647336906374,No,Los Angeles,https://www.cde.ca.gov/SchoolDirectory/details?cdscode=19647336906374,"[{""info"": ""Ms. Janet Upjohn Director janet.upjohn@cheerfulhelpers.org"", ""email"": ""janet.upjohn@cheerfulhelpers.org""}, {""info"": ""Ms. Reyna Alvarez (Custodian of Records) reyna.alvarez@cheerfulhelpers.org"", ""email"": ""reyna.alvarez@cheerfulhelpers.org""}]",19 64733 6906374,Los Angeles,Nonpublic Certified School,janet.upjohn@cheerfulhelpers.org,(213) 387-7312,https://www.google.com/maps/place/1986+W.+Jefferson+Los+Angeles+CA+90018-3416,1,"September 8, 2025",K,"1986 W. Jefferson Los Angeles, CA 90018-3416","August 12, 2004",(213) 387-7252,No,Cheerful Helpers Child and Family Study Center,"1986 W. Jefferson Los Angeles, CA 90018-3416",Elementary School (Private),Link to CDE Private School Data page,https://www.cde.ca.gov/ds/si/ps/,Active,www.cheerfulhelpers.org,http://www.cheerfulhelpers.org,Los Angeles Unified,Cheerful Helpers Child and Family Study Center,Elementary School (Private),Private,Active
19647337043045,No,Los Angeles,https://www.cde.ca.gov/SchoolDirectory/details?cdscode=19647337043045,"[{""info"": ""Mr. Shawn Welch Director shawn.welch@dubnoffschool.com"", ""email"": ""shawn.welch@dubnoffschool.com""}, {""info"": ""Ms. Ann Dumilon (Custodian of Records) ann.dumilon@valleyhs.com"", ""email"": ""ann.dumilon@valleyhs.com""}]",19 64733 7043045,Los Angeles,Nonpublic Certified School,shawn.welch@dubnoffschool.com,(818) 893-0202,https://www.google.com/maps/place/18200+Rinaldi+Pl.+Northridge+CA+91326-2551,12,"October 6, 2025",6,"18200 Rinaldi Pl. Northridge, CA 91326-2551","July 1, 1980",(818) 893-4750,No,Dubnoff School,"18200 Rinaldi Pl. Northridge, CA 91326-2551",K-12 Schools (Private),Link to CDE Private School Data page,https://www.cde.ca.gov/ds/si/ps/,Active,www.dubnoffschool.org,http://www.dubnoffschool.org,Los Angeles Unified,Dubnoff School,K-12 Schools (Private),Private,Active
19647336909006,No,Los Angeles,https://www.cde.ca.gov/SchoolDirectory/details?cdscode=19647336909006,"[{""info"": ""Mr. Ray Richard Principal ray.richard@hawthorneacademy.com"", ""email"": ""ray.richard@hawthorneacademy.com""}, {""info"": ""Ms. Kimberly Esparza (Custodian of Records) kesparza@hawthorneacademy.com"", ""email"": ""kesparza@hawthorneacademy.com""}]",19 64733 6909006,Los Angeles,Nonpublic Certified School,ray.richard@hawthorneacademy.com,(310) 644-8910,https://www.google.com/maps/place/2506+West+Imperial+Hwy.+Hawthorne+CA+90250-1953,12,"October 7, 2025",5,"2506 West Imperial Hwy. Hawthorne, CA 90250-1953","July 1, 1980",(310) 644-8841,No,Hawthorne Academy,"2506 West Imperial Hwy. Hawthorne, CA 90250-1953",K-12 Schools (Private),Link to CDE Private School Data page,https://www.cde.ca.gov/ds/si/ps/,Active,www.hawthorneacademynps.com,http://www.hawthorneacademynps.com,Los Angeles Unified,Hawthorne Academy,K-12 Schools (Private),Private,Active
19647336130504,No,Los Angeles,https://www.cde.ca.gov/SchoolDirectory/details?cdscode=19647336130504,"[{""info"": ""Pam Clark Principal""}, {""info"": ""Miss Gabrielle Cohen (Custodian of Records) gcohen@thehelpgroup.org"", ""email"": ""gcohen@thehelpgroup.org""}]",19 64733 6130504,Los Angeles,Nonpublic Certified School,Information Not Available,Information Not Available,https://www.google.com/maps/place/13164+Burbank+Blvd.+Sherman+Oaks+CA+91401-6037,K,"November 30, 2018",P,"13164 Burbank Blvd. Sherman Oaks, CA 91401-6037","May 27, 2005",(818) 779-5189,No,HELP Group - Young Learners Preschool,"13164 Burbank Blvd. Sherman Oaks, CA 91401-6037",Elementary School (Private),Link to CDE Private School Data page,https://www.cde.ca.gov/ds/si/ps/,Active,Information Not Available,,Los Angeles Unified,HELP Group - Young Learners Preschool,Elementary School (Private),Private,Active
19647330128850,No,Los Angeles,https://www.cde.ca.gov/SchoolDirectory/details?cdscode=19647330128850,"[{""info"": ""Bridgette Klaus Chief Program Officer (213) 748-5481 Ext. 250 bklaus@jtc.org"", ""email"": ""bklaus@jtc.org""}, {""info"": ""Ms. Cecilia Vanin (Custodian of Records) cvanin@jtc.org"", ""email"": ""cvanin@jtc.org""}]",19 64733 0128850,Los Angeles,Nonpublic Certified School,bklaus@jtc.org,(213) 749-1651,https://www.google.com/maps/place/2160+West+Adams+Blvd.+Los+Angeles+CA+90018-2039,P,"September 24, 2025",P,"2160 West Adams Blvd. Los Angeles, CA 90018-2039","September 20, 2013",(213) 748-5481 Ext. 250,No,John Tracy Center,"2160 West Adams Blvd. Los Angeles, CA 90018-2039",Kindergartens (Private),Link to CDE Private School Data page,https://www.cde.ca.gov/ds/si/ps/,Active,www.jtc.org,http://www.jtc.org,Los Angeles Unified,John Tracy Center,Kindergartens (Private),Private,Active
19647336170633,No,Los Angeles,https://www.cde.ca.gov/SchoolDirectory/details?cdscode=19647336170633,"[{""info"": ""Ms. Mia Murry Administrator mia.murry@beachcitieslc.com"", ""email"": ""mia.murry@beachcitieslc.com""}, {""info"": ""Ms. Leticia Holliday (Custodian of Records) Leticia.Holliday@learnbehavioral.com"", ""email"": ""Leticia.Holliday@learnbehavioral.com""}]",19 64733 6170633,Los Angeles,Nonpublic Certified School,Thomas.Madden@beachcitieslc.com,Information Not Available,https://www.google.com/maps/place/12312+Venice+Blvd+Los+Angeles+CA+90066,12,"November 14, 2025",9,"12312 Venice Blvd Los Angeles, CA 90066","September 30, 2024",(714) 249-3548,No,Learn Academy Mar Vista,"12312 Venice Blvd Los Angeles, CA 90066",High Schools (Private),Link to CDE Private School Data page,https://www.cde.ca.gov/ds/si/ps/,Active,Information Not Available,,Los Angeles Unified,Learn Academy Mar Vista,High Schools (Private),Private,Active
19647336993604,No,Los Angeles,https://www.cde.ca.gov/SchoolDirectory/details?cdscode=19647336993604,"[{""info"": ""Mrs. Cholanta Finley Administrator c.finley@lcwa.net"", ""email"": ""c.finley@lcwa.net""}, {""info"": ""Mrs. Cholanta Finley (Custodian of Records) c.finley@lcwa.net"", ""email"": ""c.finley@lcwa.net""}]",19 64733 6993604,Los Angeles,Nonpublic Certified School,office@lcwa.net,(800) 524-2690,https://www.google.com/maps/place/3666+7Th+Ave.+Los+Angeles+CA+90018-4106,8,"November 5, 2025",K,"4256 S. Western Ave Los Angeles, CA 90062","July 1, 1980",(323) 293-9775,No,Little Citizens Westside Academy,"3666 7Th Ave. Los Angeles, CA 90018-4106",Elementary School (Private),Link to CDE Private School Data page,https://www.cde.ca.gov/ds/si/ps/,Active,http://lcwaschool.net,http://lcwaschool.net,Los Angeles Unified,Little Citizens Westside Academy,Elementary School (Private),Private,Active
19647337079122,No,Los Angeles,https://www.cde.ca.gov/SchoolDirectory/details?cdscode=19647337079122,"[{""info"": ""Mrs. Angela Moore Site Administrator (323) 732-1212 office@lcwa.net"", ""email"": ""office@lcwa.net""}, {""info"": ""Mrs. Laraine Matsuyama (Custodian of Records) c.finley@lcwa.net"", ""email"": ""c.finley@lcwa.net""}]",19 64733 7079122,Los Angeles,Nonpublic Certified School,office@lcwa.net,(800) 524-8690,https://www.google.com/maps/place/4256+South+Western+Ave.+Los+Angeles+CA+90062-1645,12,"October 6, 2025",K,"4256 South Western Ave. Los Angeles, CA 90062-1645","July 1, 1980",(323) 293-9775,No,Little Citizens Westside Academy #1,"4256 South Western Ave. Los Angeles, CA 90062-1645",K-12 Schools (Private),Link to CDE Private School Data page,https://www.cde.ca.gov/ds/si/ps/,Active,http://lcwaschool.net,http://lcwaschool.net,Los Angeles Unified,Little Citizens Westside Academy #1,K-12 Schools (Private),Private,Active
19647336987523,No,Los Angeles,https://www.cde.ca.gov/SchoolDirectory/details?cdscode=19647336987523,"[{""info"": ""Mr. Gilbert Munoz Director gmunoz@childguidance.org"", ""email"": ""gmunoz@childguidance.org""}, {""info"": ""Mr. Gilbert Munoz (Custodian of Records) gmunoz@childguidance.org"", ""email"": ""gmunoz@childguidance.org""}]",19 64733 6987523,Los Angeles,Nonpublic Certified School,gmunoz@childguidance.org,(818) 739-5393,https://www.google.com/maps/place/9650+Zelzah+Ave.+Northridge+CA+91325-2003,12,"February 2, 2026",9,"9650 Zelzah Ave. Northridge, CA 91325-2003","July 1, 1980",(818) 739-5231,No,Northpoint School and Intensive Outpatient,"9650 Zelzah Ave. Northridge, CA 91325-2003",K-12 Schools (Private),Link to CDE Private School Data page,https://www.cde.ca.gov/ds/si/ps/,Active,www.childguidance.org,http://www.childguidance.org,Los Angeles Unified,Northpoint School and Intensive Outpatient,K-12 Schools (Private),Private,Active
19647336130470,No,Los Angeles,https://www.cde.ca.gov/SchoolDirectory/details?cdscode=19647336130470,"[{""info"": ""Ms. Jennifer Kelley Principal (310) 515-5676 jennifer@pcsnps.com"", ""email"": ""jennifer@pcsnps.com""}, {""info"": ""Mrs. Lawanda Stallworth (Custodian of Records) lawanda.s@pcsnps.com"", ""email"": ""lawanda.s@pcsnps.com""}]",19 64733 6130470,Los Angeles,Nonpublic Certified School,jennifer@pcsnps.com,(424) 233-0803,https://www.google.com/maps/place/17800+S.+Main+St.+Ste.+100+Gardena+CA+90248-3510,12,"September 25, 2025",K,"17800 S. Main St. Ste. 100 Gardena, CA 90248-3510","January 1, 2005",(310) 963-4777,No,Personal Coaching Systems,"17800 S. Main St. Ste. 100 Gardena, CA 90248-3510",K-12 Schools (Private),Link to CDE Private School Data page,https://www.cde.ca.gov/ds/si/ps/,Active,www.personalcoachingsystems.com,http://www.personalcoachingsystems.com,Los Angeles Unified,Personal Coaching Systems,K-12 Schools (Private),Private,Active
19647336914980,No,Los Angeles,https://www.cde.ca.gov/SchoolDirectory/details?cdscode=19647336914980,"[{""info"": ""Mr. Raymond Lewkow Administrator ray.lewkow@slausonlearningcenter.com"", ""email"": ""ray.lewkow@slausonlearningcenter.com""}, {""info"": ""Ms. Evelyn Wright (Custodian of Records) evelyn.wright@slausonlearningcenter.com"", ""email"": ""evelyn.wright@slausonlearningcenter.com""}]",19 64733 6914980,Los Angeles,Nonpublic Certified School,ray.lewkow@slausonlearningcenter.com,(310) 296-4008,"https://www.google.com/maps/place/5816+West+Blvd,+Los+Angeles,+Ca+90043+Los+Angeles+CA+90043",12,"October 18, 2025",8,"260 N. Locust St. Inglewood, CA 90301","July 1, 1980",(310) 720-3253,No,"Slauson Learning Center, No. 1","5816 West Blvd, Los Angeles, Ca 90043 Los Angeles, CA 90043",High Schools (Private),Link to CDE Private School Data page,https://www.cde.ca.gov/ds/si/ps/,Active,Information Not Available,,Los Angeles Unified,"Slauson Learning Center, No. 1",High Schools (Private),Private,Active
19647337102239,No,Los Angeles,https://www.cde.ca.gov/SchoolDirectory/details?cdscode=19647337102239,"[{""info"": ""Mrs. Sue Anne Kaples Head of School skaples@thehelpgroup.org"", ""email"": ""skaples@thehelpgroup.org""}, {""info"": ""Ms. Elena Brewer (Custodian of Records) ebrewer@thehelpgroup.org"", ""email"": ""ebrewer@thehelpgroup.org""}]",19 64733 7102239,Los Angeles,Nonpublic Certified School,skaples@thehelpgroup.org,(818) 779-5295,https://www.google.com/maps/place/13130+Burbank+Blvd.+Sherman+Oaks+CA+91401-6037,12,"August 25, 2025",K,"13130 Burbank Blvd. Sherman Oaks, CA 91401-6037","July 1, 1980",(818) 779-5173,No,Sunrise School,"13130 Burbank Blvd. Sherman Oaks, CA 91401-6037",K-12 Schools (Private),Link to CDE Private School Data page,https://www.cde.ca.gov/ds/si/ps/,Active,www.thehelpgroup.org/school/sunrise-school/,https://www.thehelpgroup.org/school/sunrise-school/,Los Angeles Unified,Sunrise School,K-12 Schools (Private),Private,Active
19647336900476,No,Los Angeles,https://www.cde.ca.gov/SchoolDirectory/details?cdscode=19647336900476,"[{""info"": ""Mrs. Elin Bradley Director ebradley@thehelpgroup.org"", ""email"": ""ebradley@thehelpgroup.org""}, {""info"": ""Ms. Pamela Clark Clark (Custodian of Records) pclark@thehelpgroup.org"", ""email"": ""pclark@thehelpgroup.org""}]",19 64733 6900476,Los Angeles,Nonpublic Certified School,ebradley@thehelpgroup.org,(818) 988-9143,https://www.google.com/maps/place/15339+Saticoy+St.+Van+Nuys+CA+91406-3345,12,"August 25, 2025",K,"15339 Saticoy St. Van Nuys, CA 91406-3345","July 1, 1980",(818) 267-2600,No,The Help Group's North Hills Prep,"15339 Saticoy St. Van Nuys, CA 91406-3345",K-12 Schools (Private),Link to CDE Private School Data page,https://www.cde.ca.gov/ds/si/ps/,Active,www.northhillsprep.com,http://www.northhillsprep.com,Los Angeles Unified,The Help Group's North Hills Prep,K-12 Schools (Private),Private,Active
19647336157457,No,Los Angeles,https://www.cde.ca.gov/SchoolDirectory/details?cdscode=19647336157457,"[{""info"": ""Ms. Jason Vaske Head of School pclark@thehelpgroup.org"", ""email"": ""pclark@thehelpgroup.org""}, {""info"": ""Ms. Elena Brewer (Custodian of Records) ebrewer@thehelpgroup.org"", ""email"": ""ebrewer@thehelpgroup.org""}]",19 64733 6157457,Los Angeles,Nonpublic Certified School,jvaske@thehelpgroup.org,(310) 437-5820,https://www.google.com/maps/place/4160+Grand+View+Blvd.+Los+Angeles+CA+90066-5214,12,"November 26, 2024",K,"4160 Grand View Blvd. Los Angeles, CA 90066-5214","March 4, 2019",(310) 751-1165,No,Sunrise West School,"4160 Grand View Blvd. Los Angeles, CA 90066-5214",K-12 Schools (Private),Link to CDE Private School Data page,https://www.cde.ca.gov/ds/si/ps/,Active,Information Not Available,,Los Angeles Unified,Sunrise West School,K-12 Schools (Private),Private,Active
19647337102015,No,Los Angeles,https://www.cde.ca.gov/SchoolDirectory/details?cdscode=19647337102015,"[{""info"": ""Ms. Kalee Miller Head of School millerka@thehelpgroup.org"", ""email"": ""millerka@thehelpgroup.org""}, {""info"": ""Pamela Clark (Custodian of Records) pclark@thehelpgroup.org"", ""email"": ""pclark@thehelpgroup.org""}]",19 64733 7102015,Los Angeles,Nonpublic Certified School,millerka@thehelpgroup.org,(818) 779-5246,https://www.google.com/maps/place/13130+Burbank+Blvd.+Sherman+Oaks+CA+91401-1401,12,"August 25, 2025",K,"13130 Burbank Blvd. Sherman Oaks, CA 91401-1401","July 1, 1980",(818) 781-0360,No,Village Glen School,"13130 Burbank Blvd. Sherman Oaks, CA 91401-1401",K-12 Schools (Private),Link to CDE Private School Data page,https://www.cde.ca.gov/ds/si/ps/,Active,http://thehelpgroup.org/school/village-glen-school/,http://thehelpgroup.org/school/village-glen-school/,Los Angeles Unified,Village Glen School,K-12 Schools (Private),Private,Active
19647337092703,No,Los Angeles,https://www.cde.ca.gov/SchoolDirectory/details?cdscode=19647337092703,"[{""info"": ""Mrs. Danielle Aranda-Harris Principal daniellearanda@vistadelmar.org"", ""email"": ""daniellearanda@vistadelmar.org""}, {""info"": ""Mrs. Elia Juarez (Custodian of Records) eliajuarez@vistadelmar.org"", ""email"": ""eliajuarez@vistadelmar.org""}]",19 64733 7092703,Los Angeles,Nonpublic Certified School,daniellearanda@vistadelmar.org,(310) 836-3506,https://www.google.com/maps/place/3200+Motor+Ave.+Los+Angeles+CA+90034-3710,12,"October 27, 2025",9,"3200 Motor Ave. Los Angeles, CA 90034-3710","July 1, 1980",(310) 836-1223 Ext. 470,No,Vista,"3200 Motor Ave. Los Angeles, CA 90034-3710",K-12 Schools (Private),Link to CDE Private School Data page,https://www.cde.ca.gov/ds/si/ps/,Active,www.vistadelmar.org,http://www.vistadelmar.org,Los Angeles Unified,Vista,K-12 Schools (Private),Private,Active
19753330120766,No,Los Angeles,https://www.cde.ca.gov/SchoolDirectory/details?cdscode=19753330120766,"[{""info"": ""Mia Murry Administrator mia.murry@beachcitieslc.com"", ""email"": ""mia.murry@beachcitieslc.com""}, {""info"": ""Leticia Holliday (Custodian of Records) leticia.holliday@learnbehavioral.com"", ""email"": ""leticia.holliday@learnbehavioral.com""}]",19 75333 0120766,Los Angeles,Nonpublic Certified School,mia.murry@beachcitieslc.com,Information Not Available,https://www.google.com/maps/place/1501+N+Peck+Ave+Manhattan+Beach+CA+90266-4215,12,"November 26, 2024",5,"1431 15Th St., Bldg C & D Manhattan Beach, CA 90266","October 6, 2009",(310) 546-4109,No,"Beach Cities Learning, Manhattan Beach","1501 N Peck Ave Manhattan Beach, CA 90266-4215",K-12 Schools (Private),Link to CDE Private School Data page,https://www.cde.ca.gov/ds/si/ps/,Active,Information Not Available,,Manhattan Beach Unified,"Beach Cities Learning, Manhattan Beach",K-12 Schools (Private),Private,Active
19648086168553,No,Los Angeles,https://www.cde.ca.gov/SchoolDirectory/details?cdscode=19648086168553,"[{""info"": ""Mr. Thomas Madden Administrator Tom.Madden@thelearnacademy.com"", ""email"": ""Tom.Madden@thelearnacademy.com""}, {""info"": ""Ms. Leticia Holliday (Custodian of Records) leticia.holliday@learnbehavioral.com"", ""email"": ""leticia.holliday@learnbehavioral.com""}]",19 64808 6168553,Los Angeles,Nonpublic Certified School,Tom.Madden@thelearnacademy.com,Information Not Available,https://www.google.com/maps/place/482+North+Garfield+Ave.+Montebello+CA+90640-2927,12,"October 15, 2025",1,"482 North Garfield Ave. Montebello, CA 90640-2927","September 30, 2024",(213) 863-5072,No,"LEARN Academy, Montebello","482 North Garfield Ave. Montebello, CA 90640-2927",Elementary School (Private),Link to CDE Private School Data page,https://www.cde.ca.gov/ds/si/ps/,Active,http://thelearnacademy.com,http://thelearnacademy.com,Montebello Unified,"LEARN Academy, Montebello",Elementary School (Private),Private,Active
19648816982219,No,Los Angeles,https://www.cde.ca.gov/SchoolDirectory/details?cdscode=19648816982219,"[{""info"": ""Dr. Jenny Tucker Mottes Head of School Jenny@frostig.org"", ""email"": ""Jenny@frostig.org""}, {""info"": ""Ms. Shawn Millner-Todd (Custodian of Records) shawn@frostig.org"", ""email"": ""shawn@frostig.org""}]",19 64881 6982219,Los Angeles,Nonpublic Certified School,jenny@frostig.org,Information Not Available,https://www.google.com/maps/place/971+North+Altadena+Dr.+Pasadena+CA+91107-1870,12,"September 3, 2025",1,"971 North Altadena Dr. Pasadena, CA 91107-1870","July 1, 1980",(626) 791-1255,No,Marianne Frostig Center of Educational Therapy,"971 North Altadena Dr. Pasadena, CA 91107-1870",K-12 Schools (Private),Link to CDE Private School Data page,https://www.cde.ca.gov/ds/si/ps/,Active,http://frostigschool.org,http://frostigschool.org,Pasadena Unified,Marianne Frostig Center of Educational Therapy,K-12 Schools (Private),Private,Active
19648816936199,No,Los Angeles,https://www.cde.ca.gov/SchoolDirectory/details?cdscode=19648816936199,"[{""info"": ""Ms. Robyn Reagan Principal rreagan@VillaES.org"", ""email"": ""rreagan@VillaES.org""}, {""info"": ""Ms. Robyn Reagan (Custodian of Records) rreagan@VillaES.org"", ""email"": ""rreagan@VillaES.org""}]",19 64881 6936199,Los Angeles,Nonpublic Certified School,rreagan@VillaES.org,(626) 449-2850,https://www.google.com/maps/place/2116+East+Villa+St.+Pasadena+CA+91107-1107,12,"February 24, 2026",K,"2116 East Villa St. Pasadena, CA 91107-1107","July 1, 1980",(626) 449-2919,No,Villa Esperanza Services,"2116 East Villa St. Pasadena, CA 91107-1107",K-12 Schools (Private),Link to CDE Private School Data page,https://www.cde.ca.gov/ds/si/ps/,Active,www.villaesperanzaservices.org,http://www.villaesperanzaservices.org,Pasadena Unified,Villa Esperanza Services,K-12 Schools (Private),Private,Active
19648810127415,No,Los Angeles,https://www.cde.ca.gov/SchoolDirectory/details?cdscode=19648810127415,"[{""info"": ""Mr. Nicholas Pinto Director npinto@redesignlearning.org"", ""email"": ""npinto@redesignlearning.org""}, {""info"": ""Mrs. Claret Ortiz (Custodian of Records) cortiz@redesignlearning.org"", ""email"": ""cortiz@redesignlearning.org""}]",19 64881 0127415,Los Angeles,Nonpublic Certified School,npinto@redesignlearning.org,(626) 356-1501,https://www.google.com/maps/place/5+Westmoreland+Pl.+Pasadena+CA+91103-3565,12,"November 26, 2024",K,"5 Westmoreland Pl. Pasadena, CA 91103-3565","December 28, 2012",(626) 356-1500,No,Westmoreland Academy,"5 Westmoreland Pl. Pasadena, CA 91103-3565",K-12 Schools (Private),Link to CDE Private School Data page,https://www.cde.ca.gov/ds/si/ps/,Active,www.redesignlearning.org/,https://www.redesignlearning.org/,Pasadena Unified,Westmoreland Academy,K-12 Schools (Private),Private,Active
19649806130512,No,Los Angeles,https://www.cde.ca.gov/SchoolDirectory/details?cdscode=19649806130512,"[{""info"": ""Miss SHARON LOWERY Principal (310) 452-5437 SHARON@SMARTSTARTSCHOOL.COM"", ""email"": ""SHARON@SMARTSTARTSCHOOL.COM""}, {""info"": ""Ms. Sharon Lowery (Custodian of Records) sharon@smartstartschool.com"", ""email"": ""sharon@smartstartschool.com""}]",19 64980 6130512,Los Angeles,Nonpublic Certified School,sharon@smartstartschool.com,(310) 314-9933,https://www.google.com/maps/place/2505+Lincoln+Blvd+Santa+Monica+CA+90405-3817,5,"November 26, 2024",K,"2505 Lincoln Blvd Santa Monica, CA 90405-3817","January 1, 2005",(310) 452-5437,No,SmartStart Developmental Learning Center,"2505 Lincoln Blvd Santa Monica, CA 90405-3817",Elementary School (Private),Link to CDE Private School Data page,https://www.cde.ca.gov/ds/si/ps/,Active,http://smartstartschool.com,http://smartstartschool.com,Santa Monica-Malibu Unified,SmartStart Developmental Learning Center,Elementary School (Private),Private,Active
19752916156905,No,Los Angeles,https://www.cde.ca.gov/SchoolDirectory/details?cdscode=19752916156905,"[{""info"": ""Ms. Mia Murry Administrator mia.murry@thelearnacademy.com"", ""email"": ""mia.murry@thelearnacademy.com""}, {""info"": ""Ms. Leticia Holliday (Custodian of Records) Leticia.Holliday@learnbehavioral.com"", ""email"": ""Leticia.Holliday@learnbehavioral.com""}]",19 75291 6156905,Los Angeles,Nonpublic Certified School,Mia.Murry@thelearnacademy.com,Information Not Available,https://www.google.com/maps/place/600+East+Grand+San+Gabriel+CA+91776-2817,12,"October 3, 2025",1,"600 East Grand San Gabriel, CA 91776","February 14, 2019",(626) 521-5134,No,Learn Academy San Gabriel,"600 East Grand San Gabriel, CA 91776-2817",K-12 Schools (Private),Link to CDE Private School Data page,https://www.cde.ca.gov/ds/si/ps/,Active,www.thelearnacademy.com,http://www.thelearnacademy.com,San Gabriel Unified,Learn Academy San Gabriel,K-12 Schools (Private),Private,Active
19649806156681,No,Los Angeles,https://www.cde.ca.gov/SchoolDirectory/details?cdscode=19649806156681,"[{""info"": ""Mrs. Kristen Gray Administrator kgray@thegrayacademy.org"", ""email"": ""kgray@thegrayacademy.org""}, {""info"": ""Kristen Gray (Custodian of Records) kgray@thegrayacademy.org"", ""email"": ""kgray@thegrayacademy.org""}]",19 64980 6156681,Los Angeles,Nonpublic Certified School,kgray@thegrayacademy.org,(866) 375-1636,https://www.google.com/maps/place/12318+Venice+Blvd+Los+Angeles+CA+90066-3802,8,"March 27, 2025",K,"12318 Venice Blvd Los Angeles, CA 90066-3802","November 7, 2018",(844) 444-3922,No,The Gray Academy,"12318 Venice Blvd Los Angeles, CA 90066-3802",Elementary School (Private),Link to CDE Private School Data page,https://www.cde.ca.gov/ds/si/ps/,Active,www.thegrayacademy.org,http://www.thegrayacademy.org,Santa Monica-Malibu Unified,The Gray Academy,Elementary School (Private),Private,Active
19650296934152,No,Los Angeles,https://www.cde.ca.gov/SchoolDirectory/details?cdscode=19650296934152,"[{""info"": ""Meaghan Donahue President mdonahue@tesidea.com"", ""email"": ""mdonahue@tesidea.com""}, {""info"": ""0 Steven Thompson (Custodian of Records) sthompson@redesignlearning.org"", ""email"": ""sthompson@redesignlearning.org""}]",19 65029 6934152,Los Angeles,Nonpublic Certified School,mdonahue@tesidea.com,(323) 341-5642,https://www.google.com/maps/place/1955+Fremont+Ave.+South+Pasadena+CA+91030-4507,12,"November 26, 2024",K,"1955 Fremont Ave. South Pasadena, CA 91030-4507","July 1, 1980",(323) 257-3006,No,"Institute for the Redesign of Learning, Almansor Academy","1955 Fremont Ave. South Pasadena, CA 91030-4507",K-12 Schools (Private),Link to CDE Private School Data page,https://www.cde.ca.gov/ds/si/ps/,Active,http://redesignlearning.org/almansor-academy/,https://redesignlearning.org/almansor-academy/,South Pasadena Unified,"Institute for the Redesign of Learning, Almansor Academy",K-12 Schools (Private),Private,Active
19650606206569,No,Los Angeles,https://www.cde.ca.gov/SchoolDirectory/details?cdscode=19650606206569,"[{""info"": ""Jennifer Mize Director cludirector@cflu.org"", ""email"": ""cludirector@cflu.org""}, {""info"": ""Jennifer Mize (Custodian of Records) cludirector@cflu.org"", ""email"": ""cludirector@cflu.org""}]",19 65060 6206569,Los Angeles,Nonpublic Certified School,cludirector@cflu.org,(310) 997-1941,"https://www.google.com/maps/place/2785+Pacific+Coast+Hwy.,+G+Torrance+CA+90505",12,"February 2, 2026",1,"2785 Pacific Coast Hwy., G Torrance, CA 90505","May 24, 2005",(310) 997-1900,No,Center For Learning Unlimited,"2785 Pacific Coast Hwy., G Torrance, CA 90505",K-12 Schools (Private),Link to CDE Private School Data page,https://www.cde.ca.gov/ds/si/ps/,Active,www.cflu.org,http://www.cflu.org,Torrance Unified,Center For Learning Unlimited,K-12 Schools (Private),Private,Active
19650607094105,No,Los Angeles,https://www.cde.ca.gov/SchoolDirectory/details?cdscode=19650607094105,"[{""info"": ""Ms. Danny Kindle Principal dkindle@starsinc.com"", ""email"": ""dkindle@starsinc.com""}, {""info"": ""Ms. Willow Bates (Custodian of Records) wbates@starsinc.com"", ""email"": ""wbates@starsinc.com""}]",19 65060 7094105,Los Angeles,Nonpublic Certified School,dkindle@starsinc.com,Information Not Available,https://www.google.com/maps/place/4025+W.+226th+St.+Torrance+CA+90505-2340,12,"November 24, 2025",6,"4025 W. 226th St. Torrance, CA 90505-2340","July 1, 1980",(310) 373-4556 Ext. 200,No,South Bay High School,"4025 W. 226th St. Torrance, CA 90505-2340",K-12 Schools (Private),Link to CDE Private School Data page,https://www.cde.ca.gov/ds/si/ps/,Active,Information Not Available,,Torrance Unified,South Bay High School,K-12 Schools (Private),Private,Active
19647336979603,No,Los Angeles,https://www.cde.ca.gov/SchoolDirectory/details?cdscode=19647336979603,"[{""info"": ""Ms. Nancy Berger Principal nberger@wayfinderfamily.org"", ""email"": ""nberger@wayfinderfamily.org""}, {""info"": ""Ms. Sandra Cisneros (Custodian of Records) SCisneros@wayfinderfamily.org"", ""email"": ""SCisneros@wayfinderfamily.org""}]",19 64733 6979603,Los Angeles,Nonpublic Certified School,nberger@wayfinderfamily.org,(310) 321-3497,https://www.google.com/maps/place/5300+Angeles+Vista+Blvd+Los+Angeles+CA+90043-1648,12,"November 26, 2024",K,"5300 Angeles Vista Blvd Los Angeles, CA 90043-1648","July 1, 1980",(310) 981-7013,No,Wayfinder Family Services,"5300 Angeles Vista Blvd Los Angeles, CA 90043-1648",K-12 Schools (Private),Link to CDE Private School Data page,https://www.cde.ca.gov/ds/si/ps/,Active,www.wayfinderfamily.org,http://www.wayfinderfamily.org,Los Angeles Unified,Wayfinder Family Services,K-12 Schools (Private),Private,Active
19650606936025,No,Los Angeles,https://www.cde.ca.gov/SchoolDirectory/details?cdscode=19650606936025,"[{""info"": ""Mr. Jeremy Deming Executive Director jdeming@switzercenter.org"", ""email"": ""jdeming@switzercenter.org""}, {""info"": ""Mr. Paul Bailey (Custodian of Records) pbailey@switzercenter.org"", ""email"": ""pbailey@switzercenter.org""}]",19 65060 6936025,Los Angeles,Nonpublic Certified School,jdeming@switzercenter.org,(310) 328-5648,https://www.google.com/maps/place/2201+Amapola+Ct.+Torrance+CA+90501-1431,12,"August 6, 2025",K,"2201 Amapola Ct. Torrance, CA 90501-1431","July 1, 1980",(310) 328-3611,No,Switzer Learning Center,"2201 Amapola Ct. Torrance, CA 90501-1431",K-12 Schools (Private),Link to CDE Private School Data page,https://www.cde.ca.gov/ds/si/ps/,Active,www.switzercenter.org,http://www.switzercenter.org,Torrance Unified,Switzer Learning Center,K-12 Schools (Private),Private,Active
21653186167530,No,Marin,https://www.cde.ca.gov/SchoolDirectory/details?cdscode=21653186167530,"[{""info"": ""Nathan Yates Administrator nyates@ucpnb.org"", ""email"": ""nyates@ucpnb.org""}, {""info"": ""Saskia Kramer (Custodian of Records) skramer@ucpnb.org"", ""email"": ""skramer@ucpnb.org""}]",21 65318 6167530,Marin,Nonpublic Certified School,skramer@ucpnb.org,Information Not Available,https://www.google.com/maps/place/70+Skyview+Terr.+#C+San+Rafael+CA+94903-1845,12,"August 6, 2025",K,"70 Skyview Terr. #C San Rafael, CA 94903-1845","August 3, 2023",(718) 640-0410,No,BOOST of Cypress School,"70 Skyview Terr. #C San Rafael, CA 94903-1845",K-12 Schools (Private),Link to CDE Private School Data page,https://www.cde.ca.gov/ds/si/ps/,Active,Information Not Available,,Miller Creek Elementary,BOOST of Cypress School,K-12 Schools (Private),Private,Active
21750027104474,No,Marin,https://www.cde.ca.gov/SchoolDirectory/details?cdscode=21750027104474,"[{""info"": ""Ms. Joy Leighton Director jleighton@myoakhill.org"", ""email"": ""jleighton@myoakhill.org""}, {""info"": ""Ms. Joy Leighton (Custodian of Records) jleighton@myoakhill.org"", ""email"": ""jleighton@myoakhill.org""}]",21 75002 7104474,Marin,Nonpublic Certified School,admin@myoakhill.org,(415) 457-7620,"https://www.google.com/maps/place/300+Sunny+Hills+Dr.,+Number+6+San+Anselmo+CA+94960",12,"August 6, 2025",1,"300 Sunny Hills Dr., Number 6 San Anselmo, CA 94960","August 12, 2004",(415) 457-7601,No,Oak Hill School,"300 Sunny Hills Dr., Number 6 San Anselmo, CA 94960",Ungraded Schools (Private),Link to CDE Private School Data page,https://www.cde.ca.gov/ds/si/ps/,Active,www.theoakhillschool.org,http://www.theoakhillschool.org,Ross Valley Elementary,Oak Hill School,Ungraded Schools (Private),Private,Active
21750026910046,No,Marin,https://www.cde.ca.gov/SchoolDirectory/details?cdscode=21750026910046,"[{""info"": ""Mrs. Jolene Yee Site Administrator jyee@sidebysideyouth.org"", ""email"": ""jyee@sidebysideyouth.org""}, {""info"": ""Tiffany Vigil (Custodian of Records) TVigil@sidebysideyouth.org"", ""email"": ""TVigil@sidebysideyouth.org""}]",21 75002 6910046,Marin,Nonpublic Certified School,jyee@sidebysideyouth.org,(415) 459-4211,https://www.google.com/maps/place/300+Sunny+Hills+Dr.+San+Anselmo+CA+94960-1909,12,"October 6, 2025",K,"300 Sunny Hills Dr. San Anselmo, CA 94960-1909","July 1, 1980",(415) 457-3135,No,Irene M. Hunt School / Side by Side,"300 Sunny Hills Dr. San Anselmo, CA 94960-1909",Elementary School (Private),Link to CDE Private School Data page,https://www.cde.ca.gov/ds/si/ps/,Active,www.sidebysideyouth.org/programs/irene-m-hunt-school/,https://www.sidebysideyouth.org/programs/irene-m-hunt-school/,Ross Valley Elementary,Irene M. Hunt School / Side by Side,Elementary School (Private),Private,Active
21750027027204,No,Marin,https://www.cde.ca.gov/SchoolDirectory/details?cdscode=21750027027204,"[{""info"": ""Maggie Coburn Administrator maggie.coburn@staracademy.org"", ""email"": ""maggie.coburn@staracademy.org""}, {""info"": ""Maggie Coburn (Custodian of Records) maggie.coburn@staracademy.org"", ""email"": ""maggie.coburn@staracademy.org""}]",21 75002 7027204,Marin,Nonpublic Certified School,maggie.coburn@staracademy.org,(415) 456-2092,https://www.google.com/maps/place/4470+Redwood+Hwy.+San+Rafael+CA+94903-1901,12,"April 16, 2025",3,"4470 Redwood Hwy. San Rafael, CA 94903-1901","July 1, 1980",(415) 456-8727,No,Star Academy,"4470 Redwood Hwy. San Rafael, CA 94903-1901",Ungraded Schools (Private),Link to CDE Private School Data page,https://www.cde.ca.gov/ds/si/ps/,Active,www.staracademy.org,http://www.staracademy.org,Ross Valley Elementary,Star Academy,Ungraded Schools (Private),Private,Active
21654586152151,No,Marin,https://www.cde.ca.gov/SchoolDirectory/details?cdscode=21654586152151,"[{""info"": ""Mr. Jeff Wands Other jeff@thehelixschool.org"", ""email"": ""jeff@thehelixschool.org""}, {""info"": ""Mr. Joseph Quinlan (Custodian of Records) joseph@thehelixschool.org"", ""email"": ""joseph@thehelixschool.org""}]",21 65458 6152151,Marin,Nonpublic Certified School,info@thehelixschool.org,Information Not Available,https://www.google.com/maps/place/161+Mitchell+Blvd+San+Rafael+CA+94903-2068,12,"August 6, 2025",K,"161 Mitchell Blvd San Rafael, CA 94903-2068","August 29, 2016",(415) 569-5064,No,The Helix School,"161 Mitchell Blvd San Rafael, CA 94903-2068",Elementary School (Private),Link to CDE Private School Data page,https://www.cde.ca.gov/ds/si/ps/,Active,www.thehelixschool.org/,https://www.thehelixschool.org/,San Rafael City Elementary,The Helix School,Elementary School (Private),Private,Active
21654666162879,No,Marin,https://www.cde.ca.gov/SchoolDirectory/details?cdscode=21654666162879,"[{""info"": ""Maggie Coburn Administrator maggie.coburn@staracademy.org"", ""email"": ""maggie.coburn@staracademy.org""}, {""info"": ""Maggie Coburn (Custodian of Records) maggie.coburn@staracademy.org"", ""email"": ""maggie.coburn@staracademy.org""}]",21 65466 6162879,Marin,Nonpublic Certified School,maggie.coburn@staracademy.org,(415) 456-2092,"https://www.google.com/maps/place/103+Shoreline+Pkwy.,+Ste.+101+San+Rafael+CA+94903-5582",12,"April 16, 2025",12,"4470 Redwood Hwy San Rafael, CA 94903","November 23, 2021",(415) 456-8727,No,Star Academy - Shoreline,"103 Shoreline Pkwy., Ste. 101 San Rafael, CA 94903-5582",High Schools (Private),Link to CDE Private School Data page,https://www.cde.ca.gov/ds/si/ps/,Active,www.staracademy.org,http://www.staracademy.org,San Rafael City High,Star Academy - Shoreline,High Schools (Private),Private,Active
27660927022536,No,Monterey,https://www.cde.ca.gov/SchoolDirectory/details?cdscode=27660927022536,"[{""info"": ""Ms. Katia Stornetta Administrator kstornetta@chartwell.org"", ""email"": ""kstornetta@chartwell.org""}, {""info"": ""Ms. Katia Stornetta (Custodian of Records) kstornetta@chartwell.org"", ""email"": ""kstornetta@chartwell.org""}]",27 66092 7022536,Monterey,Nonpublic Certified School,kstornetta@chartwell.org,(831) 394-6809,https://www.google.com/maps/place/2511+Numa+Watson+Rd.+Seaside+CA+93955-6774,12,"November 26, 2024",1,"2511 NUMA WATSON RD SEASIDE, CA 93955","July 1, 1980",(831) 394-3468,No,Chartwell School,"2511 Numa Watson Rd. Seaside, CA 93955-6774",Elementary School (Private),Link to CDE Private School Data page,https://www.cde.ca.gov/ds/si/ps/,Active,http://chartwell.org,http://chartwell.org,Monterey Peninsula Unified,Chartwell School,Elementary School (Private),Private,Active
29663576936876,No,Nevada,https://www.cde.ca.gov/SchoolDirectory/details?cdscode=29663576936876,"[{""info"": ""Ruth Zilch Other ruthzilch@mv.email"", ""email"": ""ruthzilch@mv.email""}, {""info"": ""Teresa Petrie (Custodian of Records) Teresa@mv.email"", ""email"": ""Teresa@mv.email""}]",29 66357 6936876,Nevada,Nonpublic Certified School,ruthzilch@mv.email,(530) 292-3803,https://www.google.com/maps/place/10591+Milhous+Dr.+Nevada+City+CA+95959-8501,12,"September 8, 2025",5,"10591 Milhous Dr. Nevada City, CA 95959-8501","July 1, 1980",(530) 265-9057,No,Mountain Valley School,"10591 Milhous Dr. Nevada City, CA 95959-8501",K-12 Schools (Private),Link to CDE Private School Data page,https://www.cde.ca.gov/ds/si/ps/,Active,http://mountainvalleyfamilyservices.net,http://mountainvalleyfamilyservices.net,Nevada Joint Union High,Mountain Valley School,K-12 Schools (Private),Private,Active
30664316166748,No,Orange,https://www.cde.ca.gov/SchoolDirectory/details?cdscode=30664316166748,"[{""info"": ""Mrs. Lori Brummel Principal lori.brummel@idealnps.org"", ""email"": ""lori.brummel@idealnps.org""}, {""info"": ""Mrs. Lori Brummel (Custodian of Records) lori.brummel@idealnps.org"", ""email"": ""lori.brummel@idealnps.org""}]",30 66431 6166748,Orange,Nonpublic Certified School,lori.brummel@idealnps.org,Information Not Available,https://www.google.com/maps/place/5600+Crescent+Ave+Buena+Park+CA+90620-3406,12,"November 5, 2025",5,"5600 Crescent Ave Buena Park, CA 90620-3406","January 3, 2023",(714) 752-0417,No,The Upward Bound School Inc. Doing Business As Ideal Development of Education,"5600 Crescent Ave Buena Park, CA 90620-3406",Elementary School (Private),Link to CDE Private School Data page,https://www.cde.ca.gov/ds/si/ps/,Active,http://sites.google.com/idealnps.org/idea/school/about-our-school,https://sites.google.com/idealnps.org/idea/school/about-our-school,Anaheim Union High,The Upward Bound School Inc. Doing Business As Ideal Development of Education,Elementary School (Private),Private,Active
30664566130520,No,Orange,https://www.cde.ca.gov/SchoolDirectory/details?cdscode=30664566130520,"[{""info"": ""Ms. Casandra Nguyen Director cnguyen@beacondayschool.com"", ""email"": ""cnguyen@beacondayschool.com""}, {""info"": ""Mr. Leigh Reagan (Custodian of Records) lreagan@beacondayschool.com"", ""email"": ""lreagan@beacondayschool.com""}]",30 66456 6130520,Orange,Nonpublic Certified School,Cnguyen@beacondayschool.com,(714) 735-8385,https://www.google.com/maps/place/24+Ctr.pointe+Dr.+La+Palma+CA+90623-1028,12,"January 10, 2025",K,"24 Ctr.pointe Dr. La Palma, CA 90623-1028","August 1, 2005",(714) 288-4200,No,Beacon Day School,"24 Ctr.pointe Dr. La Palma, CA 90623-1028",K-12 Schools (Private),Link to CDE Private School Data page,https://www.cde.ca.gov/ds/si/ps/,Active,www.beacondayschool.com,http://www.beacondayschool.com,Buena Park Elementary,Beacon Day School,K-12 Schools (Private),Private,Active
30664646168892,No,Orange,https://www.cde.ca.gov/SchoolDirectory/details?cdscode=30664646168892,"[{""info"": ""Dana Tompkins Director dtompkins@thegrayacademy.org"", ""email"": ""dtompkins@thegrayacademy.org""}, {""info"": ""Dana Tompkins (Custodian of Records) dtompkins@thegrayacademy.org"", ""email"": ""dtompkins@thegrayacademy.org""}]",30 66464 6168892,Orange,Nonpublic Certified School,dtompkins@thegrayacademy.org,Information Not Available,https://www.google.com/maps/place/24360+Yosemite+Rd.+Laguna+Niguel+CA+92677-7007,8,"February 9, 2024",K,"4 S Peak Laguna Niguel, CA 92677","November 29, 2023",(213) 300-8006,No,Gray Academy Orange County,"24360 Yosemite Rd. Laguna Niguel, CA 92677-7007",Elementary School (Private),Link to CDE Private School Data page,https://www.cde.ca.gov/ds/si/ps/,Active,Information Not Available,,Capistrano Unified,Gray Academy Orange County,Elementary School (Private),Private,Active
30664726937437,No,Orange,https://www.cde.ca.gov/SchoolDirectory/details?cdscode=30664726937437,"[{""info"": ""Ms. Jennifer O'Grady Principal jogrady@sldc.net"", ""email"": ""jogrady@sldc.net""}, {""info"": ""Ms. Daisy Gomez (Custodian of Records) daisy.gomez@sldc.net"", ""email"": ""daisy.gomez@sldc.net""}]",30 66472 6937437,Orange,Nonpublic Certified School,jogrady@sldc.net,(714) 821-5683,https://www.google.com/maps/place/8699+Holder+St.+Buena+Park+CA+90620-3614,12,"October 15, 2025",K,"8699 Holder St. Buena Park, CA 90620-3614","July 1, 1980",(714) 821-3620,No,Linden Oaks,"8699 Holder St. Buena Park, CA 90620-3614",Kindergartens (Private),Link to CDE Private School Data page,https://www.cde.ca.gov/ds/si/ps/,Active,www.sldc.net,http://www.sldc.net,Centralia Elementary,Linden Oaks,Kindergartens (Private),Private,Active
30664800120295,No,Orange,https://www.cde.ca.gov/SchoolDirectory/details?cdscode=30664800120295,"[{""info"": ""Dr. Kim Huynen Director drkim@delsolschool.com"", ""email"": ""drkim@delsolschool.com""}, {""info"": ""Dr. Kim Huynen (Custodian of Records) drkim@delsolschool.com"", ""email"": ""drkim@delsolschool.com""}]",30 66480 0120295,Orange,Nonpublic Certified School,dss@delsolschool.com,(714) 828-3400,https://www.google.com/maps/place/5400+Myra+St+Cypress+CA+90630-4559,12,"August 8, 2025",K,"5400 Myra St Cypress, CA 90630-4559","July 17, 2009",(714) 828-6400,No,"DEL SOL SCHOOL, INC","5400 Myra St Cypress, CA 90630-4559",K-12 Schools (Private),Link to CDE Private School Data page,https://www.cde.ca.gov/ds/si/ps/,Active,www.delsolschool.com,http://www.delsolschool.com,Cypress Elementary,"DEL SOL SCHOOL, INC",K-12 Schools (Private),Private,Active
30665146926471,No,Orange,https://www.cde.ca.gov/SchoolDirectory/details?cdscode=30665146926471,"[{""info"": ""Michelle Zacha Director mzacha@chancelight.com"", ""email"": ""mzacha@chancelight.com""}, {""info"": ""Katie Parks (Custodian of Records) registrar@chancelight.com"", ""email"": ""registrar@chancelight.com""}]",30 66514 6926471,Orange,Nonpublic Certified School,mzacha@chancelight.com,(714) 523-0281,https://www.google.com/maps/place/7100+Knott+Ave.+Buena+Park+CA+90620-1314,12,"August 19, 2025",8,"7100 Knott Ave. Buena Park, CA 90620-1314","July 1, 1980",(714) 562-0441,No,Rossier Park School,"7100 Knott Ave. Buena Park, CA 90620-1314",K-12 Schools (Private),Link to CDE Private School Data page,https://www.cde.ca.gov/ds/si/ps/,Active,www.spectrumschools.com,http://www.spectrumschools.com,Fullerton Joint Union High,Rossier Park School,K-12 Schools (Private),Private,Active
30665226156665,No,Orange,https://www.cde.ca.gov/SchoolDirectory/details?cdscode=30665226156665,"[{""info"": ""Mrs. Laura Paloma Principal laura-paloma@olivecrest.org"", ""email"": ""laura-paloma@olivecrest.org""}, {""info"": ""Mrs. Sharon Dean (Custodian of Records) sharon-dean@olivecrest.org"", ""email"": ""sharon-dean@olivecrest.org""}]",30 66522 6156665,Orange,Nonpublic Certified School,OCA@olivecrest.org,(714) 823-4605,https://www.google.com/maps/place/13082+Bowen+St.+Garden+Grove+CA+92843-1001,12,"November 26, 2024",K,"13082 Bowen St. Garden Grove, CA 92843-1001","November 7, 2018",(714) 620-7580,No,Olive Crest Academy - North,"13082 Bowen St. Garden Grove, CA 92843-1001",Elementary School (Private),Link to CDE Private School Data page,https://www.cde.ca.gov/ds/si/ps/,Active,http://olivecrestacademy.org,http://olivecrestacademy.org,Garden Grove Unified,Olive Crest Academy - North,Elementary School (Private),Private,Active
30736506168918,No,Orange,https://www.cde.ca.gov/SchoolDirectory/details?cdscode=30736506168918,"[{""info"": ""Dr. yvonne bruinsma Other yvonne@instepps.com"", ""email"": ""yvonne@instepps.com""}, {""info"": ""Dr. Yvonne Bruinsma (Custodian of Records) Yvonne@instepps.com"", ""email"": ""Yvonne@instepps.com""}]",30 73650 6168918,Orange,Nonpublic Certified School,info@insteppsacademy.com,(949) 726-8324,https://www.google.com/maps/place/3652+Michelson+Dr+Irvine+CA+92612-1727,8,"October 13, 2025",K,"3652 Michelson Dr Irvine, CA 92612-1727","December 1, 2023",(949) 533-6818,No,In STEPPS Academy,"3652 Michelson Dr Irvine, CA 92612-1727",Elementary School (Private),Link to CDE Private School Data page,https://www.cde.ca.gov/ds/si/ps/,Active,www.insteppsacademy.org,http://www.insteppsacademy.org,Irvine Unified,In STEPPS Academy,Elementary School (Private),Private,Active
30736506937278,No,Orange,https://www.cde.ca.gov/SchoolDirectory/details?cdscode=30736506937278,"[{""info"": ""Ms. Erin Rosenthal Director tgero@mardanschool.org"", ""email"": ""tgero@mardanschool.org""}, {""info"": ""Ms. Terrie Gero Smead (Custodian of Records) tgero@mardanschool.org"", ""email"": ""tgero@mardanschool.org""}]",30 73650 6937278,Orange,Nonpublic Certified School,tgero@mardanschool.org,(949) 733-9234,https://www.google.com/maps/place/1+Osborn+St.+Irvine+CA+92604-4695,12,"August 6, 2025",K,"1 Osborn St. Irvine, CA 92604-4695","July 1, 1980",(949) 733-1500,No,Mardan School of Educational Therapy,"1 Osborn St. Irvine, CA 92604-4695",K-12 Schools (Private),Link to CDE Private School Data page,https://www.cde.ca.gov/ds/si/ps/,Active,www.mardanschool.org,http://www.mardanschool.org,Irvine Unified,Mardan School of Educational Therapy,K-12 Schools (Private),Private,Active
30736506158422,No,Orange,https://www.cde.ca.gov/SchoolDirectory/details?cdscode=30736506158422,"[{""info"": ""Rose Holland Administrator rose@thecraigschool.org"", ""email"": ""rose@thecraigschool.org""}, {""info"": ""Mrs. Rose Holland (Custodian of Records) rose@thecraigschool.org"", ""email"": ""rose@thecraigschool.org""}]",30 73650 6158422,Orange,Nonpublic Certified School,rose@thecraigschool.org,Information Not Available,https://www.google.com/maps/place/3400+Michelson+Dr.+#200+Irvine+CA+92612-1618,8,"September 3, 2025",3,"3400 Michelson Dr., Ste. 200 Irvine, CA 92612","June 25, 2019",(949) 812-6222,No,The Craig School,"3400 Michelson Dr. #200 Irvine, CA 92612-1618",Elementary School (Private),Link to CDE Private School Data page,https://www.cde.ca.gov/ds/si/ps/,Active,www.thecraigschool.org,http://www.thecraigschool.org,Irvine Unified,The Craig School,Elementary School (Private),Private,Active
30665636915540,No,Orange,https://www.cde.ca.gov/SchoolDirectory/details?cdscode=30665636915540,"[{""info"": ""Jason Cecil Site Administrator (562) 694-5655 jcecil@hbic.org"", ""email"": ""jcecil@hbic.org""}, {""info"": ""Mrs. Cynthia Nguyen (Custodian of Records) cnguyen@hbic.org"", ""email"": ""cnguyen@hbic.org""}]",30 66563 6915540,Orange,Nonpublic Certified School,cnguyen@hbic.org,(562) 694-5657,https://www.google.com/maps/place/981+N.+Euclid+St.+La+Habra+CA+90631-2932,12,"September 8, 2025",K,"981 N. Euclid St. La Habra, CA 90631-2932","July 1, 1980",(562) 694-5655,No,Cleta Harder Developmental School,"981 N. Euclid St. La Habra, CA 90631-2932",Ungraded Schools (Private),Link to CDE Private School Data page,https://www.cde.ca.gov/ds/si/ps/,Active,www.hbic.org/non-public-school,https://www.hbic.org/non-public-school,La Habra City Elementary,Cleta Harder Developmental School,Ungraded Schools (Private),Private,Active
30666210133082,No,Orange,https://www.cde.ca.gov/SchoolDirectory/details?cdscode=30666210133082,"[{""info"": ""Hoonoosh Virgo Administrator noosh@ece4autism.com"", ""email"": ""noosh@ece4autism.com""}, {""info"": ""Mrs. Hoonoosh Virgo (Custodian of Records) noosh@ece4autism.com"", ""email"": ""noosh@ece4autism.com""}]",30 66621 0133082,Orange,Nonpublic Certified School,noosh@ece4autism.com,(714) 637-2584,https://www.google.com/maps/place/2000+E+Ivy+Hill+Ln+Orange+CA+92867-1701,8,"February 4, 2026",K,"2000 E Ivy Hill Ln Orange, CA 92867-1701","September 2, 2015",(714) 637-1489,No,ECE 4 Autism,"2000 E Ivy Hill Ln Orange, CA 92867-1701",K-12 Schools (Private),Link to CDE Private School Data page,https://www.cde.ca.gov/ds/si/ps/,Active,www.ece4autism.com,http://www.ece4autism.com,Orange Unified,ECE 4 Autism,K-12 Schools (Private),Private,Active
30736356904700,No,Orange,https://www.cde.ca.gov/SchoolDirectory/details?cdscode=30736356904700,"[{""info"": ""Mr. William Bermingham Executive Director billberm@newvistaschool.org"", ""email"": ""billberm@newvistaschool.org""}, {""info"": ""Mrs. Sandi Carter (Custodian of Records) scarter@newvistaschool.org"", ""email"": ""scarter@newvistaschool.org""}]",30 73635 6904700,Orange,Nonpublic Certified School,info@newvistaschool.org,(949) 455-1271,https://www.google.com/maps/place/23092+Mill+Creek+Dr.+Laguna+Hills+CA+92653-1200,12,"February 4, 2026",6,"23092 Mill Creek Dr. Laguna Hills, CA 92653-1200","July 1, 1980",(949) 455-1270,No,New Vista School,"23092 Mill Creek Dr. Laguna Hills, CA 92653-1200",K-12 Schools (Private),Link to CDE Private School Data page,https://www.cde.ca.gov/ds/si/ps/,Active,www.newvistaschool.org,http://www.newvistaschool.org,Saddleback Valley Unified,New Vista School,K-12 Schools (Private),Private,Active
19647337093487,No,Los Angeles,https://www.cde.ca.gov/SchoolDirectory/details?cdscode=19647337093487,"[{""info"": ""Megan Davis Principal mdavis@summitview.org"", ""email"": ""mdavis@summitview.org""}, {""info"": ""Miss Pamela Clark (Custodian of Records) pclark@thehelpgroup.org"", ""email"": ""pclark@thehelpgroup.org""}]",19 64733 7093487,Los Angeles,Nonpublic Certified School,mdavis@summitview.org,(818) 623-6390,https://www.google.com/maps/place/6455+Coldwater+Canyon+North+Hollywood+CA+91606-1112,12,"August 25, 2025",1,"6455 Coldwater Canyon North Hollywood, CA 91606-1112","July 1, 1980",(818) 623-6300,No,Summit View,"6455 Coldwater Canyon North Hollywood, CA 91606-1112",K-12 Schools (Private),Link to CDE Private School Data page,https://www.cde.ca.gov/ds/si/ps/,Active,www.summitview.org,http://www.summitview.org,Los Angeles Unified,Summit View,K-12 Schools (Private),Private,Active
30736430129429,No,Orange,https://www.cde.ca.gov/SchoolDirectory/details?cdscode=30736430129429,"[{""info"": ""Edward Miguel Site Administrator (714) 617-5494 emiguel@portviewpreparatory.com"", ""email"": ""emiguel@portviewpreparatory.com""}, {""info"": ""Mrs. Lisa Odendaal (Custodian of Records) lodendaal@portviewpreparatory.com"", ""email"": ""lodendaal@portviewpreparatory.com""}]",30 73643 0129429,Orange,Nonpublic Certified School,emiguel@portviewpreparatory.com,(714) 485-3048,https://www.google.com/maps/place/1361+Valencia+Ave+Tustin+CA+92780-6459,12,"November 26, 2024",K,"1361 Valencia Ave Tustin, CA 92780-6459","March 3, 2014",(714) 463-6390,No,Port View Preparatory - TUSTIN,"1361 Valencia Ave Tustin, CA 92780-6459",K-12 Schools (Private),Link to CDE Private School Data page,https://www.cde.ca.gov/ds/si/ps/,Active,www.portviewpreparatory.com,http://www.portviewpreparatory.com,Tustin Unified,Port View Preparatory - TUSTIN,K-12 Schools (Private),Private,Active
77764220140277,No,Out of State,https://www.cde.ca.gov/SchoolDirectory/details?cdscode=77764220140277,"[{""info"": ""Angie Alvey Special Education Administrator (800) 244-1113 Ext. 105 aalvey@alpineacademy.org"", ""email"": ""aalvey@alpineacademy.org""}]",77 76422 0140277,Out of State,Nonpublic Certified School,Information Not Available,(435) 843-5416,https://www.google.com/maps/place/1492+Meadowbrook+Dr.+Tooele+UT+84074,12,"August 18, 2020",7,"1492 Meadowbrook Dr. Tooele, UT 84074","August 14, 2020",(800) 244-1113,No,Alpine Academy - Lakeview Campus,"1492 Meadowbrook Dr. Tooele, UT 84074",High Schools (Private),Link to CDE Private School Data page,https://www.cde.ca.gov/ds/si/ps/,Active,www.alpineacademy.org,http://www.alpineacademy.org,Out-of-State Nonpublic,Alpine Academy - Lakeview Campus,High Schools (Private),Private,Active
77764220125294,No,Out of State,https://www.cde.ca.gov/SchoolDirectory/details?cdscode=77764220125294,"[{""info"": ""Ivy Zwicker Site Administrator (210) 590-2107 izwicker@atcoftexas.org"", ""email"": ""izwicker@atcoftexas.org""}]",77 76422 0125294,Out of State,Nonpublic Certified School,izwicker@atcoftexas.org,(210) 590-3143,https://www.google.com/maps/place/16111+Nacogdoches+Rd.+San+Antonio+TX+78247-1002,12,"April 30, 2019",K,"16111 Nacogdoches Rd. San Antonio, TX 78247-1002","October 26, 2011",(210) 590-2107,No,Autism Treatment Center,"16111 Nacogdoches Rd. San Antonio, TX 78247-1002",K-12 Schools (Private),Link to CDE Private School Data page,https://www.cde.ca.gov/ds/si/ps/,Active,www.atcoftexas.org,http://www.atcoftexas.org,Out-of-State Nonpublic,Autism Treatment Center,K-12 Schools (Private),Private,Active
30665976171557,No,Orange,https://www.cde.ca.gov/SchoolDirectory/details?cdscode=30665976171557,"[{""info"": ""Mr. Cory Brosch Administrator cory@villagesofca.com"", ""email"": ""cory@villagesofca.com""}, {""info"": ""Jeanette Barreto (Custodian of Records) jeanette@villagesofca.com"", ""email"": ""jeanette@villagesofca.com""}]",30 66597 6171557,Orange,Nonpublic Certified School,jeanette@villagesofca.com,Information Not Available,https://www.google.com/maps/place/2131+Tustin+Ave.+Costa+Mesa+CA+92627-1859,7,"August 15, 2025",1,"805 W. Le Veta Ave Orange, CA 92868","February 10, 2025",(714) 504-5385,No,Villages Preparatory,"2131 Tustin Ave. Costa Mesa, CA 92627-1859",Elementary School (Private),Link to CDE Private School Data page,https://www.cde.ca.gov/ds/si/ps/,Active,http://villagesofca.com,http://villagesofca.com,Newport-Mesa Unified,Villages Preparatory,Elementary School (Private),Private,Active
30666216130553,No,Orange,https://www.cde.ca.gov/SchoolDirectory/details?cdscode=30666216130553,"[{""info"": ""Mrs. Alicia Fernandez Director alicia.fernandez@chancelight.com"", ""email"": ""alicia.fernandez@chancelight.com""}, {""info"": ""Ms. Jazel Speck (Custodian of Records) jazel.speck@chancelight.com"", ""email"": ""jazel.speck@chancelight.com""}]",30 66621 6130553,Orange,Nonpublic Certified School,alicia.fernandez@chancelight.com,(714) 516-3366,https://www.google.com/maps/place/395+S.+Tustin+St.+Orange+CA+92866-2501,8,"October 8, 2025",K,"395 S. Tustin St. Orange, CA 92866-2501","March 21, 2005",(714) 516-3370,No,Rossier Elementary/Middle Spectrum School,"395 S. Tustin St. Orange, CA 92866-2501",Elementary School (Private),Link to CDE Private School Data page,https://www.cde.ca.gov/ds/si/ps/,Active,http://chancelight.com/,https://chancelight.com/,Orange Unified,Rossier Elementary/Middle Spectrum School,Elementary School (Private),Private,Active
77764220133447,No,Out of State,https://www.cde.ca.gov/SchoolDirectory/details?cdscode=77764220133447,"[{""info"": ""Michelle Brown Site Administrator (801) 299-5334 michelle.brown3@uhsinc.com"", ""email"": ""michelle.brown3@uhsinc.com""}]",77 76422 0133447,Out of State,Nonpublic Certified School,Information Not Available,(801) 296-2163,https://www.google.com/maps/place/592+West+1350+South+Woods+Cross+UT+84087,12,"November 30, 2018",7,"592 West 1350 South Woods Cross, UT 84087","January 1, 2016",(801) 299-5300,No,Benchmark,"592 West 1350 South Woods Cross, UT 84087",High Schools (Private),Link to CDE Private School Data page,https://www.cde.ca.gov/ds/si/ps/,Active,www.bbhsnet.com/,http://www.bbhsnet.com/,Out-of-State Nonpublic,Benchmark,High Schools (Private),Private,Active
77764220142083,No,Out of State,https://www.cde.ca.gov/SchoolDirectory/details?cdscode=77764220142083,"[{""info"": ""William Anderson Principal (480) 987-9700 William.Anderson@ROP.com"", ""email"": ""William.Anderson@ROP.com""}]",77 76422 0142083,Out of State,Nonpublic Certified School,William.Anderson@ROP.com,(480) 987-9701,https://www.google.com/maps/place/20061+East+Rittenhouse+Rd.+Queen+Creek+AZ+85142,12,"February 24, 2023",6,"20061 East Rittenhouse Rd. Queen Creek, AZ 85142","October 19, 2022",(480) 987-9700,No,Canyon State Academy,"20061 East Rittenhouse Rd. Queen Creek, AZ 85142",K-12 Schools (Private),Link to CDE Private School Data page,https://www.cde.ca.gov/ds/si/ps/,Active,http://canyonstateacademy.com/,http://canyonstateacademy.com/,Out-of-State Nonpublic,Canyon State Academy,K-12 Schools (Private),Private,Active
77764226130900,No,Out of State,https://www.cde.ca.gov/SchoolDirectory/details?cdscode=77764226130900,"[{""info"": ""Angie Alvey Site Administrator (800) 244-1113""}]",77 76422 6130900,Out of State,Nonpublic Certified School,cegan@youthvillage.org,(435) 843-5416,https://www.google.com/maps/place/1280+Whispering+Horse+Dr.+Erda+UT+84074,12,"November 30, 2018",7,"1280 Whispering Horse Dr. Erda, UT 84074","December 31, 2004",(800) 244-1113,No,Alpine Academy,"1280 Whispering Horse Dr. Erda, UT 84074",High Schools (Private),Link to CDE Private School Data page,https://www.cde.ca.gov/ds/si/ps/,Active,www.alpineacademy.org,http://www.alpineacademy.org,Out-of-State Nonpublic,Alpine Academy,High Schools (Private),Private,Active
77764220135152,No,Out of State,https://www.cde.ca.gov/SchoolDirectory/details?cdscode=77764220135152,"[{""info"": ""Michelle Markowitz Vice President, Admissions (781) 829-1205 mmarkowitz@cushingcenters.org"", ""email"": ""mmarkowitz@cushingcenters.org""}]",77 76422 0135152,Out of State,Nonpublic Certified School,info@cushingcenters.org,(781) 826-1559,https://www.google.com/maps/place/405+Washington+St.+Hanover+MA+02339,12,"November 30, 2018",K,"405 Washington St. Hanover, MA 02339","November 4, 2016",(781) 826-6371,No,Cardinal Cushing Centers,"405 Washington St. Hanover, MA 02339",K-12 Schools (Private),Link to CDE Private School Data page,https://www.cde.ca.gov/ds/si/ps/,Active,www.cushingcenters.org,http://www.cushingcenters.org,Out-of-State Nonpublic,Cardinal Cushing Centers,K-12 Schools (Private),Private,Active
77764220148353,No,Out of State,https://www.cde.ca.gov/SchoolDirectory/details?cdscode=77764220148353,"[{""info"": ""Kendra Meiklejohn Clinical Director (406) 413-7867 kendra@chrysalisschool.net"", ""email"": ""kendra@chrysalisschool.net""}]",77 76422 0148353,Out of State,Nonpublic Certified School,krysten@chrysalisschool.net,Information Not Available,https://www.google.com/maps/place/77+Trails+End+Rd.+Eureka+MT+59917,12,"July 16, 2024",8,"77 Trails End Rd. Eureka, MT 59917","April 2, 2024",(406) 413-7867,No,Chrysalis,"77 Trails End Rd. Eureka, MT 59917",K-12 Schools (Private),Link to CDE Private School Data page,https://www.cde.ca.gov/ds/si/ps/,Active,www.embarkbh.com/location/chrysalis/,http://www.embarkbh.com/location/chrysalis/,Out-of-State Nonpublic,Chrysalis,K-12 Schools (Private),Private,Active
77764220129486,No,Out of State,https://www.cde.ca.gov/SchoolDirectory/details?cdscode=77764220129486,"[{""info"": ""Abby Mayer Administrator (573) 745-7396 amayer@ca-lo.com"", ""email"": ""amayer@ca-lo.com""}]",77 76422 0129486,Out of State,Nonpublic Certified School,amayer@ca-lo.com,(573) 365-2224,https://www.google.com/maps/place/130+Calo+Ln.+Lake+Ozark+MO+65049,12,"November 30, 2018",3,"130 Calo Ln. Lake Ozark, MO 65049","September 23, 2013",(573) 365-2221,No,Change Academy at the Lake of Ozarks (CALO),"130 Calo Ln. Lake Ozark, MO 65049",K-12 Schools (Private),Link to CDE Private School Data page,https://www.cde.ca.gov/ds/si/ps/,Active,www.caloteens.com,http://www.caloteens.com,Out-of-State Nonpublic,Change Academy at the Lake of Ozarks (CALO),K-12 Schools (Private),Private,Active
77764226130991,No,Out of State,https://www.cde.ca.gov/SchoolDirectory/details?cdscode=77764226130991,"[{""info"": ""Tara Smith Administrator (435) 674-0984 Tara@cinnamonhills.com"", ""email"": ""Tara@cinnamonhills.com""}]",77 76422 6130991,Out of State,Nonpublic Certified School,Tara@cinnamonhills.com,(435) 674-0114,https://www.google.com/maps/place/770+East+Saint+George+Blvd.+St.+George+UT+84770,12,"November 30, 2018",6,"770 East Saint George Blvd. St. George, UT 84770","September 15, 2004",(435) 674-0984,No,Cinnamon Hills Youth Crisis Center,"770 East Saint George Blvd. St. George, UT 84770",K-12 Schools (Private),Link to CDE Private School Data page,https://www.cde.ca.gov/ds/si/ps/,Active,www.cinnamonhills.com,http://www.cinnamonhills.com,Out-of-State Nonpublic,Cinnamon Hills Youth Crisis Center,K-12 Schools (Private),Private,Active
77764226131015,No,Out of State,https://www.cde.ca.gov/SchoolDirectory/details?cdscode=77764226131015,"[{""info"": ""Elizabeth Loy Administrator/Principal (801) 304-7171 Elizabeth.loy@uhsinc.com"", ""email"": ""Elizabeth.loy@uhsinc.com""}, {""info"": ""Ms. Annie Mcilravy (Custodian of Records) ann.mcilravy@copperhillsyouthcenter.com"", ""email"": ""ann.mcilravy@copperhillsyouthcenter.com""}]",77 76422 6131015,Out of State,Nonpublic Certified School,Elizabeth.loy@uhsinc.com,(801) 561-3393,https://www.google.com/maps/place/5899+West+Rivendelle+Dr.+West+Jordan+UT+84081-6500,12,"November 30, 2018",6,"5899 West Rivendelle Dr. West Jordan, UT 84081-6500","March 17, 2004",(801) 304-7171,No,Copper Hills Youth Center,"5899 West Rivendelle Dr. West Jordan, UT 84081-6500",K-12 Schools (Private),Link to CDE Private School Data page,https://www.cde.ca.gov/ds/si/ps/,Active,www.copperhillsyouthcenter.com,http://www.copperhillsyouthcenter.com,Out-of-State Nonpublic,Copper Hills Youth Center,K-12 Schools (Private),Private,Active
77764220165365,No,Out of State,https://www.cde.ca.gov/SchoolDirectory/details?cdscode=77764220165365,"[{""info"": ""Dallas Garner NPS Administrator (435) 705-7574 dgarner@crimsonheightsbh.com"", ""email"": ""dgarner@crimsonheightsbh.com""}]",77 76422 0165365,Out of State,Nonpublic Certified School,info@crimsonheightsbh.com,(435) 249-7010,https://www.google.com/maps/place/348+East+600+South+St.+George+UT+84770,12,"July 10, 2025",K,"348 East 600 South St. George, UT 84770","June 26, 2025",(435) 705-7574,No,Crimson Heights - St. George,"348 East 600 South St. George, UT 84770",K-12 Schools (Private),Link to CDE Private School Data page,https://www.cde.ca.gov/ds/si/ps/,Active,http://crimsonheightsbh.com/locations/autism-behavioral-health-st-george/,http://crimsonheightsbh.com/locations/autism-behavioral-health-st-george/,Out-of-State Nonpublic,Crimson Heights - St. George,K-12 Schools (Private),Private,Active
77764220112599,No,Out of State,https://www.cde.ca.gov/SchoolDirectory/details?cdscode=77764220112599,"[{""info"": ""Michael Becker Executive Director (321) 242-9100 Ext. 157 mbecker@devereux.org"", ""email"": ""mbecker@devereux.org""}]",77 76422 0112599,Out of State,Nonpublic Certified School,mbecker@devereux.org,(321) 242-0767,https://www.google.com/maps/place/8000+Devereux+Dr.+Viera+FL+32940-7907,12,"April 29, 2021",1,"5850 T.G. Lee Blvd., Ste. 400 Orlando, FL 32822","July 1, 2006",(321) 242-9100 Ext. 157,No,Devereux Florida Viera Campus,"8000 Devereux Dr. Viera, FL 32940-7907",K-12 Schools (Private),Link to CDE Private School Data page,https://www.cde.ca.gov/ds/si/ps/,Active,www.devereux.org,http://www.devereux.org,Out-of-State Nonpublic,Devereux Florida Viera Campus,K-12 Schools (Private),Private,Active
30736357098866,No,Orange,https://www.cde.ca.gov/SchoolDirectory/details?cdscode=30736357098866,"[{""info"": ""Mrs. Helen Condas Site Administrator (949) 855-0408 hcondas@oceanviewnps.com"", ""email"": ""hcondas@oceanviewnps.com""}, {""info"": ""Mrs. Helen Condas (Custodian of Records) hcondas@oceanviewnps.com"", ""email"": ""hcondas@oceanviewnps.com""}]",30 73635 7098866,Orange,Nonpublic Certified School,hcondas@oceanviewnps.com,(949) 855-0384,https://www.google.com/maps/place/30615+Avenida+De+Las+Flores+Rancho+Santa+Margarita+CA+92688-3949,12,"November 5, 2025",3,"30615 Avenida De Las Flores Rancho Santa Margarita, CA 92688-3949","July 1, 1980",(949) 855-0408,No,Ocean View Nonpublic School,"30615 Avenida De Las Flores Rancho Santa Margarita, CA 92688-3949",K-12 Schools (Private),Link to CDE Private School Data page,https://www.cde.ca.gov/ds/si/ps/,Active,http://oceanviewnps.net/,https://oceanviewnps.net/,Saddleback Valley Unified,Ocean View Nonpublic School,K-12 Schools (Private),Private,Active
77764220136309,No,Out of State,https://www.cde.ca.gov/SchoolDirectory/details?cdscode=77764220136309,"[{""info"": ""Brian Pace Administrator (435) 229-2557 brian.pace@sequelyouthservices.com"", ""email"": ""brian.pace@sequelyouthservices.com""}]",77 76422 0136309,Out of State,Nonpublic Certified School,Information Not Available,(435) 673-0994,https://www.google.com/maps/place/633+UT-9+Virgin+UT+84779,12,"April 24, 2020",6,"633 UT-9 Virgin, UT 84779","May 25, 2017",(866) 452-8775,No,Falcon Ridge Ranch,"633 UT-9 Virgin, UT 84779",K-12 Schools (Private),Link to CDE Private School Data page,https://www.cde.ca.gov/ds/si/ps/,Active,Information Not Available,,Out-of-State Nonpublic,Falcon Ridge Ranch,K-12 Schools (Private),Private,Active
77764220121350,No,Out of State,https://www.cde.ca.gov/SchoolDirectory/details?cdscode=77764220121350,"[{""info"": ""Gwen Skinner Administrator (707) 427-0147 gskinner@devereux.org"", ""email"": ""gskinner@devereux.org""}]",77 76422 0121350,Out of State,Nonpublic Certified School,jzdencan@devereux.org,(770) 427-1558,"https://www.google.com/maps/place/1291+Stanley+Rd.,+Northwest+Kennesaw+GA+30152-4359",12,"November 30, 2018",3,"PO Box 1688 Kennesaw, GA 30156-8688","October 14, 2009",(707) 427-0147,No,Devereux Georgia - Ackerman Academy,"1291 Stanley Rd., Northwest Kennesaw, GA 30152-4359",K-12 Schools (Private),Link to CDE Private School Data page,https://www.cde.ca.gov/ds/si/ps/,Active,www.devereux.org,http://www.devereux.org,Out-of-State Nonpublic,Devereux Georgia - Ackerman Academy,K-12 Schools (Private),Private,Active
77764220141986,No,Out of State,https://www.cde.ca.gov/SchoolDirectory/details?cdscode=77764220141986,"[{""info"": ""Casie Buckner-Munteanu NPS Administrator (801) 523-3479 casie@gatewayacademy.net"", ""email"": ""casie@gatewayacademy.net""}]",77 76422 0141986,Out of State,Nonpublic Certified School,casie@gatewayacademy.net,(801) 788-0577,https://www.google.com/maps/place/11706+South+700+East+Draper+UT+84020-9365,12,"December 8, 2022",9,"11706 South 700 East Draper, UT 84020-9365","October 6, 2022",(801) 523-3479,No,Gateway Academy,"11706 South 700 East Draper, UT 84020-9365",High Schools (Private),Link to CDE Private School Data page,https://www.cde.ca.gov/ds/si/ps/,Active,http://gatewayacademy.net/,http://gatewayacademy.net/,Out-of-State Nonpublic,Gateway Academy,High Schools (Private),Private,Active
77764220162180,No,Out of State,https://www.cde.ca.gov/SchoolDirectory/details?cdscode=77764220162180,"[{""info"": ""Shari Knudson NPS Adninistrator (435) 705-7574 sknudson@crimsonheightsbh.com"", ""email"": ""sknudson@crimsonheightsbh.com""}]",77 76422 0162180,Out of State,Nonpublic Certified School,info@crimsonheightsbh.com,(435) 249-7010,https://www.google.com/maps/place/1789+Wedgewood+Lane+Cedar+City+UT+84721,12,"October 11, 2024",K,"1789 Wedgewood Lane Cedar City, UT 84721","October 8, 2024",(435) 705-7574,No,Crimson Heights,"1789 Wedgewood Lane Cedar City, UT 84721",K-12 Schools (Private),Link to CDE Private School Data page,https://www.cde.ca.gov/ds/si/ps/,Active,http://crimsonheightsbh.com/location/cedar-city,http://crimsonheightsbh.com/location/cedar-city,Out-of-State Nonpublic,Crimson Heights,K-12 Schools (Private),Private,Active
77764220132696,No,Out of State,https://www.cde.ca.gov/SchoolDirectory/details?cdscode=77764220132696,"[{""info"": ""Andrea Burgess Site Administrator (435) 865-9574 andreab@discoveryranchforgirls.com"", ""email"": ""andreab@discoveryranchforgirls.com""}]",77 76422 0132696,Out of State,Nonpublic Certified School,clintf@discoveryranchforgirls.com,(435) 865-9584,https://www.google.com/maps/place/4928+North+4500+West+Cedar+City+UT+84721,12,"November 30, 2018",9,"4928 North 4500 West Cedar City, UT 84721","July 1, 2015",(435) 865-9574,No,Discovery Ranch for Girls,"4928 North 4500 West Cedar City, UT 84721",High Schools (Private),Link to CDE Private School Data page,https://www.cde.ca.gov/ds/si/ps/,Active,www.discoveryranchforgirls.com,http://www.discoveryranchforgirls.com,Out-of-State Nonpublic,Discovery Ranch for Girls,High Schools (Private),Private,Active
77764220142513,No,Out of State,https://www.cde.ca.gov/SchoolDirectory/details?cdscode=77764220142513,"[{""info"": ""Scott Sharp Academic Director (435) 586-2500 scottsharp@havenwoodacademy.com"", ""email"": ""scottsharp@havenwoodacademy.com""}]",77 76422 0142513,Out of State,Nonpublic Certified School,admissions@havenwoodacademy.com,Information Not Available,https://www.google.com/maps/place/8097+West+2000+South+Cedar+City+UT+84720-4833,12,"March 9, 2024",7,"8097 West 2000 South Cedar City, UT 84720-4833","February 27, 2024",(435) 586-2500,No,Havenwood Academy,"8097 West 2000 South Cedar City, UT 84720-4833",K-12 Schools (Private),Link to CDE Private School Data page,https://www.cde.ca.gov/ds/si/ps/,Active,www.havenwoodacademy.org/,http://www.havenwoodacademy.org/,Out-of-State Nonpublic,Havenwood Academy,K-12 Schools (Private),Private,Active
30666216160048,No,Orange,https://www.cde.ca.gov/SchoolDirectory/details?cdscode=30666216160048,"[{""info"": ""Mrs. Hoonoosh Virgo Administrator noosh@ece4autism.com"", ""email"": ""noosh@ece4autism.com""}, {""info"": ""Mrs. Hoonoosh Virgo (Custodian of Records) noosh@ece4autism.com"", ""email"": ""noosh@ece4autism.com""}]",30 66621 6160048,Orange,Nonpublic Certified School,noosh@ece4autism.com,(714) 637-2584,https://www.google.com/maps/place/20001+E+Chapman+Ave+Orange+CA+92869-4417,12,"February 4, 2026",6,"2000 E Ivy Hill Ln Orange, CA 92867","October 16, 2020",(714) 637-1489,No,"ECE 4 Autism, Chapman","20001 E Chapman Ave Orange, CA 92869-4417",High Schools (Private),Link to CDE Private School Data page,https://www.cde.ca.gov/ds/si/ps/,Active,www.ece4autism.com,http://www.ece4autism.com,Orange Unified,"ECE 4 Autism, Chapman",High Schools (Private),Private,Active
77764226131106,No,Out of State,https://www.cde.ca.gov/SchoolDirectory/details?cdscode=77764226131106,"[{""info"": ""Stephen Perry Principal sperry@heartspring.org"", ""email"": ""sperry@heartspring.org""}]",77 76422 6131106,Out of State,Nonpublic Certified School,admissions@heartspring.org,(316) 634-8851,https://www.google.com/maps/place/8700+East+29th+Street+North+Wichita+KS+67226,12,"September 20, 2023",K,"8700 East 29th Street North Wichita, KS 67226","September 15, 2004",(316) 634-8700,No,Heartspring,"8700 East 29th Street North Wichita, KS 67226",K-12 Schools (Private),Link to CDE Private School Data page,https://www.cde.ca.gov/ds/si/ps/,Active,www.heartspring.org,http://www.heartspring.org,Out-of-State Nonpublic,Heartspring,K-12 Schools (Private),Private,Active
77764226131114,No,Out of State,https://www.cde.ca.gov/SchoolDirectory/details?cdscode=77764226131114,"[{""info"": ""Glen Zaugg Administrator (801) 226-4600""}]",77 76422 6131114,Out of State,Nonpublic Certified School,Information Not Available,Information Not Available,https://www.google.com/maps/place/5600+North+Heritage+School+Dr.+Provo+UT+84604,12,"November 30, 2018",6,"5600 North Heritage School Dr. Provo, UT 84604","December 7, 2004",(801) 226-4600,No,"Heritage Schools, Inc.","5600 North Heritage School Dr. Provo, UT 84604",K-12 Schools (Private),Link to CDE Private School Data page,https://www.cde.ca.gov/ds/si/ps/,Active,Information Not Available,,Out-of-State Nonpublic,"Heritage Schools, Inc.",K-12 Schools (Private),Private,Active
77764220165522,No,Out of State,https://www.cde.ca.gov/SchoolDirectory/details?cdscode=77764220165522,"[{""info"": ""Matty Bryant NPS Administrator (801) 226-4623 matty.bryant@heritagertc.org"", ""email"": ""matty.bryant@heritagertc.org""}]",77 76422 0165522,Out of State,Nonpublic Certified School,Information Not Available,Information Not Available,https://www.google.com/maps/place/10324+South+5850+West+Payson+UT+84651-7104,12,"November 25, 2025",8,"5600 N. Heritage School Drive Provo, UT 84604-1540","November 19, 2025",(801) 226-4600,No,"Heritage Schools, Inc. - Homestead","10324 South 5850 West Payson, UT 84651-7104",High Schools (Private),Link to CDE Private School Data page,https://www.cde.ca.gov/ds/si/ps/,Active,www.sparkhomestead.org/,http://www.sparkhomestead.org/,Out-of-State Nonpublic,"Heritage Schools, Inc. - Homestead",High Schools (Private),Private,Active
77764220132811,No,Out of State,https://www.cde.ca.gov/SchoolDirectory/details?cdscode=77764220132811,"[{""info"": ""Nick Pakidko Site Administrator (801) 374-2121 nickp@discoveryacademy.com"", ""email"": ""nickp@discoveryacademy.com""}]",77 76422 0132811,Out of State,Nonpublic Certified School,nickp@discoveryacademy.com,(801) 373-4451,https://www.google.com/maps/place/1308+South+1600+West+Mapleton+UT+84664,12,"November 30, 2018",7,"1308 South 1600 West Mapleton, UT 84664","July 1, 2015",(801) 919-8320,No,Discovery Ranch,"1308 South 1600 West Mapleton, UT 84664",High Schools (Private),Link to CDE Private School Data page,https://www.cde.ca.gov/ds/si/ps/,Active,www.discoveryranch.net,http://www.discoveryranch.net,Out-of-State Nonpublic,Discovery Ranch,High Schools (Private),Private,Active
77764220132449,No,Out of State,https://www.cde.ca.gov/SchoolDirectory/details?cdscode=77764220132449,"[{""info"": ""Robbi O'Kelley Administrator (541) 408-7581 rokelley@laeuropa.com"", ""email"": ""rokelley@laeuropa.com""}]",77 76422 0132449,Out of State,Nonpublic Certified School,wstjames@laeuropa.com,(801) 268-9303,https://www.google.com/maps/place/1220+Vine+St.+Murray+UT+84121,12,"November 30, 2018",9,"1220 Vine St. Murray, UT 84121","January 27, 2015",(801) 518-4934,No,La Europa Academy,"1220 Vine St. Murray, UT 84121",High Schools (Private),Link to CDE Private School Data page,https://www.cde.ca.gov/ds/si/ps/,Active,www.laeuropaacademy.com,http://www.laeuropaacademy.com,Out-of-State Nonpublic,La Europa Academy,High Schools (Private),Private,Active
77764220165605,No,Out of State,https://www.cde.ca.gov/SchoolDirectory/details?cdscode=77764220165605,"[{""info"": ""Bonnie Schumacher School Administrator (508) 470-5348 bschumacher@lathamcenters.org"", ""email"": ""bschumacher@lathamcenters.org""}]",77 76422 0165605,Out of State,Nonpublic Certified School,info@lathamcenters.org,Information Not Available,https://www.google.com/maps/place/1439+Main+St.+Brewster+MA+02631,Adult,"February 27, 2026",3,"1439 Main St. Brewster, MA 02631","December 17, 2025",(508) 896-5776,No,Latham Anne McManus Center,"1439 Main St. Brewster, MA 02631",K-12 Schools (Private),Link to CDE Private School Data page,https://www.cde.ca.gov/ds/si/ps/,Active,www.lathamcenters.org/,http://www.lathamcenters.org/,Out-of-State Nonpublic,Latham Anne McManus Center,K-12 Schools (Private),Private,Active
77764220128173,No,Out of State,https://www.cde.ca.gov/SchoolDirectory/details?cdscode=77764220128173,"[{""info"": ""Shawn Kelsey Site Administrator (913) 369-4857 skelsey@lakemaryctr.org"", ""email"": ""skelsey@lakemaryctr.org""}]",77 76422 0128173,Out of State,Nonpublic Certified School,skelsey@lakemaryctr.org,Information Not Available,https://www.google.com/maps/place/100+Lakemary+Dr.+Paola+KS+66071,12,"November 30, 2018",K,"100 Lakemary Dr. Paola, KS 66071","May 24, 2013",(913) 557-4000,No,Lakemary,"100 Lakemary Dr. Paola, KS 66071",K-12 Schools (Private),Link to CDE Private School Data page,https://www.cde.ca.gov/ds/si/ps/,Active,www.lakemaryctr.org,http://www.lakemaryctr.org,Out-of-State Nonpublic,Lakemary,K-12 Schools (Private),Private,Active
77764226131122,No,Out of State,https://www.cde.ca.gov/SchoolDirectory/details?cdscode=77764226131122,"[{""info"": ""Jim Fitzgerald Site Administrator marvinw@intermountain.org"", ""email"": ""marvinw@intermountain.org""}, {""info"": ""Ms. Sandy Gravenor (Custodian of Records) sandyg@intermountain.org"", ""email"": ""sandyg@intermountain.org""}]",77 76422 6131122,Out of State,Nonpublic Certified School,marvinw@intermountain.org,(406) 442-7949,https://www.google.com/maps/place/500+South+Lamborn+St.+Helena+MT+59601,7,"February 25, 2025",P,"500 South Lamborn St. Helena, MT 59601","December 31, 2004",(406) 457-4752,No,Intermountain Children's Home & Services,"500 South Lamborn St. Helena, MT 59601",Elementary School (Private),Link to CDE Private School Data page,https://www.cde.ca.gov/ds/si/ps/,Active,www.intermountain.org,http://www.intermountain.org,Out-of-State Nonpublic,Intermountain Children's Home & Services,Elementary School (Private),Private,Active
77764226131130,No,Out of State,https://www.cde.ca.gov/SchoolDirectory/details?cdscode=77764226131130,"[{""info"": ""Jennifer Capellen School Contact (801) 773-0200 jcapellen@elevationsrtc.com"", ""email"": ""jcapellen@elevationsrtc.com""}]",77 76422 6131130,Out of State,Nonpublic Certified School,jjcapellen@elevationsrtc.com,(801) 773-0208,https://www.google.com/maps/place/2650+West+2700+South+Syracuse+UT+84075,12,"November 30, 2018",9,"2650 West 2700 South Syracuse, UT 84075","December 31, 2004",(801) 773-0200,No,Elevations Academy,"2650 West 2700 South Syracuse, UT 84075",High Schools (Private),Link to CDE Private School Data page,https://www.cde.ca.gov/ds/si/ps/,Active,www.elevationsrtc.com,http://www.elevationsrtc.com,Out-of-State Nonpublic,Elevations Academy,High Schools (Private),Private,Active
77764220136861,No,Out of State,https://www.cde.ca.gov/SchoolDirectory/details?cdscode=77764220136861,"[{""info"": ""Lee Chamberlain NPS Administrator (774) 353-9225 lchamberlain@lathamcenters.org"", ""email"": ""lchamberlain@lathamcenters.org""}]",77 76422 0136861,Out of State,Nonpublic Certified School,lchamberlain@lathamcenters.org,(508) 255-5486,https://www.google.com/maps/place/1646+Route+6A+Brewster+MA+02660,12,"January 15, 2020",3,"1646 Route 6A Brewster, MA 02660","February 26, 2018",(774) 353-9225,No,"Latham Centers, Inc.","1646 Route 6A Brewster, MA 02660",K-12 Schools (Private),Link to CDE Private School Data page,https://www.cde.ca.gov/ds/si/ps/,Active,Information Not Available,,Out-of-State Nonpublic,"Latham Centers, Inc.",K-12 Schools (Private),Private,Active
77764220128181,No,Out of State,https://www.cde.ca.gov/SchoolDirectory/details?cdscode=77764220128181,"[{""info"": ""Leigh Johnson Site Administrator johnsonl@wingspancg.org"", ""email"": ""johnsonl@wingspancg.org""}]",77 76422 0128181,Out of State,Nonpublic Certified School,johnsonl@wingspancg.org,(216) 932-8520,https://www.google.com/maps/place/22001+Fairmount+Blvd.+Shaker+Heights+OH+44118,12,"November 30, 2018",K,"22001 Fairmount Blvd. Shaker Heights, OH 44118","May 24, 2013",(216) 320-8483,No,Monarch,"22001 Fairmount Blvd. Shaker Heights, OH 44118",K-12 Schools (Private),Link to CDE Private School Data page,https://www.cde.ca.gov/ds/si/ps/,Active,Information Not Available,,Out-of-State Nonpublic,Monarch,K-12 Schools (Private),Private,Active
77764229999999,No,Out of State,https://www.cde.ca.gov/SchoolDirectory/details?cdscode=77764229999999,[],77 76422 9999999,Out of State,Nonpublic Certified School,Information Not Available,Information Not Available,,12,"July 1, 2025",K,,"July 1, 2009",Information Not Available,No,Noncertified Nonpublic,,K-12 Schools (Private),Link to CDE Private School Data page,https://www.cde.ca.gov/ds/si/ps/,Active,Information Not Available,,Out-of-State Nonpublic,Noncertified Nonpublic,K-12 Schools (Private),Private,Active
77764220136333,No,Out of State,https://www.cde.ca.gov/SchoolDirectory/details?cdscode=77764220136333,"[{""info"": ""Shawn Brooks Administrator (435) 436-9460 shawnb@oxbowacademy.net"", ""email"": ""shawnb@oxbowacademy.net""}]",77 76422 0136333,Out of State,Nonpublic Certified School,contact@oxbowacademy.net,(435) 436-9465,https://www.google.com/maps/place/95+North+State+St.+Wales+UT+84667,12,"April 24, 2020",7,"95 North State St. Wales, UT 84667","August 9, 2017",(855) 676-4272,No,Oxbow Academy,"95 North State St. Wales, UT 84667",High Schools (Private),Link to CDE Private School Data page,https://www.cde.ca.gov/ds/si/ps/,Active,http://oxbowacademy.net/,http://oxbowacademy.net/,Out-of-State Nonpublic,Oxbow Academy,High Schools (Private),Private,Active
77764220133926,No,Out of State,https://www.cde.ca.gov/SchoolDirectory/details?cdscode=77764220133926,"[{""info"": ""Suzanne Conrad School Contact (617) 972-7211 suzanne.conrad@perkins.org"", ""email"": ""suzanne.conrad@perkins.org""}]",77 76422 0133926,Out of State,Nonpublic Certified School,suzanne.conrad@perkins.org,(617) 972-7277,https://www.google.com/maps/place/175+North+Beacon+St.+Watertown+MA+02472,12,"January 15, 2020",K,"175 North Beacon St. Watertown, MA 02472","January 31, 2016",(617) 924-3434,No,Perkins School for the Blind,"175 North Beacon St. Watertown, MA 02472",K-12 Schools (Private),Link to CDE Private School Data page,https://www.cde.ca.gov/ds/si/ps/,Active,www.perkins.org,http://www.perkins.org,Out-of-State Nonpublic,Perkins School for the Blind,K-12 Schools (Private),Private,Active
77764226131189,No,Out of State,https://www.cde.ca.gov/SchoolDirectory/details?cdscode=77764226131189,"[{""info"": ""David Campbell Site Administrator (801) 227-2100""}]",77 76422 6131189,Out of State,Nonpublic Certified School,academics@provocanyon.com,Information Not Available,https://www.google.com/maps/place/4501+North+University+Ave.+Provo+UT+84604-5504,12,"November 30, 2018",7,"4501 North University Ave. Provo, UT 84604-5504","December 31, 2004",(801) 227-2100,No,Provo Canyon,"4501 North University Ave. Provo, UT 84604-5504",High Schools (Private),Link to CDE Private School Data page,https://www.cde.ca.gov/ds/si/ps/,Active,Information Not Available,,Out-of-State Nonpublic,Provo Canyon,High Schools (Private),Private,Active
77764220119065,No,Out of State,https://www.cde.ca.gov/SchoolDirectory/details?cdscode=77764220119065,"[{""info"": ""Dave Campbell Site Administrator (801) 227-2010 dave.campbell@uhsinc.com"", ""email"": ""dave.campbell@uhsinc.com""}]",77 76422 0119065,Out of State,Nonpublic Certified School,dave.campbell@uhsinc.com,(801) 491-3911,https://www.google.com/maps/place/763+North+1650+West+Springville+UT+84663-5066,9,"November 30, 2018",3,"763 North 1650 West Springville, UT 84663-5066","January 22, 2009",(801) 227-2010,No,Provo Canyon School - Springville Campus,"763 North 1650 West Springville, UT 84663-5066",K-12 Schools (Private),Link to CDE Private School Data page,https://www.cde.ca.gov/ds/si/ps/,Active,www.provocanyon.com,http://www.provocanyon.com,Out-of-State Nonpublic,Provo Canyon School - Springville Campus,K-12 Schools (Private),Private,Active
77764220136358,No,Out of State,https://www.cde.ca.gov/SchoolDirectory/details?cdscode=77764220136358,"[{""info"": ""Brian Pace Administrator (435) 229-2557 brian.pace@sequelyouthservices.com"", ""email"": ""brian.pace@sequelyouthservices.com""}]",77 76422 0136358,Out of State,Nonpublic Certified School,Information Not Available,(435) 673-0994,https://www.google.com/maps/place/730+Spring+Dr.+Toquerville+UT+84774,12,"April 24, 2020",6,"730 Spring Dr. Toquerville, UT 84774","December 13, 2016",(435) 635-0300,No,Red Rock - Lava Heights Academy,"730 Spring Dr. Toquerville, UT 84774",K-12 Schools (Private),Link to CDE Private School Data page,https://www.cde.ca.gov/ds/si/ps/,Active,www.lavaheightsacademy.com,http://www.lavaheightsacademy.com,Out-of-State Nonpublic,Red Rock - Lava Heights Academy,K-12 Schools (Private),Private,Active
77764226131163,No,Out of State,https://www.cde.ca.gov/SchoolDirectory/details?cdscode=77764226131163,"[{""info"": ""Larry Carter Principal (435) 755-8400 rsmith@loganriver.com"", ""email"": ""rsmith@loganriver.com""}]",77 76422 6131163,Out of State,Nonpublic Certified School,rsmith@loganriver.com,(435) 755-8540,https://www.google.com/maps/place/1683+South+Highway+89-91+Logan+UT+84321,12,"November 30, 2018",7,"PO Box 3662 Logan, UT 84323-3662","November 30, 2004",(435) 755-8400,No,Logan River Academy,"1683 South Highway 89-91 Logan, UT 84321",High Schools (Private),Link to CDE Private School Data page,https://www.cde.ca.gov/ds/si/ps/,Active,www.loganriver.com,http://www.loganriver.com,Out-of-State Nonpublic,Logan River Academy,High Schools (Private),Private,Active
77764220134916,No,Out of State,https://www.cde.ca.gov/SchoolDirectory/details?cdscode=77764220134916,"[{""info"": ""Dan Stuart Site Administrator (801) 444-0794 dan@solsticertc.com"", ""email"": ""dan@solsticertc.com""}]",77 76422 0134916,Out of State,Nonpublic Certified School,dan@solsticertc.com,(801) 444-0793,https://www.google.com/maps/place/1904+West+Gordon+Ave.+Layton+UT+84041,12,"September 28, 2022",9,"1904 West Gordon Ave. Layton, UT 84041","September 26, 2016",(801) 444-0794,No,Solstice RTC/Fernwood Academy,"1904 West Gordon Ave. Layton, UT 84041",High Schools (Private),Link to CDE Private School Data page,https://www.cde.ca.gov/ds/si/ps/,Active,www.solsticertc.com,http://www.solsticertc.com,Out-of-State Nonpublic,Solstice RTC/Fernwood Academy,High Schools (Private),Private,Active
77764220131011,No,Out of State,https://www.cde.ca.gov/SchoolDirectory/details?cdscode=77764220131011,"[{""info"": ""John Stewart Executive Director (801) 423-5270 johns@newhavenrtc.com"", ""email"": ""johns@newhavenrtc.com""}]",77 76422 0131011,Out of State,Nonpublic Certified School,Information Not Available,(801) 794-9558,https://www.google.com/maps/place/2172+East+7200+South+Spanish+Fork+UT+84660,12,"November 30, 2018",7,"2172 East 7200 South Spanish Fork, UT 84660","February 18, 2014",(801) 794-1218,No,New Haven - Spanish Fork Campus,"2172 East 7200 South Spanish Fork, UT 84660",High Schools (Private),Link to CDE Private School Data page,https://www.cde.ca.gov/ds/si/ps/,Active,www.newhavenrtc.com/,http://www.newhavenrtc.com/,Out-of-State Nonpublic,New Haven - Spanish Fork Campus,High Schools (Private),Private,Active
77764220163154,No,Out of State,https://www.cde.ca.gov/SchoolDirectory/details?cdscode=77764220163154,"[{""info"": ""Kelly Hollingsworth Administrator (928) 308-2743 kelly.hollingsworth@sunrisertc.com"", ""email"": ""kelly.hollingsworth@sunrisertc.com""}]",77 76422 0163154,Out of State,Nonpublic Certified School,Information Not Available,(435) 627-5202,"https://www.google.com/maps/place/195+West+500+North,+Suite+1+La+Verkin+UT+84745",12,"December 4, 2024",8,"195 West 500 North, Suite 1 La Verkin, UT 84745","December 2, 2024",(435) 900-8091,No,Sunrise Academy,"195 West 500 North, Suite 1 La Verkin, UT 84745",High Schools (Private),Link to CDE Private School Data page,https://www.cde.ca.gov/ds/si/ps/,Active,http://sunrisertc.com/,http://sunrisertc.com/,Out-of-State Nonpublic,Sunrise Academy,High Schools (Private),Private,Active
77764220131490,No,Out of State,https://www.cde.ca.gov/SchoolDirectory/details?cdscode=77764220131490,"[{""info"": ""Kevin Kuykendall Academic Director (801) 920-1832 kevin@telosrtc.com"", ""email"": ""kevin@telosrtc.com""}]",77 76422 0131490,Out of State,Nonpublic Certified School,Information Not Available,(801) 426-8825,https://www.google.com/maps/place/870+West+Center+St.+Orem+UT+84057,12,"November 30, 2018",7,"870 West Center St. Orem, UT 84057","September 25, 2014",(801) 426-8800,No,Telos Academy,"870 West Center St. Orem, UT 84057",High Schools (Private),Link to CDE Private School Data page,https://www.cde.ca.gov/ds/si/ps/,Active,www.telosrtc.com/,http://www.telosrtc.com/,Out-of-State Nonpublic,Telos Academy,High Schools (Private),Private,Active
77764220138578,No,Out of State,https://www.cde.ca.gov/SchoolDirectory/details?cdscode=77764220138578,"[{""info"": ""Victoria Rami-Glider Administrator (262) 569-5510 vicky.rami-glider@geneseelakeschool.com"", ""email"": ""vicky.rami-glider@geneseelakeschool.com""}]",77 76422 0138578,Out of State,Nonpublic Certified School,vicky.rami-glider@geneseelakeschool.com,(262) 569-5513,https://www.google.com/maps/place/36100+Genesee+Lake+Road+Oconomowoc+WI+53066,12,"November 30, 2018",K,"36100 Genesee Lake Road Oconomowoc, WI 53066","November 9, 2018",(262) 569-5510,No,Genesee Lake School,"36100 Genesee Lake Road Oconomowoc, WI 53066",K-12 Schools (Private),Link to CDE Private School Data page,https://www.cde.ca.gov/ds/si/ps/,Active,Information Not Available,,Out-of-State Nonpublic,Genesee Lake School,K-12 Schools (Private),Private,Active
77764220141945,No,Out of State,https://www.cde.ca.gov/SchoolDirectory/details?cdscode=77764220141945,"[{""info"": ""Kevin Kuykendall Academic Director (801) 426-8800 kkuykendall@telos.org"", ""email"": ""kkuykendall@telos.org""}]",77 76422 0141945,Out of State,Nonpublic Certified School,Information Not Available,Information Not Available,https://www.google.com/maps/place/600+South+Geneva+Rd.+Orem+UT+84059-5803,12,"October 12, 2022",9,"600 South Geneva Rd. Orem, UT 84059-5803","August 31, 2022",(801) 877-5300,No,Telos Academy - Geneva,"600 South Geneva Rd. Orem, UT 84059-5803",High Schools (Private),Link to CDE Private School Data page,https://www.cde.ca.gov/ds/si/ps/,Active,http://telos.org,http://telos.org,Out-of-State Nonpublic,Telos Academy - Geneva,High Schools (Private),Private,Active
77764220129809,No,Out of State,https://www.cde.ca.gov/SchoolDirectory/details?cdscode=77764220129809,"[{""info"": ""Bruce Humphries Site Administrator (435) 538-5061 bruce@triumphyouthservices.com"", ""email"": ""bruce@triumphyouthservices.com""}]",77 76422 0129809,Out of State,Nonpublic Certified School,Information Not Available,(435) 538-5063,https://www.google.com/maps/place/62+South+950+West+Brigham+City+UT+84302,12,"November 30, 2018",6,"62 South 950 West Brigham City, UT 84302","October 31, 2013",(435) 531-9277,No,Triumph Academy,"62 South 950 West Brigham City, UT 84302",K-12 Schools (Private),Link to CDE Private School Data page,https://www.cde.ca.gov/ds/si/ps/,Active,Information Not Available,,Out-of-State Nonpublic,Triumph Academy,K-12 Schools (Private),Private,Active
77764220164921,No,Out of State,https://www.cde.ca.gov/SchoolDirectory/details?cdscode=77764220164921,"[{""info"": ""Daryn Reiner Executive Director (435) 245-2600 dreiner@uintaacademy.com"", ""email"": ""dreiner@uintaacademy.com""}]",77 76422 0164921,Out of State,Nonpublic Certified School,admissions@uintaacademy.com,Information Not Available,https://www.google.com/maps/place/3746+South+4800+West+Wellsville+UT+84399,12,"June 14, 2024",7,"3746 South 4800 West Wellsville, UT 84399","June 13, 2024",(435) 295-4194,No,Uinta Academy,"3746 South 4800 West Wellsville, UT 84399",K-12 Schools (Private),Link to CDE Private School Data page,https://www.cde.ca.gov/ds/si/ps/,Active,http://uintaacademy.com/,http://uintaacademy.com/,Out-of-State Nonpublic,Uinta Academy,K-12 Schools (Private),Private,Active
77764220142356,No,Out of State,https://www.cde.ca.gov/SchoolDirectory/details?cdscode=77764220142356,"[{""info"": ""Jess Christen NPS Administrator (801) 830-3303 jessc@ascentprograms.com"", ""email"": ""jessc@ascentprograms.com""}]",77 76422 0142356,Out of State,Nonpublic Certified School,contact@waypointacademy.com,(801) 917-6034,https://www.google.com/maps/place/9091+E.+Highway+39+Huntsville+UT+84317,12,"November 7, 2023",7,"9091 E. Highway 39 Huntsville, UT 84317","November 3, 2023",(385) 247-0474,No,WayPoint Academy,"9091 E. Highway 39 Huntsville, UT 84317",K-12 Schools (Private),Link to CDE Private School Data page,https://www.cde.ca.gov/ds/si/ps/,Active,www.waypointacademy.com,http://www.waypointacademy.com,Out-of-State Nonpublic,WayPoint Academy,K-12 Schools (Private),Private,Active
77764220141333,No,Out of State,https://www.cde.ca.gov/SchoolDirectory/details?cdscode=77764220141333,"[{""info"": ""Owen Baisden Administrator (406) 295-7684 owen@turningwinds.com"", ""email"": ""owen@turningwinds.com""}]",77 76422 0141333,Out of State,Nonpublic Certified School,owen@turningwinds.com,Information Not Available,https://www.google.com/maps/place/31733+South+Fork+Yaak+Rd.+Troy+MT+59935,12,"February 18, 2022",7,"31733 South Fork Yaak Rd. Troy, MT 59935","November 3, 2021",(406) 295-5400,No,Turning Winds Academic Institute,"31733 South Fork Yaak Rd. Troy, MT 59935",K-12 Schools (Private),Link to CDE Private School Data page,https://www.cde.ca.gov/ds/si/ps/,Active,http://turningwinds.com,http://turningwinds.com,Out-of-State Nonpublic,Turning Winds Academic Institute,K-12 Schools (Private),Private,Active
77764226131262,No,Out of State,https://www.cde.ca.gov/SchoolDirectory/details?cdscode=77764226131262,"[{""info"": ""Josh Vineyard Administrator (801) 572-6989 Joshua.vineyard@youthcare.com"", ""email"": ""Joshua.vineyard@youthcare.com""}]",77 76422 6131262,Out of State,Nonpublic Certified School,Joshua.vineyard@youthcare.com,Information Not Available,https://www.google.com/maps/place/12595+South+Minuteman+Dr.+Draper+UT+84020-9541,12,"December 31, 2020",6,"12595 South Minuteman Dr. Draper, UT 84020-9541","October 20, 2004",(801) 572-6989,No,Youth Care - Pine Ridge Academy,"12595 South Minuteman Dr. Draper, UT 84020-9541",K-12 Schools (Private),Link to CDE Private School Data page,https://www.cde.ca.gov/ds/si/ps/,Active,Information Not Available,,Out-of-State Nonpublic,Youth Care - Pine Ridge Academy,K-12 Schools (Private),Private,Active
31668290118422,No,Placer,https://www.cde.ca.gov/SchoolDirectory/details?cdscode=31668290118422,"[{""info"": ""Mr. Daniel White Principal danny@placerlc.com"", ""email"": ""danny@placerlc.com""}, {""info"": ""Mrs. Angela Krohn-Kenner (Custodian of Records) admin@placerlc.com"", ""email"": ""admin@placerlc.com""}]",31 66829 0118422,Placer,Nonpublic Certified School,danny@placerlc.com,(916) 791-0860,https://www.google.com/maps/place/5477+Eureka+Rd.+Granite+Bay+CA+95746-8858,12,"October 13, 2025",K,"5477 Eureka Rd. Granite Bay, CA 95746-8858","August 27, 2008",(916) 774-1260,No,Placer Learning Center,"5477 Eureka Rd. Granite Bay, CA 95746-8858",Elementary School (Private),Link to CDE Private School Data page,https://www.cde.ca.gov/ds/si/ps/,Active,http://placerlc.com,http://placerlc.com,Eureka Union,Placer Learning Center,Elementary School (Private),Private,Active
31668450127779,No,Placer,https://www.cde.ca.gov/SchoolDirectory/details?cdscode=31668450127779,"[{""info"": ""Mr. Chuk Ezeli Administrator cezeli@sierrafoothillsacademy.org"", ""email"": ""cezeli@sierrafoothillsacademy.org""}, {""info"": ""Mr. Chuk Ezeli (Custodian of Records) cezeli@sierrafoothillsacademy.org"", ""email"": ""cezeli@sierrafoothillsacademy.org""}]",31 66845 0127779,Placer,Nonpublic Certified School,cezeli@sierrafoothillsacademy.org,(916) 259-2794,https://www.google.com/maps/place/6245+King+Rd.+Loomis+CA+95650-8801,12,"February 5, 2026",K,"6245 King Rd. Loomis, CA 95650-8801","March 22, 2013",(916) 259-2790,No,Sierra Foothills Academy,"6245 King Rd. Loomis, CA 95650-8801",K-12 Schools (Private),Link to CDE Private School Data page,https://www.cde.ca.gov/ds/si/ps/,Active,http://sierrafoothillsacademy.org,https://sierrafoothillsacademy.org,Loomis Union Elementary,Sierra Foothills Academy,K-12 Schools (Private),Private,Active
31669287084890,No,Placer,https://www.cde.ca.gov/SchoolDirectory/details?cdscode=31669287084890,"[{""info"": ""Jeffrey Beesley Administrator gatesoflearning@gatewayresidential.org"", ""email"": ""gatesoflearning@gatewayresidential.org""}, {""info"": ""Kevin Malone (Custodian of Records) kevin.m@gatewayresidential.org"", ""email"": ""kevin.m@gatewayresidential.org""}]",31 66928 7084890,Placer,Nonpublic Certified School,gatesoflearning@gatewayresidential.org,(916) 782-4544,"https://www.google.com/maps/place/1780+Vernon+St.,+Ste.+5+Roseville+CA+95678-6311",12,"August 22, 2023",7,"1780 Vernon St., Ste. 5 Roseville, CA 95678-6311","July 1, 1980",(916) 782-1111,No,Gates of Learning Center,"1780 Vernon St., Ste. 5 Roseville, CA 95678-6311",K-12 Schools (Private),Link to CDE Private School Data page,https://www.cde.ca.gov/ds/si/ps/,Active,Information Not Available,,Roseville Joint Union High,Gates of Learning Center,K-12 Schools (Private),Private,Active
77764220139642,No,Out of State,https://www.cde.ca.gov/SchoolDirectory/details?cdscode=77764220139642,"[{""info"": ""Jeana Thomsen Executive Director (801) 380-4416 jeanat@newhavenrtc.com"", ""email"": ""jeanat@newhavenrtc.com""}]",77 76422 0139642,Out of State,Nonpublic Certified School,Admissions@NewHavenRTC.com,(801) 794-9558,https://www.google.com/maps/place/228+West+400+North+Saratoga+Springs+UT+84045-3102,12,"October 1, 2019",8,"228 West 400 North Saratoga Springs, UT 84045-3102","August 22, 2019",(801) 794-1218,No,New Haven Residential Treatment Center - Saratoga Springs,"228 West 400 North Saratoga Springs, UT 84045-3102",High Schools (Private),Link to CDE Private School Data page,https://www.cde.ca.gov/ds/si/ps/,Active,www.newhavenrtc.com/,http://www.newhavenrtc.com/,Out-of-State Nonpublic,New Haven Residential Treatment Center - Saratoga Springs,High Schools (Private),Private,Active
33670826167761,No,Riverside,https://www.cde.ca.gov/SchoolDirectory/details?cdscode=33670826167761,"[{""info"": ""Ivy Webb Director Ivy.Webb@chancelight.com"", ""email"": ""Ivy.Webb@chancelight.com""}, {""info"": ""Lisa Schiesher (Custodian of Records) registrar@chancelight.com"", ""email"": ""registrar@chancelight.com""}]",33 67082 6167761,Riverside,Nonpublic Certified School,Ivy.webb@chancelight.com,Information Not Available,https://www.google.com/maps/place/136+N+Ramona+St.+Hemet+CA+92543-4030,12,"August 19, 2025",K,"136 N Ramona St. Hemet, CA 92543-4030","August 15, 2023",(951) 554-1956,No,Spectrum Center Hemet,"136 N Ramona St. Hemet, CA 92543-4030",K-12 Schools (Private),Link to CDE Private School Data page,https://www.cde.ca.gov/ds/si/ps/,Active,www.chancelight.com,http://www.chancelight.com,Hemet Unified,Spectrum Center Hemet,K-12 Schools (Private),Private,Active
33670900131052,No,Riverside,https://www.cde.ca.gov/SchoolDirectory/details?cdscode=33670900131052,"[{""info"": ""Cera Rivera Director cerarivera@chancelight.com"", ""email"": ""cerarivera@chancelight.com""}, {""info"": ""Ms. Cera Rivera (Custodian of Records) cerarivera@chancelight.com"", ""email"": ""cerarivera@chancelight.com""}]",33 67090 0131052,Riverside,Nonpublic Certified School,cerarivera@chancelight.com,(510) 741-2775,https://www.google.com/maps/place/3600+Packard+Ave.+Jurupa+Valley+CA+92509-4519,6,"January 13, 2026",K,"3600 Packard Ave. Jurupa Valley, CA 92509-4519","July 31, 2014",(951) 222-7827,No,Spectrum Center Schools - Jurupa Elementary,"3600 Packard Ave. Jurupa Valley, CA 92509-4519",Elementary School (Private),Link to CDE Private School Data page,https://www.cde.ca.gov/ds/si/ps/,Active,www.spectrumschools.com/campuses/jurupa-valley-ina-arbuckle-elementary/,https://www.spectrumschools.com/campuses/jurupa-valley-ina-arbuckle-elementary/,Jurupa Unified,Spectrum Center Schools - Jurupa Elementary,Elementary School (Private),Private,Active
33752007071533,No,Riverside,https://www.cde.ca.gov/SchoolDirectory/details?cdscode=33752007071533,"[{""info"": ""Athene Banche Director of Education (951) 677-5599 atheneb@oakgrovecenter.org"", ""email"": ""atheneb@oakgrovecenter.org""}, {""info"": ""Ms. Kathryn Kelly (Custodian of Records) katiek@oakgrovecenter.org"", ""email"": ""katiek@oakgrovecenter.org""}]",33 75200 7071533,Riverside,Nonpublic Certified School,atheneb@oakgrovecenter.org,(951) 677-4549,https://www.google.com/maps/place/24275+Jefferson+Ave.+Murrieta+CA+92562-7285,12,"October 16, 2025",K,"24275 Jefferson Ave. Murrieta, CA 92562-7285","July 1, 1980",(951) 677-5599,No,Oak Grove Center / Jack Weaver,"24275 Jefferson Ave. Murrieta, CA 92562-7285",K-12 Schools (Private),Link to CDE Private School Data page,https://www.cde.ca.gov/ds/si/ps/,Active,www.oakgrovecenter.org,http://www.oakgrovecenter.org,Murrieta Valley Unified,Oak Grove Center / Jack Weaver,K-12 Schools (Private),Private,Active
33672077104490,No,Riverside,https://www.cde.ca.gov/SchoolDirectory/details?cdscode=33672077104490,"[{""info"": ""Ms. Shannon Persson Administrator shannonp@oakgrovecenter.org"", ""email"": ""shannonp@oakgrovecenter.org""}, {""info"": ""Ms. Charesa Marble (Custodian of Records) charesam@oakgrovecenter.org"", ""email"": ""charesam@oakgrovecenter.org""}]",33 67207 7104490,Riverside,Nonpublic Certified School,atheneb@oakgrovecenter.org,(951) 238-6028,https://www.google.com/maps/place/1251+North+A+St.+Perris+CA+92570-1911,12,"October 16, 2025",K,"1251 North A St. Perris, CA 92570-1911","August 12, 2004",(951) 238-6022,No,Oak Grove at The Ranch,"1251 North A St. Perris, CA 92570-1911",K-12 Schools (Private),Link to CDE Private School Data page,https://www.cde.ca.gov/ds/si/ps/,Active,www.oakgrovecenter.org,http://www.oakgrovecenter.org,Perris Union High,Oak Grove at The Ranch,K-12 Schools (Private),Private,Active
33672156168884,No,Riverside,https://www.cde.ca.gov/SchoolDirectory/details?cdscode=33672156168884,"[{""info"": ""Ms. Casandra Nguyen Administrator cnguyen@beacondayschool.com"", ""email"": ""cnguyen@beacondayschool.com""}, {""info"": ""Mr. Leigh Reagan (Custodian of Records) lreagan@beacondayschool.com"", ""email"": ""lreagan@beacondayschool.com""}]",33 67215 6168884,Riverside,Nonpublic Certified School,Cnguyen@beacondayschool.com,(951) 475-6567,https://www.google.com/maps/place/6696+Via+Vista+Dr.+Riverside+CA+92506-5628,12,"February 2, 2026",K,"6696 Via Vista Dr. Riverside, CA 92506-5628","November 27, 2023",(951) 516-8040,No,Beacon Day School Riverside,"6696 Via Vista Dr. Riverside, CA 92506-5628",High Schools (Private),Link to CDE Private School Data page,https://www.cde.ca.gov/ds/si/ps/,Active,www.beacondayschool.com/,https://www.beacondayschool.com/,Riverside Unified,Beacon Day School Riverside,High Schools (Private),Private,Active
33672156167993,No,Riverside,https://www.cde.ca.gov/SchoolDirectory/details?cdscode=33672156167993,"[{""info"": ""Dr. Ruth Heger Other rheger@dhsschools.com"", ""email"": ""rheger@dhsschools.com""}, {""info"": ""Ms. Pamela Lamberth (Custodian of Records) plamberth@dhsschools.com"", ""email"": ""plamberth@dhsschools.com""}]",33 67215 6167993,Riverside,Nonpublic Certified School,bcolucci@dhsschools.com,Information Not Available,https://www.google.com/maps/place/9994+County+Farm+Rd.+Riverside+CA+92503-3518,12,"November 5, 2025",K,"9994 County Farm Rd. Riverside, CA 92503-3518","September 6, 2023",(951) 785-0504,No,Dynamic Hope Schools Riverside,"9994 County Farm Rd. Riverside, CA 92503-3518",High Schools (Private),Link to CDE Private School Data page,https://www.cde.ca.gov/ds/si/ps/,Active,www.dhsschools.com,http://www.dhsschools.com,Riverside Unified,Dynamic Hope Schools Riverside,High Schools (Private),Private,Active
33672156171995,No,Riverside,https://www.cde.ca.gov/SchoolDirectory/details?cdscode=33672156171995,"[{""info"": ""Mrs. Lois Smith Administrator lois.smith@srark12.org"", ""email"": ""lois.smith@srark12.org""}, {""info"": ""Ms. Lizabeth Freeman (Custodian of Records) lizabeth.freeman@srark12.org"", ""email"": ""lizabeth.freeman@srark12.org""}]",33 67215 6171995,Riverside,Nonpublic Certified School,lizabeth.freeman@srark12.org,(909) 581-9976,https://www.google.com/maps/place/1989+Atlanta+Ave+Riverside+CA+92507-2460,12,"December 10, 2025",K,"1989 Atlanta Ave Riverside, CA 92507-2460","May 12, 2025",(951) 877-3330,No,Stoneridge Academy Riverside,"1989 Atlanta Ave Riverside, CA 92507-2460",K-12 Schools (Private),Link to CDE Private School Data page,https://www.cde.ca.gov/ds/si/ps/,Active,Information Not Available,,Riverside Unified,Stoneridge Academy Riverside,K-12 Schools (Private),Private,Active
34673147048887,No,Sacramento,https://www.cde.ca.gov/SchoolDirectory/details?cdscode=34673147048887,"[{""info"": ""Ruth Zilch Principal ruthzilch@mv.email"", ""email"": ""ruthzilch@mv.email""}, {""info"": ""Teresa Petrie (Custodian of Records) teresa@mv.email"", ""email"": ""teresa@mv.email""}]",34 67314 7048887,Sacramento,Nonpublic Certified School,ruthzilch@mv.email,(530) 292-3803,https://www.google.com/maps/place/9200+Sweet+Acacia+Way+Sacramento+CA+95829-1130,12,"October 25, 2022",5,"24077 St Hwy 49 Nevada City, CA 95959","August 12, 2004",(530) 265-9057,No,Mountain Valley School - Gerber,"9200 Sweet Acacia Way Sacramento, CA 95829-1130",K-12 Schools (Private),Link to CDE Private School Data page,https://www.cde.ca.gov/ds/si/ps/,Active,Information Not Available,,Elk Grove Unified,Mountain Valley School - Gerber,K-12 Schools (Private),Private,Active
34673147099757,No,Sacramento,https://www.cde.ca.gov/SchoolDirectory/details?cdscode=34673147099757,"[{""info"": ""Ruth Zilch Principal RuthZilch@mv.email"", ""email"": ""RuthZilch@mv.email""}, {""info"": ""Mrs. Teresa Petrie (Custodian of Records) Teresa@mv.email"", ""email"": ""Teresa@mv.email""}]",34 67314 7099757,Sacramento,Nonpublic Certified School,ruthzilch@mv.email,(530) 292-3803,https://www.google.com/maps/place/7818+Bar+Du+Ln.+Sacramento+CA+95829-9469,12,"September 8, 2025",5,"24077 St Hwy 49 Nevada City, CA 95959","July 1, 1980",(530) 265-9057,No,Mountain Valley School - Bar Du,"7818 Bar Du Ln. Sacramento, CA 95829-9469",High Schools (Private),Link to CDE Private School Data page,https://www.cde.ca.gov/ds/si/ps/,Active,http://mountainvalleyfamilyservices.net,http://mountainvalleyfamilyservices.net,Elk Grove Unified,Mountain Valley School - Bar Du,High Schools (Private),Private,Active
33751920130831,No,Riverside,https://www.cde.ca.gov/SchoolDirectory/details?cdscode=33751920130831,"[{""info"": ""Dr. Leslie Huscher Director (951) 719-3738 leslie@bigspringsedherapycenter.org"", ""email"": ""leslie@bigspringsedherapycenter.org""}, {""info"": ""Dr. Leslie Huscher (Custodian of Records) leslie@bigspringsedtherapycenter.org"", ""email"": ""leslie@bigspringsedtherapycenter.org""}]",33 75192 0130831,Riverside,Nonpublic Certified School,leslie@bigspringsedtherapycenter.org,(951) 719-3731,https://www.google.com/maps/place/41769+Enterprise+Cir.+N+Ste+101+Temecula+CA+92590-5626,8,"August 6, 2025",K,"41769 Enterprise Cir. N Ste 101 Temecula, CA 92590-5626","July 15, 2014",(951) 719-3738,No,Big Springs School Temecula,"41769 Enterprise Cir. N Ste 101 Temecula, CA 92590-5626",K-12 Schools (Private),Link to CDE Private School Data page,https://www.cde.ca.gov/ds/si/ps/,Active,Information Not Available,,Temecula Valley Unified,Big Springs School Temecula,K-12 Schools (Private),Private,Active
34673306130611,No,Sacramento,https://www.cde.ca.gov/SchoolDirectory/details?cdscode=34673306130611,"[{""info"": ""Mr. Ira Ross Site Administrator (916) 258-7657 iross@capitolacademy.net"", ""email"": ""iross@capitolacademy.net""}, {""info"": ""Nicole Ross (Custodian of Records) Hr@capitolacademy.net"", ""email"": ""Hr@capitolacademy.net""}]",34 67330 6130611,Sacramento,Nonpublic Certified School,iross@capitolacademy.net,(916) 266-2615,https://www.google.com/maps/place/3063+Gold+Canal+Dr.+Rancho+Cordova+CA+95670-6129,12,"May 21, 2025",12,"3063 Gold Canal Dr. Rancho Cordova, CA 95670-6129","July 1, 2005",(916) 258-7657,No,Capitol Academy,"3063 Gold Canal Dr. Rancho Cordova, CA 95670-6129",K-12 Schools (Private),Link to CDE Private School Data page,https://www.cde.ca.gov/ds/si/ps/,Active,www.capitolacademy.net,http://www.capitolacademy.net,Folsom-Cordova Unified,Capitol Academy,K-12 Schools (Private),Private,Active
34674390131532,No,Sacramento,https://www.cde.ca.gov/SchoolDirectory/details?cdscode=34674390131532,"[{""info"": ""Ira Ross Site Administrator (916) 258-7657 iross@capitolelementary.com"", ""email"": ""iross@capitolelementary.com""}, {""info"": ""Nicole Ross (Custodian of Records) hr@capitolelementary.com"", ""email"": ""hr@capitolelementary.com""}]",34 67439 0131532,Sacramento,Nonpublic Certified School,iross@capitolelementary.com,(916) 374-5401,https://www.google.com/maps/place/5700+13th+Ave.+Sacramento+CA+95820-2325,8,"May 21, 2025",K,"5700 13th Ave. Sacramento, CA 95820-2325","January 2, 2015",(916) 374-5400,No,Capitol Elementary,"5700 13th Ave. Sacramento, CA 95820-2325",Elementary School (Private),Link to CDE Private School Data page,https://www.cde.ca.gov/ds/si/ps/,Active,www.capitolelementary.com,http://www.capitolelementary.com,Sacramento City Unified,Capitol Elementary,Elementary School (Private),Private,Active
34674390115220,No,Sacramento,https://www.cde.ca.gov/SchoolDirectory/details?cdscode=34674390115220,"[{""info"": ""Mr. Robert Hanson Director, Education robert.hanson@kadiant.com"", ""email"": ""robert.hanson@kadiant.com""}, {""info"": ""Ms. Paola Sanches (Custodian of Records) Paola.Sanches@kadiant.com"", ""email"": ""Paola.Sanches@kadiant.com""}]",34 67439 0115220,Sacramento,Nonpublic Certified School,robert.hanson@kadiant.com,(916) 427-1071,https://www.google.com/maps/place/2751+Wilmington+Ave.+Sacramento+CA+95820-1048,12,"November 26, 2024",K,"2751 Wilmington Ave. Sacramento, CA 95820-1048","July 24, 2007",(916) 923-1789,No,Kadiant LLC - Land Park Campus,"2751 Wilmington Ave. Sacramento, CA 95820-1048",K-12 Schools (Private),Link to CDE Private School Data page,https://www.cde.ca.gov/ds/si/ps/,Active,http://kadiant.com,http://kadiant.com,Sacramento City Unified,Kadiant LLC - Land Park Campus,K-12 Schools (Private),Private,Active
34674397085590,No,Sacramento,https://www.cde.ca.gov/SchoolDirectory/details?cdscode=34674397085590,"[{""info"": ""Ms. Daneen Johnson Principal djohnson@ncpsschool.com"", ""email"": ""djohnson@ncpsschool.com""}, {""info"": ""Jill Cain (Custodian of Records) jcain@ncpsschool.com"", ""email"": ""jcain@ncpsschool.com""}]",34 67439 7085590,Sacramento,Nonpublic Certified School,djohnson@ncpsschool.com,(916) 383-6221,https://www.google.com/maps/place/6046+Lemon+Hill+Ave.+Sacramento+CA+95824-3230,12,"October 17, 2025",7,"6046 Lemon Hill Ave. Sacramento, CA 95824-3230","July 1, 1980",(916) 383-6222,No,Northern California Preparatory,"6046 Lemon Hill Ave. Sacramento, CA 95824-3230",K-12 Schools (Private),Link to CDE Private School Data page,https://www.cde.ca.gov/ds/si/ps/,Active,http://ncpsschool.com,https://ncpsschool.com,Sacramento City Unified,Northern California Preparatory,K-12 Schools (Private),Private,Active
34674397051394,No,Sacramento,https://www.cde.ca.gov/SchoolDirectory/details?cdscode=34674397051394,"[{""info"": ""Ms. Lisa McDaniel Director lmcdaniel@pointquested.com"", ""email"": ""lmcdaniel@pointquested.com""}, {""info"": ""Pahoua Shee Thao (Custodian of Records) sthao@pointquested.com"", ""email"": ""sthao@pointquested.com""}]",34 67439 7051394,Sacramento,Nonpublic Certified School,lmcdaniel@pointquested.com,(916) 422-0160,https://www.google.com/maps/place/8379+Fruitridge+Rd.+Sacramento+CA+95826,12,"October 4, 2025",K,"8379 Fruitridge Rd. Sacramento, CA 95826","July 1, 1980",(916) 422-0571,No,"Point Quest Education, Inc.","8379 Fruitridge Rd. Sacramento, CA 95826",K-12 Schools (Private),Link to CDE Private School Data page,https://www.cde.ca.gov/ds/si/ps/,Active,www.pointquested.com,http://www.pointquested.com,Sacramento City Unified,"Point Quest Education, Inc.",K-12 Schools (Private),Private,Active
34674476937999,No,Sacramento,https://www.cde.ca.gov/SchoolDirectory/details?cdscode=34674476937999,"[{""info"": ""Daniel Ramirez Site Administrator dramirez@aldaracademy.org"", ""email"": ""dramirez@aldaracademy.org""}, {""info"": ""Mr. Daniel Ramirez (Custodian of Records) dramirez@aldaracademy.org"", ""email"": ""dramirez@aldaracademy.org""}]",34 67447 6937999,Sacramento,Nonpublic Certified School,ed@aldaracademy.org,(916) 485-1569,https://www.google.com/maps/place/4436+Engle+Rd.+Sacramento+CA+95821-3306,12,"August 6, 2025",K,"4436 Engle Rd. Sacramento, CA 95821-3306","July 1, 1980",(916) 485-9685,No,Aldar Academy,"4436 Engle Rd. Sacramento, CA 95821-3306",K-12 Schools (Private),Link to CDE Private School Data page,https://www.cde.ca.gov/ds/si/ps/,Active,www.aldaracademy.org,http://www.aldaracademy.org,San Juan Unified,Aldar Academy,K-12 Schools (Private),Private,Active
36675876154496,No,San Bernardino,https://www.cde.ca.gov/SchoolDirectory/details?cdscode=36675876154496,"[{""info"": ""Rebecca Garcia Principal (760) 530-6168 rgarcia@dhsschools.com"", ""email"": ""rgarcia@dhsschools.com""}, {""info"": ""Ms. Pamela Lamberth (Custodian of Records) plamberth@dhsschools.com"", ""email"": ""plamberth@dhsschools.com""}]",36 67587 6154496,San Bernardino,Nonpublic Certified School,rgarcia@dhsschools.com,Information Not Available,https://www.google.com/maps/place/17960+Adelanto+Rd.+Adelanto+CA+92301-1708,12,"June 11, 2025",K,"17960 Adelanto Rd. Adelanto, CA 92301-1708","January 31, 2018",(760) 530-6168,No,Dynamic Hope Schools - Adelanto,"17960 Adelanto Rd. Adelanto, CA 92301-1708",K-12 Schools (Private),Link to CDE Private School Data page,https://www.cde.ca.gov/ds/si/ps/,Active,www.dhsschools.com,http://www.dhsschools.com,Adelanto Elementary,Dynamic Hope Schools - Adelanto,K-12 Schools (Private),Private,Active
36676780125104,No,San Bernardino,https://www.cde.ca.gov/SchoolDirectory/details?cdscode=36676780125104,"[{""info"": ""Peter Barnes Administrator peter.barnes@chancelight.com"", ""email"": ""peter.barnes@chancelight.com""}, {""info"": ""Lisa Schiesher (Custodian of Records) registrar@chancelight.com"", ""email"": ""registrar@chancelight.com""}]",36 67678 0125104,San Bernardino,Nonpublic Certified School,peter.barnes@chancelight.com,(510) 741-2775,https://www.google.com/maps/place/15650+Pipeline+Ave.+Chino+Hills+CA+91709-3331,12,"August 19, 2025",6,"15650 Pipeline Ave. Chino Hills, CA 91709-3331","August 11, 2011",(909) 628-1201,No,Spectrum Center Schools-Chino Hills,"15650 Pipeline Ave. Chino Hills, CA 91709-3331",High Schools (Private),Link to CDE Private School Data page,https://www.cde.ca.gov/ds/si/ps/,Active,www.chancelight.com,http://www.chancelight.com,Chino Valley Unified,Spectrum Center Schools-Chino Hills,High Schools (Private),Private,Active
36676866153498,No,San Bernardino,https://www.cde.ca.gov/SchoolDirectory/details?cdscode=36676866153498,"[{""info"": ""Ms. Karla Rodriguez Director karla.rodriguez@sesischools.com"", ""email"": ""karla.rodriguez@sesischools.com""}, {""info"": ""Mr. Tina Crivelli-Wade (Custodian of Records) tina.crivelli@sesischools.com"", ""email"": ""tina.crivelli@sesischools.com""}]",36 67686 6153498,San Bernardino,Nonpublic Certified School,karla.rodriguez@sesischools.com,Information Not Available,https://www.google.com/maps/place/1325+E.+Cooley+Dr+Colton+CA+92324-3947,12,"September 5, 2025",4,"1325 E. Cooley Dr. Colton, CA 92324","December 14, 2020",(909) 254-5582,No,Sierra School of East Valley,"1325 E. Cooley Dr Colton, CA 92324-3947",K-12 Schools (Private),Link to CDE Private School Data page,https://www.cde.ca.gov/ds/si/ps/,Active,http://sesischools.com,http://sesischools.com,Colton Joint Unified,Sierra School of East Valley,K-12 Schools (Private),Private,Active
34674396152979,No,Sacramento,https://www.cde.ca.gov/SchoolDirectory/details?cdscode=34674396152979,"[{""info"": ""Ms. Quenice Davis Director Quenice.Davis@sesischools.com"", ""email"": ""Quenice.Davis@sesischools.com""}, {""info"": ""Ms. Sharay Koen (Custodian of Records) Sharay.Koen@sesischools.com"", ""email"": ""Sharay.Koen@sesischools.com""}]",34 67439 6152979,Sacramento,Nonpublic Certified School,quenice.davis@sesischools.com,Information Not Available,"https://www.google.com/maps/place/9738+Lincoln+Village+Dr.,+Ste.+100+Sacramento+CA+95827-3380",12,"August 7, 2025",K,"9738 Lincoln Village Dr., Ste. 100 Sacramento, CA 95827-3380","August 1, 2017",(916) 930-6189,No,Sierra School of Sacramento,"9738 Lincoln Village Dr., Ste. 100 Sacramento, CA 95827-3380",High Schools (Private),Link to CDE Private School Data page,https://www.cde.ca.gov/ds/si/ps/,Active,http://sesischools.com/location/sierra-school-of-sacramento/,https://sesischools.com/location/sierra-school-of-sacramento/,Sacramento City Unified,Sierra School of Sacramento,High Schools (Private),Private,Active
36677106130710,No,San Bernardino,https://www.cde.ca.gov/SchoolDirectory/details?cdscode=36677106130710,"[{""info"": ""Dr. Quinn Bobbitt Executive Director QBobbit@altusacademy.com"", ""email"": ""QBobbit@altusacademy.com""}, {""info"": ""Dr. Quinn Bobbitt (Custodian of Records) qbobbit@altusacademy.com"", ""email"": ""qbobbit@altusacademy.com""}]",36 67710 6130710,San Bernardino,Nonpublic Certified School,qbobbit@altusacademy.com,(951) 696-9178,https://www.google.com/maps/place/205+N.+Maple+Ave.+Rialto+CA+92377,12,"October 20, 2025",4,"P. O. Box 217, 205 N. Maple Ave. Rialto, CA 92377-0217","August 1, 2005",(909) 829-9999,No,Altus Academy,"205 N. Maple Ave. Rialto, CA 92377",K-12 Schools (Private),Link to CDE Private School Data page,https://www.cde.ca.gov/ds/si/ps/,Active,www.altusacademy.com,http://www.altusacademy.com,Fontana Unified,Altus Academy,K-12 Schools (Private),Private,Active
36750446154546,No,San Bernardino,https://www.cde.ca.gov/SchoolDirectory/details?cdscode=36750446154546,"[{""info"": ""Mr. Stephen Wierzbinski Principal wierzbinskis@mckinleycc.org"", ""email"": ""wierzbinskis@mckinleycc.org""}, {""info"": ""Ms. Victoria Amaya (Custodian of Records) amayav@mckinleycc.org"", ""email"": ""amayav@mckinleycc.org""}]",36 75044 6154546,San Bernardino,Nonpublic Certified School,debellisn@mckinleycc.org,(442) 267-9002,https://www.google.com/maps/place/8500+Escondido+Ave.+Hesperia+CA+92344-0100,12,"February 20, 2026",K,"8500 Escondido Ave. Hesperia, CA 92344-0100","April 5, 2018",(760) 206-7820,No,Desert View School,"8500 Escondido Ave. Hesperia, CA 92344-0100",Kindergartens (Private),Link to CDE Private School Data page,https://www.cde.ca.gov/ds/si/ps/,Active,www.mckinleycc.org/services/schoolprograms/,https://www.mckinleycc.org/services/schoolprograms/,Hesperia Unified,Desert View School,Kindergartens (Private),Private,Active
36677850135483,No,San Bernardino,https://www.cde.ca.gov/SchoolDirectory/details?cdscode=36677850135483,"[{""info"": ""Dr. Melaura Erickson-Tomaino Administrator merickson@portviewpreparatory.com"", ""email"": ""merickson@portviewpreparatory.com""}, {""info"": ""Mrs. Lisa Odendaal (Custodian of Records) lodendaal@portviewpreparatory.com"", ""email"": ""lodendaal@portviewpreparatory.com""}]",36 67785 0135483,San Bernardino,Nonpublic Certified School,emiguel@portviewpreparatory.com,(714) 485-3048,https://www.google.com/maps/place/1460+S.+Milliken+Ave+Ontario+CA+91761-2335,12,"October 8, 2024",K,"1460 S. Milliken Ave Ontario, CA 91761-2335","April 25, 2017",(909) 460-8140,No,Port View Preparatory - Ontario,"1460 S. Milliken Ave Ontario, CA 91761-2335",K-12 Schools (Private),Link to CDE Private School Data page,https://www.cde.ca.gov/ds/si/ps/,Active,www.portviewpreparatory.com,http://www.portviewpreparatory.com,Mountain View Elementary,Port View Preparatory - Ontario,K-12 Schools (Private),Private,Active
34673307099450,No,Sacramento,https://www.cde.ca.gov/SchoolDirectory/details?cdscode=34673307099450,"[{""info"": ""Ms. Laura Covello Executive Director laurac@cchatsacramento.org"", ""email"": ""laurac@cchatsacramento.org""}, {""info"": ""Ms. Laura Covello (Custodian of Records) LAURAC@CCHATSACRAMENTO.ORG"", ""email"": ""LAURAC@CCHATSACRAMENTO.ORG""}]",34 67330 7099450,Sacramento,Nonpublic Certified School,laurac@cchatsacramento.org,(916) 361-8613,https://www.google.com/maps/place/11100+Coloma+Rd.+Rancho+Cordova+CA+95670-2804,3,"September 16, 2025",K,"11100 Coloma Rd. Rancho Cordova, CA 95670-2804","July 1, 1980",(916) 361-7290,No,CCHAT Center–Sacramento,"11100 Coloma Rd. Rancho Cordova, CA 95670-2804",Elementary School (Private),Link to CDE Private School Data page,https://www.cde.ca.gov/ds/si/ps/,Active,http://WWW.CCHATSACRAMENTO.ORG,http://WWW.CCHATSACRAMENTO.ORG,Folsom-Cordova Unified,CCHAT Center–Sacramento,Elementary School (Private),Private,Active
36678760132779,No,San Bernardino,https://www.cde.ca.gov/SchoolDirectory/details?cdscode=36678760132779,"[{""info"": ""Mrs. Sharmel Weerasinghe Administrator sweerasinghe@preciousheartsacademy.org"", ""email"": ""sweerasinghe@preciousheartsacademy.org""}, {""info"": ""Mrs. Sharmel Weerasinghe (Custodian of Records) sweerasinghe@preciousheartsacademy.org"", ""email"": ""sweerasinghe@preciousheartsacademy.org""}]",36 67876 0132779,San Bernardino,Nonpublic Certified School,admin@preciousheartsacademy.org,(909) 383-1388,https://www.google.com/maps/place/225+W.+Hospitality+Ln.+Ste.+108+San+Bernardino+CA+92408-3244,12,"February 13, 2026",K,"225 W. Hospitality Ln. Ste. 108 San Bernardino, CA 92408-3244","August 3, 2015",(909) 383-0388,No,Precious Hearts Academy,"225 W. Hospitality Ln. Ste. 108 San Bernardino, CA 92408-3244",Elementary School (Private),Link to CDE Private School Data page,https://www.cde.ca.gov/ds/si/ps/,Active,www.preciousheartsacademy.org,http://www.preciousheartsacademy.org,San Bernardino City Unified,Precious Hearts Academy,Elementary School (Private),Private,Active
34674476914246,No,Sacramento,https://www.cde.ca.gov/SchoolDirectory/details?cdscode=34674476914246,"[{""info"": ""Mr. Shawn Sloane Executive Director shawnsloane@odysseylearningcenter.org"", ""email"": ""shawnsloane@odysseylearningcenter.org""}, {""info"": ""Mr. Shawn Sloane (Custodian of Records) shawnsloane@odysseylearningcenter.org"", ""email"": ""shawnsloane@odysseylearningcenter.org""}]",34 67447 6914246,Sacramento,Nonpublic Certified School,jessicamathews@odysseylearningcenter.org,(916) 988-0423,https://www.google.com/maps/place/7150+Santa+Juanita+Ave+Orangevale+CA+95662-2832,12,"November 26, 2024",K,"7150 Santa Juanita Ave Orangevale, CA 95662-2832","July 1, 1980",(916) 988-0258,No,Odyssey Learning Center,"7150 Santa Juanita Ave Orangevale, CA 95662-2832",Ungraded Schools (Private),Link to CDE Private School Data page,https://www.cde.ca.gov/ds/si/ps/,Active,www.odysseylearningcenter.org,http://www.odysseylearningcenter.org,San Juan Unified,Odyssey Learning Center,Ungraded Schools (Private),Private,Active
36678766169544,No,San Bernardino,https://www.cde.ca.gov/SchoolDirectory/details?cdscode=36678766169544,"[{""info"": ""Ms. Heidi Kutz Director heidi.kutz@sesischools.com"", ""email"": ""heidi.kutz@sesischools.com""}, {""info"": ""Ms. Heidi Kutz (Custodian of Records) heidi.kutz@sesischools.com"", ""email"": ""heidi.kutz@sesischools.com""}]",36 67876 6169544,San Bernardino,Nonpublic Certified School,heidi.kutz@sesischools.com,Information Not Available,https://www.google.com/maps/place/24302+4Th+St.+San+Bernardino+CA+92410-4919,12,"August 13, 2025",6,"24302 4Th St. San Bernardino, CA 92410-4919","April 22, 2024",(909) 300-4229,No,Sierra School at San Bernardino City,"24302 4Th St. San Bernardino, CA 92410-4919",K-12 Schools (Private),Link to CDE Private School Data page,https://www.cde.ca.gov/ds/si/ps/,Active,http://sesischools.com/locations/california/sierra-school-at-san-bernardino-city/,https://sesischools.com/locations/california/sierra-school-at-san-bernardino-city/,San Bernardino City Unified,Sierra School at San Bernardino City,K-12 Schools (Private),Private,Active
36750446172217,No,San Bernardino,https://www.cde.ca.gov/SchoolDirectory/details?cdscode=36750446172217,"[{""info"": ""Mrs. Rachael Gomez Director Rachael@inspiresacademy.org"", ""email"": ""Rachael@inspiresacademy.org""}, {""info"": ""Mrs. Lovey Mccall (Custodian of Records) Lovey@inspiresacademy.org"", ""email"": ""Lovey@inspiresacademy.org""}]",36 75044 6172217,San Bernardino,Nonpublic Certified School,Rachael@inspiresacademy.org,Information Not Available,https://www.google.com/maps/place/9980+Hesperia+Rd+Hesperia+CA+92345-3120,12,"August 28, 2025",K,"9980 Hesperia Rd Hesperia, CA 92345-3120","June 24, 2025",(909) 463-8525,No,Inspire Academy,"9980 Hesperia Rd Hesperia, CA 92345-3120",Elementary School (Private),Link to CDE Private School Data page,https://www.cde.ca.gov/ds/si/ps/,Active,www.inspiresacademy.org/,https://www.inspiresacademy.org/,Hesperia Unified,Inspire Academy,Elementary School (Private),Private,Active
37681306206270,No,San Diego,https://www.cde.ca.gov/SchoolDirectory/details?cdscode=37681306206270,"[{""info"": ""Bret Calhoun Site Administrator bretcalhoun@fredfinch.org"", ""email"": ""bretcalhoun@fredfinch.org""}, {""info"": ""Lea Davis (Custodian of Records) leadavis@fredfinch.org"", ""email"": ""leadavis@fredfinch.org""}]",37 68130 6206270,San Diego,Nonpublic Certified School,bretcalhoun@fredfinch.org,(619) 797-1091,"https://www.google.com/maps/place/3845+Spring+Dr.,+Rm.+18+Spring+Valley+CA+91977-1030",12,"February 2, 2026",6,"8787 Complex Dr., Ste. 300 San Diego, CA 92123","May 24, 2005",(619) 797-1090,No,Fred Finch Youth Center,"3845 Spring Dr., Rm. 18 Spring Valley, CA 91977-1030",K-12 Schools (Private),Link to CDE Private School Data page,https://www.cde.ca.gov/ds/si/ps/,Active,www.fredfinch.org/san-diego-dual-diagnosis-non-public,https://www.fredfinch.org/san-diego-dual-diagnosis-non-public,Grossmont Union High,Fred Finch Youth Center,K-12 Schools (Private),Private,Active
36679346168280,No,San Bernardino,https://www.cde.ca.gov/SchoolDirectory/details?cdscode=36679346168280,"[{""info"": ""Miss Dawn Sauby Administrator dawn.sauby@thelearnacademy.com"", ""email"": ""dawn.sauby@thelearnacademy.com""}, {""info"": ""Ms. Ashley Mckenzie (Custodian of Records) ashley.mckenzie@thelearnacademy.com"", ""email"": ""ashley.mckenzie@thelearnacademy.com""}]",36 67934 6168280,San Bernardino,Nonpublic Certified School,dawn.sauby@thelearnacademy.com,(424) 209-1650,"https://www.google.com/maps/place/12421+Hesperia+Rd,+Ste.+11+Victorville+CA+92392-5870",12,"October 20, 2025",1,"12421 Hesperia Rd, Ste. 11 Victorville, CA 92392-5870","October 3, 2023",(760) 241-0400,No,Learn Academy Victorville,"12421 Hesperia Rd, Ste. 11 Victorville, CA 92392-5870",K-12 Schools (Private),Link to CDE Private School Data page,https://www.cde.ca.gov/ds/si/ps/,Active,http://thelearnacademy.com,http://thelearnacademy.com,Victor Valley Union High,Learn Academy Victorville,K-12 Schools (Private),Private,Active
37681976927636,No,San Diego,https://www.cde.ca.gov/SchoolDirectory/details?cdscode=37681976927636,"[{""info"": ""Mr. Mike Collins Director mcollins@tiee.org"", ""email"": ""mcollins@tiee.org""}, {""info"": ""Ms. Hillary Whiteside (Custodian of Records) mcohen@tiee.org"", ""email"": ""mcohen@tiee.org""}]",37 68197 6927636,San Diego,Nonpublic Certified School,mcollins@tiee.org,(619) 466-1448,https://www.google.com/maps/place/5955+Severin+Dr.+La+Mesa+CA+91942-1942,8,"February 4, 2026",K,"2255 Camino del Rio South San Diego, CA 92108-3605","July 1, 1980",(619) 243-1400,No,Mt. Helix Academy,"5955 Severin Dr. La Mesa, CA 91942-1942",Elementary School (Private),Link to CDE Private School Data page,https://www.cde.ca.gov/ds/si/ps/,Active,http://mthelixacademy.org,http://mthelixacademy.org,La Mesa-Spring Valley,Mt. Helix Academy,Elementary School (Private),Private,Active
37681896170401,No,San Diego,https://www.cde.ca.gov/SchoolDirectory/details?cdscode=37681896170401,"[{""info"": ""Ms. Danielle McCay Administrator danielle.mccay@vbacalifornia.com"", ""email"": ""danielle.mccay@vbacalifornia.com""}, {""info"": ""Ms. Danielle Mccay (Custodian of Records) danielle.mccay@vbacalifornia.com"", ""email"": ""danielle.mccay@vbacalifornia.com""}]",37 68189 6170401,San Diego,Nonpublic Certified School,cbc@vbacalifornia.com,Information Not Available,https://www.google.com/maps/place/12443+Woodside+Ave+Lakeside+CA+92040-3017,8,"September 15, 2025",K,"12443 Woodside Ave Lakeside, CA 92040-3017","September 16, 2024",(619) 805-7333,No,VBA Center for Behavior Change,"12443 Woodside Ave Lakeside, CA 92040-3017",Elementary School (Private),Link to CDE Private School Data page,https://www.cde.ca.gov/ds/si/ps/,Active,http://vbacalifornia.com/,https://vbacalifornia.com/,Lakeside Union,VBA Center for Behavior Change,Elementary School (Private),Private,Active
37735697105075,No,San Diego,https://www.cde.ca.gov/SchoolDirectory/details?cdscode=37735697105075,"[{""info"": ""Ms. Patricia Friedman Director patf@teriinc.org"", ""email"": ""patf@teriinc.org""}, {""info"": ""Mrs. Gloria Morrow (Custodian of Records) gloria.morrow@teriinc.org"", ""email"": ""gloria.morrow@teriinc.org""}]",37 73569 7105075,San Diego,Nonpublic Certified School,patf@teriinc.org,Information Not Available,https://www.google.com/maps/place/305+Airport+Rd.+Oceanside+CA+92058-1201,12,"October 15, 2025",1,"251 Airport Rd. Oceanside, CA 92058","August 12, 2004",(760) 721-1706,No,TERI- The Learning Academy,"305 Airport Rd. Oceanside, CA 92058-1201",K-12 Schools (Private),Link to CDE Private School Data page,https://www.cde.ca.gov/ds/si/ps/,Active,www.teriinc.org,http://www.teriinc.org,Oceanside Unified,TERI- The Learning Academy,K-12 Schools (Private),Private,Active
37682966130777,No,San Diego,https://www.cde.ca.gov/SchoolDirectory/details?cdscode=37682966130777,"[{""info"": ""Mr. Steven Mayo Principal office@thenewbridgeschool.com"", ""email"": ""office@thenewbridgeschool.com""}, {""info"": ""Mr. Steven Mayo (Custodian of Records) office@thenewbridgeschool.com"", ""email"": ""office@thenewbridgeschool.com""}]",37 68296 6130777,San Diego,Nonpublic Certified School,office@thenewbridgeschool.com,Information Not Available,https://www.google.com/maps/place/12285+Oak+Knoll+Rd.+Poway+CA+92064-5317,8,"November 26, 2024",K,"12285 Oak Knoll Rd. Poway, CA 92064-5317","January 1, 2005",(858) 679-5744,No,NewBridge School,"12285 Oak Knoll Rd. Poway, CA 92064-5317",Elementary School (Private),Link to CDE Private School Data page,https://www.cde.ca.gov/ds/si/ps/,Active,http://thenewbridgeschool.com/,http://thenewbridgeschool.com/,Poway Unified,NewBridge School,Elementary School (Private),Private,Active
37683380110809,No,San Diego,https://www.cde.ca.gov/SchoolDirectory/details?cdscode=37683380110809,"[{""info"": ""Katie Fay Director kfay@acesaba.com"", ""email"": ""kfay@acesaba.com""}, {""info"": ""Dika Karakashian (Custodian of Records) dkarakashian@acesaba.com"", ""email"": ""dkarakashian@acesaba.com""}]",37 68338 0110809,San Diego,Nonpublic Certified School,kfay@acesaba.com,(619) 278-0885,https://www.google.com/maps/place/3684+4Th+Ave.+San+Diego+CA+92103-4176,12,"August 12, 2025",2,"3684 4Th Ave. San Diego, CA 92103-4176","April 6, 2005",(619) 964-6321,No,"ACES 2020 LLC, DBA: Aces Academy","3684 4Th Ave. San Diego, CA 92103-4176",K-12 Schools (Private),Link to CDE Private School Data page,https://www.cde.ca.gov/ds/si/ps/,Active,www.acesaba.com,http://www.acesaba.com,San Diego Unified,"ACES 2020 LLC, DBA: Aces Academy",K-12 Schools (Private),Private,Active
37683386987960,No,San Diego,https://www.cde.ca.gov/SchoolDirectory/details?cdscode=37683386987960,"[{""info"": ""Alicia Ritter Director aritter@tiee.org"", ""email"": ""aritter@tiee.org""}, {""info"": ""Ms. Hillary Whiteside (Custodian of Records) mcohen@tiee.org"", ""email"": ""mcohen@tiee.org""}]",37 68338 6987960,San Diego,Nonpublic Certified School,aritter@tiee.org,(858) 564-8355,https://www.google.com/maps/place/9524+Kearny+Villa+Rd.+San+Diego+CA+92126-4582,8,"October 3, 2025",K,"2255 Camino Del Rio South San Diego, CA 92108","July 1, 1980",(619) 521-3990,No,Children's Workshop,"9524 Kearny Villa Rd. San Diego, CA 92126-4582",Ungraded Schools (Private),Link to CDE Private School Data page,https://www.cde.ca.gov/ds/si/ps/,Active,http://tiee.org,http://tiee.org,San Diego Unified,Children's Workshop,Ungraded Schools (Private),Private,Active
37683380127811,No,San Diego,https://www.cde.ca.gov/SchoolDirectory/details?cdscode=37683380127811,"[{""info"": ""AJ Genovese Other AJ@pioneerprograms.org"", ""email"": ""AJ@pioneerprograms.org""}, {""info"": ""Emily Riddle (Custodian of Records) admin@pioneerprograms.org"", ""email"": ""admin@pioneerprograms.org""}]",37 68338 0127811,San Diego,Nonpublic Certified School,admin@pioneerprograms.org,(619) 758-9589,https://www.google.com/maps/place/4764+Santa+Monica+Ave.+San+Diego+CA+92107-2209,12,"October 2, 2025",K,"4764 Santa Monica Ave. San Diego, CA 92107-2209","April 1, 2013",(619) 758-9424,No,Community School of San Diego,"4764 Santa Monica Ave. San Diego, CA 92107-2209",K-12 Schools (Private),Link to CDE Private School Data page,https://www.cde.ca.gov/ds/si/ps/,Active,www.pioneerprograms.org/,https://www.pioneerprograms.org/,San Diego Unified,Community School of San Diego,K-12 Schools (Private),Private,Active
37683380133421,No,San Diego,https://www.cde.ca.gov/SchoolDirectory/details?cdscode=37683380133421,"[{""info"": ""Mr. AJ Genovese Executive Director aj@pioneerprograms.org"", ""email"": ""aj@pioneerprograms.org""}, {""info"": ""Emily Riddle (Custodian of Records) admin@pioneerprograms.org"", ""email"": ""admin@pioneerprograms.org""}]",37 68338 0133421,San Diego,Nonpublic Certified School,admin@pioneerprograms.org,(619) 758-9589,https://www.google.com/maps/place/1984+Sunset+Cliffs+Blvd.+San+Diego+CA+92107-2824,12,"October 2, 2025",9,"4764 Santa Monica Ave San Diego, CA 92107","November 9, 2015",(619) 758-9424,No,Community School of San Diego High School,"1984 Sunset Cliffs Blvd. San Diego, CA 92107-2824",High Schools (Private),Link to CDE Private School Data page,https://www.cde.ca.gov/ds/si/ps/,Active,www.pioneerprograms.org,http://www.pioneerprograms.org,San Diego Unified,Community School of San Diego High School,High Schools (Private),Private,Active
37683387079817,No,San Diego,https://www.cde.ca.gov/SchoolDirectory/details?cdscode=37683387079817,"[{""info"": ""Mrs. Jennifer Swope Director jswope@tiee.org"", ""email"": ""jswope@tiee.org""}, {""info"": ""Ms. Hillary Whiteside (Custodian of Records) mcohen@tiee.org"", ""email"": ""mcohen@tiee.org""}]",37 68338 7079817,San Diego,Nonpublic Certified School,jswope@tiee.org,(619) 233-8409,https://www.google.com/maps/place/2255+Camino+del+Rio+South+San+Diego+CA+92108-3605,12,"August 15, 2025",8,"2255 Camino del Rio South San Diego, CA 92108-3605","July 1, 1980",(619) 243-1325,No,Cook Education Center,"2255 Camino del Rio South San Diego, CA 92108-3605",Ungraded Schools (Private),Link to CDE Private School Data page,https://www.cde.ca.gov/ds/si/ps/,Active,http://tiee.org,http://tiee.org,San Diego Unified,Cook Education Center,Ungraded Schools (Private),Private,Active
37683386158075,No,San Diego,https://www.cde.ca.gov/SchoolDirectory/details?cdscode=37683386158075,"[{""info"": ""Mr. Steven Wheless Director swheless@tiee.org"", ""email"": ""swheless@tiee.org""}, {""info"": ""Ms. Hillary Whiteside (Custodian of Records) mcohen@tiee.org"", ""email"": ""mcohen@tiee.org""}]",37 68338 6158075,San Diego,Nonpublic Certified School,swheless@tiee.org,(619) 521-0432,https://www.google.com/maps/place/4055+Camino+del+Rio+South+San+Diego+CA+92108-4101,8,"August 15, 2025",2,"2255 Camino del Rio South San Diego, CA 92108","March 14, 2019",(619) 550-1800,No,Mission Valley Academy,"4055 Camino del Rio South San Diego, CA 92108-4101",Elementary School (Private),Link to CDE Private School Data page,https://www.cde.ca.gov/ds/si/ps/,Active,http://tiee.org,http://tiee.org,San Diego Unified,Mission Valley Academy,Elementary School (Private),Private,Active
37682960127308,No,San Diego,https://www.cde.ca.gov/SchoolDirectory/details?cdscode=37682960127308,"[{""info"": ""Mr. Steven Mayo Administrator (858) 679-5745 office@thenewbridgeschool.com"", ""email"": ""office@thenewbridgeschool.com""}, {""info"": ""Mr. Steven Mayo (Custodian of Records) office@thenewbridgeschool.com"", ""email"": ""office@thenewbridgeschool.com""}]",37 68296 0127308,San Diego,Nonpublic Certified School,office@thenewbridgeschool.com,(858) 679-5713,https://www.google.com/maps/place/12271+Oak+Knoll+Rd.+Poway+CA+92064-5317,8,"November 26, 2024",K,"12271 Oak Knoll Rd. Poway, CA 92064-5317","October 3, 2012",(858) 679-5744,No,The Koonings Center,"12271 Oak Knoll Rd. Poway, CA 92064-5317",Elementary School (Private),Link to CDE Private School Data page,https://www.cde.ca.gov/ds/si/ps/,Active,http://thenewbridgeschool.com/,https://thenewbridgeschool.com/,Poway Unified,The Koonings Center,Elementary School (Private),Private,Active
37683387093115,No,San Diego,https://www.cde.ca.gov/SchoolDirectory/details?cdscode=37683387093115,"[{""info"": ""Dr. Bryan Dale Principal bdale@centerforchildren.org"", ""email"": ""bdale@centerforchildren.org""}, {""info"": ""Ms. Christy Gordon (Custodian of Records) cgordon@centerforchildren.org"", ""email"": ""cgordon@centerforchildren.org""}]",37 68338 7093115,San Diego,Nonpublic Certified School,bdale@centerforchildren.org,(858) 279-2763,https://www.google.com/maps/place/3002+Armstrong+St.+San+Diego+CA+92111-5702,12,"October 20, 2025",K,"3002 Armstrong St. San Diego, CA 92111-5702","July 1, 1980",(858) 569-2101,No,San Diego Center for Children Academy,"3002 Armstrong St. San Diego, CA 92111-5702",Elementary School (Private),Link to CDE Private School Data page,https://www.cde.ca.gov/ds/si/ps/,Active,www.centerforchildren.org,http://www.centerforchildren.org,San Diego Unified,San Diego Center for Children Academy,Elementary School (Private),Private,Active
37683386992994,No,San Diego,https://www.cde.ca.gov/SchoolDirectory/details?cdscode=37683386992994,"[{""info"": ""Mrs. Lanae Aguilera Director lanae.aguilera@sesischools.com"", ""email"": ""lanae.aguilera@sesischools.com""}, {""info"": ""Mrs. Lanae Aguilera (Custodian of Records) lanae.aguilera@sesischools.com"", ""email"": ""lanae.aguilera@sesischools.com""}]",37 68338 6992994,San Diego,Nonpublic Certified School,lanae.aguilera@sesischools.com,(619) 460-5091,https://www.google.com/maps/place/6460+Boulder+Lake+Ave.+San+Diego+CA+92119-3142,12,"August 13, 2025",1,"6460 Boulder Lake Ave. San Diego, CA 92119-3142","July 1, 1980",(619) 460-5090,No,Sierra School Of San Diego,"6460 Boulder Lake Ave. San Diego, CA 92119-3142",K-12 Schools (Private),Link to CDE Private School Data page,https://www.cde.ca.gov/ds/si/ps/,Active,www.sesischools.com,http://www.sesischools.com,San Diego Unified,Sierra School Of San Diego,K-12 Schools (Private),Private,Active
37683467050925,No,San Diego,https://www.cde.ca.gov/SchoolDirectory/details?cdscode=37683467050925,"[{""info"": ""Ms. Kelsey Garrison Principal office@thewinstonschool.org"", ""email"": ""office@thewinstonschool.org""}, {""info"": ""Ms. Kim Kanetis (Custodian of Records) kim.kanetis@thewinstonschool.org"", ""email"": ""kim.kanetis@thewinstonschool.org""}]",37 68346 7050925,San Diego,Nonpublic Certified School,info@thewinstonschool.org,(858) 259-8356,https://www.google.com/maps/place/215+9th+St.+Del+Mar+CA+92014-2716,12,"August 11, 2025",6,"215 9th St. Del Mar, CA 92014-2716","July 1, 1980",(858) 259-8155,No,The Winston School of San Diego,"215 9th St. Del Mar, CA 92014-2716",K-12 Schools (Private),Link to CDE Private School Data page,https://www.cde.ca.gov/ds/si/ps/,Active,www.thewinstonschool.org,http://www.thewinstonschool.org,San Dieguito Union High,The Winston School of San Diego,K-12 Schools (Private),Private,Active
37683387078165,No,San Diego,https://www.cde.ca.gov/SchoolDirectory/details?cdscode=37683387078165,"[{""info"": ""Mrs. Jennifer Swope Director jswope@tiee.org"", ""email"": ""jswope@tiee.org""}, {""info"": ""Ms. Hillary Whiteside (Custodian of Records) mcohen@tiee.org"", ""email"": ""mcohen@tiee.org""}]",37 68338 7078165,San Diego,Nonpublic Certified School,jswope@tiee.org,(619) 233-8409,https://www.google.com/maps/place/2225+Camino+del+Rio+South+San+Diego+CA+92108-3613,12,"December 12, 2025",11,"2255 Camino del Rio South San Diego, CA 92108","July 1, 1980",(619) 243-1325,No,Urban Skills Center,"2225 Camino del Rio South San Diego, CA 92108-3613",Ungraded Schools (Private),Link to CDE Private School Data page,https://www.cde.ca.gov/ds/si/ps/,Active,http://tiee.org,http://tiee.org,San Diego Unified,Urban Skills Center,Ungraded Schools (Private),Private,Active
37737916927644,No,San Diego,https://www.cde.ca.gov/SchoolDirectory/details?cdscode=37737916927644,"[{""info"": ""Mrs. Shane Hamilton Director shanep@teriinc.org"", ""email"": ""shanep@teriinc.org""}, {""info"": ""Mrs. Shane Hamilton (Custodian of Records) shanep@teriinc.org"", ""email"": ""shanep@teriinc.org""}]",37 73791 6927644,San Diego,Nonpublic Certified School,shanep@teriinc.org,(760) 721-9872,https://www.google.com/maps/place/305+Airport+Rd.+Oceanside+CA+92058-1250,12,"October 14, 2025",6,"305 Airport Rd. Oceanside, CA 92058-1250","July 1, 1980",(760) 744-4870,No,"TERI, INC. The Country School","305 Airport Rd. Oceanside, CA 92058-1250",K-12 Schools (Private),Link to CDE Private School Data page,https://www.cde.ca.gov/ds/si/ps/,Active,www.teriinc.org,http://www.teriinc.org,San Marcos Unified,"TERI, INC. The Country School",K-12 Schools (Private),Private,Active
38684787019417,No,San Francisco,https://www.cde.ca.gov/SchoolDirectory/details?cdscode=38684787019417,"[{""info"": ""Mr. Raymond Glover II Executive Director info@ariseeducationalcenter.com"", ""email"": ""info@ariseeducationalcenter.com""}, {""info"": ""Mr. Raymond Glover Ii (Custodian of Records) info@ariseeducationalcenter.com"", ""email"": ""info@ariseeducationalcenter.com""}]",38 68478 7019417,San Francisco,Nonpublic Certified School,info@ariseeducationalcenter.com,(415) 641-4082,"https://www.google.com/maps/place/1760+Cesar+Chavez+St.,+Ste.+Rs+San+Francisco+CA+94124-1136",12,"October 15, 2025",K,"1760 Cesar Chavez St., Ste. Rs San Francisco, CA 94124-1136","July 1, 1980",(415) 641-1878,No,Arise Educational Center,"1760 Cesar Chavez St., Ste. Rs San Francisco, CA 94124-1136",K-12 Schools (Private),Link to CDE Private School Data page,https://www.cde.ca.gov/ds/si/ps/,Active,www.ariseeducationalcenter.com,http://www.ariseeducationalcenter.com,San Francisco Unified,Arise Educational Center,K-12 Schools (Private),Private,Active
39685856154561,No,San Joaquin,https://www.cde.ca.gov/SchoolDirectory/details?cdscode=39685856154561,"[{""info"": ""Mr. Doug Phillips Director dphillips@pointquested.com"", ""email"": ""dphillips@pointquested.com""}, {""info"": ""Pahoua Shee Thao (Custodian of Records) sthao@pointquested.com"", ""email"": ""sthao@pointquested.com""}]",39 68585 6154561,San Joaquin,Nonpublic Certified School,bwarren@pointquested.com,(916) 422-0160,https://www.google.com/maps/place/12755+N+Hwy.+88+Lodi+CA+95240-9323,12,"September 25, 2025",K,"12755 N. Hwy. 88 Lodi, CA 95240","April 27, 2018",(916) 422-0571,No,Point Quest Education Central Valley,"12755 N Hwy. 88 Lodi, CA 95240-9323",K-12 Schools (Private),Link to CDE Private School Data page,https://www.cde.ca.gov/ds/si/ps/,Active,http://pointquestgroup.com,https://pointquestgroup.com,Lodi Unified,Point Quest Education Central Valley,K-12 Schools (Private),Private,Active
38684786908917,No,San Francisco,https://www.cde.ca.gov/SchoolDirectory/details?cdscode=38684786908917,"[{""info"": ""Ms. Cristina Gochez Administrator cristinag@edgewood.org"", ""email"": ""cristinag@edgewood.org""}, {""info"": ""Ms. Cristina Gochez (Custodian of Records) cristinag@edgewood.org"", ""email"": ""cristinag@edgewood.org""}]",38 68478 6908917,San Francisco,Nonpublic Certified School,robertoo@edgewood.org,(415) 664-7094,https://www.google.com/maps/place/1801+Vicente+St.+San+Francisco+CA+94116-2923,12,"October 15, 2025",9,"1801 Vicente St. San Francisco, CA 94116-2923","July 1, 1980",(415) 858-2409,No,Edgewood Community School,"1801 Vicente St. San Francisco, CA 94116-2923",K-12 Schools (Private),Link to CDE Private School Data page,https://www.cde.ca.gov/ds/si/ps/,Active,www.edgewood.org,http://www.edgewood.org,San Francisco Unified,Edgewood Community School,K-12 Schools (Private),Private,Active
37684527072713,No,San Diego,https://www.cde.ca.gov/SchoolDirectory/details?cdscode=37684527072713,"[{""info"": ""Becky Evanson Director bevanson@newhavenyfs.org"", ""email"": ""bevanson@newhavenyfs.org""}, {""info"": ""Becky Evanson (Custodian of Records) bevanson@newhavenyfs.org"", ""email"": ""bevanson@newhavenyfs.org""}]",37 68452 7072713,San Diego,Nonpublic Certified School,info@newhavenyfs.org,(760) 941-9638,https://www.google.com/maps/place/216+W.+Los+Angeles+Dr.+Vista+CA+92083-3101,12,"November 26, 2024",6,"P.O. Box 1199 Vista, CA 92085","July 1, 1980",(760) 630-4035,No,New Haven School,"216 W. Los Angeles Dr. Vista, CA 92083-3101",K-12 Schools (Private),Link to CDE Private School Data page,https://www.cde.ca.gov/ds/si/ps/,Active,www.newhavenyfs.org,http://www.newhavenyfs.org,Vista Unified,New Haven School,K-12 Schools (Private),Private,Active
39686766164594,No,San Joaquin,https://www.cde.ca.gov/SchoolDirectory/details?cdscode=39686766164594,"[{""info"": ""Ms. Aunyia Ames, M.S. Administrator aunyia.ames@sesischools.com"", ""email"": ""aunyia.ames@sesischools.com""}, {""info"": ""Ms. Aunyia Ames, M.S. (Custodian of Records) aunyia.ames@sesischools.com"", ""email"": ""aunyia.ames@sesischools.com""}]",39 68676 6164594,San Joaquin,Nonpublic Certified School,aunyia.ames@sesischools.com,Information Not Available,https://www.google.com/maps/place/2106+Cherokee+Rd+Stockton+CA+95205-2725,12,"August 6, 2025",K,"2106 Cherokee Rd Stockton, CA 95205-2725","March 1, 2022",(209) 774-9339,No,Sierra School of San Joaquin,"2106 Cherokee Rd Stockton, CA 95205-2725",K-12 Schools (Private),Link to CDE Private School Data page,https://www.cde.ca.gov/ds/si/ps/,Active,http://sesischools.com,http://sesischools.com,Stockton Unified,Sierra School of San Joaquin,K-12 Schools (Private),Private,Active
39686760119388,No,San Joaquin,https://www.cde.ca.gov/SchoolDirectory/details?cdscode=39686760119388,"[{""info"": ""Mrs. Tonya Brown Administrator tbrown@stkned.org"", ""email"": ""tbrown@stkned.org""}, {""info"": ""Mr. Harry Brown (Custodian of Records) hbrown@stkned.org"", ""email"": ""hbrown@stkned.org""}]",39 68676 0119388,San Joaquin,Nonpublic Certified School,hbrown@stkned.org,(209) 464-1947,https://www.google.com/maps/place/18051+N.+Ray+Rd+Lodi+CA+95242-9309,12,"June 4, 2025",K,"3031 W. March Ln. Ste. 330 Stockton, CA 95219","April 9, 2009",(209) 464-1927,No,Stockton Educational Center,"18051 N. Ray Rd Lodi, CA 95242-9309",High Schools (Private),Link to CDE Private School Data page,https://www.cde.ca.gov/ds/si/ps/,Active,www.stkned.org,http://www.stkned.org,Stockton Unified,Stockton Educational Center,High Schools (Private),Private,Active
40754656172084,No,San Luis Obispo,https://www.cde.ca.gov/SchoolDirectory/details?cdscode=40754656172084,"[{""info"": ""Brian Tollette Administrator btollette@chancelight.com"", ""email"": ""btollette@chancelight.com""}, {""info"": ""Lisa Schiesher (Custodian of Records) registrar@chancelight.com"", ""email"": ""registrar@chancelight.com""}]",40 75465 6172084,San Luis Obispo,Nonpublic Certified School,btollette@chancelight.com,Information Not Available,https://www.google.com/maps/place/2820+Santa+Rosa+Creek+Rd.+Cambria+CA+93428-3524,12,"January 8, 2026",9,"2820 Santa Rosa Creek Rd. Cambria, CA 93428-3524","June 2, 2025",(657) 416-7264,No,Spectrum Central Coast,"2820 Santa Rosa Creek Rd. Cambria, CA 93428-3524",High Schools (Private),Link to CDE Private School Data page,https://www.cde.ca.gov/ds/si/ps/,Active,www.spectrumschools.com,http://www.spectrumschools.com,Coast Unified,Spectrum Central Coast,High Schools (Private),Private,Active
37683386975270,No,San Diego,https://www.cde.ca.gov/SchoolDirectory/details?cdscode=37683386975270,"[{""info"": ""Mrs. Florida (May) Padilla Executive Director mpadilla@aseltine.org"", ""email"": ""mpadilla@aseltine.org""}, {""info"": ""Ms. Carla Hancock (Custodian of Records) chancock@aseltine.org"", ""email"": ""chancock@aseltine.org""}]",37 68338 6975270,San Diego,Nonpublic Certified School,mpadilla@aseltine.org,(619) 296-3013,https://www.google.com/maps/place/4027+Normal+St.+San+Diego+CA+92103-2617,12,"September 15, 2025",K,"4027 Normal St. San Diego, CA 92103-2617","July 1, 1980",(619) 296-2135,No,Aseltine School,"4027 Normal St. San Diego, CA 92103-2617",K-12 Schools (Private),Link to CDE Private School Data page,https://www.cde.ca.gov/ds/si/ps/,Active,www.aseltine.org,http://www.aseltine.org,San Diego Unified,Aseltine School,K-12 Schools (Private),Private,Active
41689087031446,No,San Mateo,https://www.cde.ca.gov/SchoolDirectory/details?cdscode=41689087031446,"[{""info"": ""Caitlin Sale Director csale@bridgeschool.org"", ""email"": ""csale@bridgeschool.org""}, {""info"": ""Gabriela Berlanga (Custodian of Records) gberlanga@bridgeschool.org"", ""email"": ""gberlanga@bridgeschool.org""}]",41 68908 7031446,San Mateo,Nonpublic Certified School,gberlanga@bridgeschool.org,(650) 342-7598,https://www.google.com/maps/place/545+Eucalyptus+Ave+Hillsborough+CA+94010-6404,6,"February 13, 2026",K,"545 Eucalyptus Ave Hillsborough, CA 94010-6404","July 1, 1980",(650) 696-7295,No,The Bridge School,"545 Eucalyptus Ave Hillsborough, CA 94010-6404",Elementary School (Private),Link to CDE Private School Data page,https://www.cde.ca.gov/ds/si/ps/,Active,www.bridgeschool.org,http://www.bridgeschool.org,Hillsborough City Elementary,The Bridge School,Elementary School (Private),Private,Active
41690056130009,No,San Mateo,https://www.cde.ca.gov/SchoolDirectory/details?cdscode=41690056130009,"[{""info"": ""Heather Trujillo Administrator heather.trujillo@learnclc.com"", ""email"": ""heather.trujillo@learnclc.com""}, {""info"": ""Leticia Holliday (Custodian of Records) Leticia.Holliday@LearnBehavioral.com"", ""email"": ""Leticia.Holliday@LearnBehavioral.com""}]",41 69005 6130009,San Mateo,Nonpublic Certified School,office@learnclc.com,(650) 249-5021,https://www.google.com/maps/place/815+Allerton+St.+Redwood+City+CA+94063-1360,12,"February 13, 2026",K,"815 Allerton St. Redwood City, CA 94063-1360","May 24, 2005",(650) 385-8381,No,LEARN Academy- Creative Learning Center,"815 Allerton St. Redwood City, CA 94063-1360",Ungraded Schools (Private),Link to CDE Private School Data page,https://www.cde.ca.gov/ds/si/ps/,Active,www.clcsped.com,http://www.clcsped.com,Redwood City Elementary,LEARN Academy- Creative Learning Center,Ungraded Schools (Private),Private,Active
41689240128827,No,San Mateo,https://www.cde.ca.gov/SchoolDirectory/details?cdscode=41689240128827,"[{""info"": ""Aleta Bautista Director Aleta.Bautista@chancelight.com"", ""email"": ""Aleta.Bautista@chancelight.com""}, {""info"": ""Ms. Lisa Schiesher (Custodian of Records) registrar@chancelight.com"", ""email"": ""registrar@chancelight.com""}]",41 68924 0128827,San Mateo,Nonpublic Certified School,aleta.bautista@chancelight.com,(650) 992-3230,https://www.google.com/maps/place/830+Rosita+Rd.+Pacifica+CA+94044-4114,12,"August 19, 2025",K,"830 Rosita Rd. Pacifica, CA 94044-4114","August 28, 2013",(650) 355-9800,No,Spectrum Center Peninsula Campus,"830 Rosita Rd. Pacifica, CA 94044-4114",K-12 Schools (Private),Link to CDE Private School Data page,https://www.cde.ca.gov/ds/si/ps/,Active,www.spectrumschools.com,http://www.spectrumschools.com,Jefferson Union High,Spectrum Center Peninsula Campus,K-12 Schools (Private),Private,Active
41690057016082,No,San Mateo,https://www.cde.ca.gov/SchoolDirectory/details?cdscode=41690057016082,"[{""info"": ""William B. Doyle Executive Director wdoyle@weingartencc.org"", ""email"": ""wdoyle@weingartencc.org""}, {""info"": ""Michely Goncalves (Custodian of Records) mgoncalves@weingartencc.org"", ""email"": ""mgoncalves@weingartencc.org""}]",41 69005 7016082,San Mateo,Nonpublic Certified School,info@weingartencc.org,(650) 365-7557,https://www.google.com/maps/place/3518+Jefferson+Ave+Redwood+City+CA+94062-3136,1,"November 26, 2024",K,"3518 Jefferson Ave Redwood City, CA 94062-3136","July 1, 1980",(650) 365-7500,No,Weingarten Children's Center,"3518 Jefferson Ave Redwood City, CA 94062-3136",Elementary School (Private),Link to CDE Private School Data page,https://www.cde.ca.gov/ds/si/ps/,Active,http://foundationforhearing.org,https://foundationforhearing.org,Redwood City Elementary,Weingarten Children's Center,Elementary School (Private),Private,Active
41690136204002,No,San Mateo,https://www.cde.ca.gov/SchoolDirectory/details?cdscode=41690136204002,"[{""info"": ""Ms. Sherry Feurtado Administrator feurtado@wingslearningcenter.org"", ""email"": ""feurtado@wingslearningcenter.org""}, {""info"": ""Bethany Rios (Custodian of Records) rios@wingslearningcenter.org"", ""email"": ""rios@wingslearningcenter.org""}]",41 69013 6204002,San Mateo,Nonpublic Certified School,info@wingslearningcenter.org,(650) 365-3267,https://www.google.com/maps/place/2500+Cottonwood+Dr.+San+Bruno+CA+94066-2618,12,"August 12, 2025",K,"2500 Cottonwood Dr. San Bruno, CA 94066-2618","August 12, 2004",(650) 624-3165,No,Wings Learning Center,"2500 Cottonwood Dr. San Bruno, CA 94066-2618",Ungraded Schools (Private),Link to CDE Private School Data page,https://www.cde.ca.gov/ds/si/ps/,Active,www.wingslearningcenter.org,http://www.wingslearningcenter.org,San Bruno Park Elementary,Wings Learning Center,Ungraded Schools (Private),Private,Active
41690476940662,No,San Mateo,https://www.cde.ca.gov/SchoolDirectory/details?cdscode=41690476940662,"[{""info"": ""Mrs. Julie Smith Head of School jsmith@stanbridgeacademy.org"", ""email"": ""jsmith@stanbridgeacademy.org""}, {""info"": ""Julie Smith (Custodian of Records) jsmith@stanbridgeacademy.org"", ""email"": ""jsmith@stanbridgeacademy.org""}]",41 69047 6940662,San Mateo,Nonpublic Certified School,jsmith@stanbridgeacademy.org,Information Not Available,https://www.google.com/maps/place/515+East+Poplar+Ave.+San+Mateo+CA+94401-1715,12,"August 25, 2025",K,"515 East Poplar Ave. San Mateo, CA 94401-1715","July 1, 1980",(650) 375-5860,No,Stanbridge Academy,"515 East Poplar Ave. San Mateo, CA 94401-1715",K-12 Schools (Private),Link to CDE Private School Data page,https://www.cde.ca.gov/ds/si/ps/,Active,http://stanbridgeacademy.org,http://stanbridgeacademy.org,San Mateo Union High,Stanbridge Academy,K-12 Schools (Private),Private,Active
41688820112995,No,San Mateo,https://www.cde.ca.gov/SchoolDirectory/details?cdscode=41688820112995,"[{""info"": ""Ms. Sara Hawkinson Executive Director sara@theavalonacademy.org"", ""email"": ""sara@theavalonacademy.org""}, {""info"": ""Ms. Sara Hawkinson (Custodian of Records) sara@theavalonacademy.org"", ""email"": ""sara@theavalonacademy.org""}]",41 68882 0112995,San Mateo,Nonpublic Certified School,sara@theavalonacademy.org,(650) 777-9134,https://www.google.com/maps/place/630+N+San+Mateo+Dr.+San+Mateo+CA+94401-9401,12,"August 6, 2025",K,"630 N San Mateo Dr. San Mateo, CA 94401-9401","October 25, 2006",(650) 777-9130,No,The Avalon Academy,"630 N San Mateo Dr. San Mateo, CA 94401-9401",K-12 Schools (Private),Link to CDE Private School Data page,https://www.cde.ca.gov/ds/si/ps/,Active,www.theavalonacademy.org,http://www.theavalonacademy.org,Burlingame Elementary,The Avalon Academy,K-12 Schools (Private),Private,Active
41690210113217,No,San Mateo,https://www.cde.ca.gov/SchoolDirectory/details?cdscode=41690210113217,"[{""info"": ""Ms. Katie Schwarz Administrator kschwarz@arborbayschool.org"", ""email"": ""kschwarz@arborbayschool.org""}, {""info"": ""Ms. Emily King (Custodian of Records) eking@arborbayschool.org"", ""email"": ""eking@arborbayschool.org""}]",41 69021 0113217,San Mateo,Nonpublic Certified School,kschwarz@arborbayschool.org,(650) 654-3171,https://www.google.com/maps/place/1017+Cedar+St.+San+Carlos+CA+94070-3862,8,"November 26, 2024",K,"1017 Cedar St. San Carlos, CA 94070-3862","December 20, 2006",(650) 244-1519,No,Arbor Bay,"1017 Cedar St. San Carlos, CA 94070-3862",K-12 Schools (Private),Link to CDE Private School Data page,https://www.cde.ca.gov/ds/si/ps/,Active,www.arborbayschool.org,http://www.arborbayschool.org,San Carlos Elementary,Arbor Bay,K-12 Schools (Private),Private,Active
37683386997969,No,San Diego,https://www.cde.ca.gov/SchoolDirectory/details?cdscode=37683386997969,"[{""info"": ""Ms. Chayo Chavez Director cchavez@vistahill.org"", ""email"": ""cchavez@vistahill.org""}, {""info"": ""Ms. Amber Herrmann (Custodian of Records) aherrmann@vistahill.org"", ""email"": ""aherrmann@vistahill.org""}]",37 68338 6997969,San Diego,Nonpublic Certified School,cchavez@vistahill.org,(619) 281-0453,https://www.google.com/maps/place/6145+Decena+Dr.+San+Diego+CA+92120-3511,12,"October 9, 2025",K,"6145 Decena Dr. San Diego, CA 92120-3511","July 1, 1980",(619) 281-5511 Ext. 211,No,Sam and Rose Stein Education Center,"6145 Decena Dr. San Diego, CA 92120-3511",Ungraded Schools (Private),Link to CDE Private School Data page,https://www.cde.ca.gov/ds/si/ps/,Active,www.vistahill.org,http://www.vistahill.org,San Diego Unified,Sam and Rose Stein Education Center,Ungraded Schools (Private),Private,Active
43693936953418,No,Santa Clara,https://www.cde.ca.gov/SchoolDirectory/details?cdscode=43693936953418,"[{""info"": ""Stephanie DuWong Administrator stephanieduwong@pacificautism.org"", ""email"": ""stephanieduwong@pacificautism.org""}, {""info"": ""Ms. Michelle Fonte (Custodian of Records) michellefonte@pacificautism.org"", ""email"": ""michellefonte@pacificautism.org""}]",43 69393 6953418,Santa Clara,Nonpublic Certified School,admin@pacificautism.org,(408) 260-7267,https://www.google.com/maps/place/1880+Pruneridge+Ave.+Santa+Clara+CA+95050-6514,8,"September 29, 2025",K,"1880 Pruneridge Ave. Santa Clara, CA 95050-6514","July 1, 1980",(408) 245-3400,No,Pacific Autism Center for Education - Pruneridge Campus,"1880 Pruneridge Ave. Santa Clara, CA 95050-6514",K-12 Schools (Private),Link to CDE Private School Data page,https://www.cde.ca.gov/ds/si/ps/,Active,www.pacificautism.org,http://www.pacificautism.org,Campbell Union,Pacific Autism Center for Education - Pruneridge Campus,K-12 Schools (Private),Private,Active
43694016940365,No,Santa Clara,https://www.cde.ca.gov/SchoolDirectory/details?cdscode=43694016940365,"[{""info"": ""Ethan Robinson Executive Director ethanr@beaconschool.com"", ""email"": ""ethanr@beaconschool.com""}, {""info"": ""Ethan Robinson (Custodian of Records) ethanr@beaconschool.com"", ""email"": ""ethanr@beaconschool.com""}]",43 69401 6940365,Santa Clara,Nonpublic Certified School,ethanr@beaconschool.com,(408) 265-7324,https://www.google.com/maps/place/5670+Camden+Ave.+San+Jose+CA+95124-6428,12,"September 15, 2025",6,"5670 Camden Ave. San Jose, CA 95124-6428","July 1, 1980",(408) 265-8611,No,Beacon,"5670 Camden Ave. San Jose, CA 95124-6428",K-12 Schools (Private),Link to CDE Private School Data page,https://www.cde.ca.gov/ds/si/ps/,Active,www.beaconschool.com,http://www.beaconschool.com,Campbell Union High,Beacon,K-12 Schools (Private),Private,Active
43694276908222,No,Santa Clara,https://www.cde.ca.gov/SchoolDirectory/details?cdscode=43694276908222,"[{""info"": ""Mr. Sean Murphy Director smurphy@achievekids.org"", ""email"": ""smurphy@achievekids.org""}, {""info"": ""Julie Ngov (Custodian of Records) jngov@achievekids.org"", ""email"": ""jngov@achievekids.org""}]",43 69427 6908222,Santa Clara,Nonpublic Certified School,smurphy@achievekids.org,(408) 928-1758,https://www.google.com/maps/place/1212+McGinness+Ave.+San+Jose+CA+95127-4025,12,"October 3, 2025",1,"1212 McGinness Ave. San Jose, CA 95127-4025","July 1, 1980",(408) 928-5777,No,AchieveKids,"1212 McGinness Ave. San Jose, CA 95127-4025",Ungraded Schools (Private),Link to CDE Private School Data page,https://www.cde.ca.gov/ds/si/ps/,Active,www.achievekids.org,http://www.achievekids.org,East Side Union High,AchieveKids,Ungraded Schools (Private),Private,Active
43694016979363,No,Santa Clara,https://www.cde.ca.gov/SchoolDirectory/details?cdscode=43694016979363,"[{""info"": ""Mr. Josh Drake Head of School jdrake@morgancenter.org"", ""email"": ""jdrake@morgancenter.org""}, {""info"": ""Ms. Ching Young (Custodian of Records) Ching@morgancenter.org"", ""email"": ""Ching@morgancenter.org""}]",43 69401 6979363,Santa Clara,Nonpublic Certified School,info@morgancenter.org,(408) 241-8231,https://www.google.com/maps/place/950+St.+Elizabeth+Dr.+San+Jose+CA+95126-3900,12,"September 16, 2025",K,"950 St. Elizabeth Dr. San Jose, CA 95126-3900","July 1, 1980",(408) 241-8161,No,Morgan Autism Center,"950 St. Elizabeth Dr. San Jose, CA 95126-3900",K-12 Schools (Private),Link to CDE Private School Data page,https://www.cde.ca.gov/ds/si/ps/,Active,http://morgancenter.org,http://morgancenter.org,Campbell Union High,Morgan Autism Center,K-12 Schools (Private),Private,Active
43694686167688,No,Santa Clara,https://www.cde.ca.gov/SchoolDirectory/details?cdscode=43694686167688,"[{""info"": ""Emily Swope Administrator emilyswope@pacificautism.org"", ""email"": ""emilyswope@pacificautism.org""}, {""info"": ""Ms. Michelle Fonte (Custodian of Records) michellefonte@pacificautism.org"", ""email"": ""michellefonte@pacificautism.org""}]",43 69468 6167688,Santa Clara,Nonpublic Certified School,admin@pacificautism.org,(408) 260-7267,https://www.google.com/maps/place/824+San+Aleso+Sunnyvale+CA+94085-1411,12,"September 29, 2025",8,"1880 Pruneridge Ave Santa Clara, CA 95050","August 14, 2023",(408) 245-3400,No,Pacific Autism Center for Education - San Aleso Campus,"824 San Aleso Sunnyvale, CA 94085-1411",K-12 Schools (Private),Link to CDE Private School Data page,https://www.cde.ca.gov/ds/si/ps/,Active,www.pacificautism.org,http://www.pacificautism.org,Fremont Union High,Pacific Autism Center for Education - San Aleso Campus,K-12 Schools (Private),Private,Active
43696176169502,No,Santa Clara,https://www.cde.ca.gov/SchoolDirectory/details?cdscode=43696176169502,"[{""info"": ""Mr. Yogesh Verma Administrator yverma@rssped.com"", ""email"": ""yverma@rssped.com""}, {""info"": ""Mr. Yogesh Verma (Custodian of Records) yverma@rssped.com"", ""email"": ""yverma@rssped.com""}]",43 69617 6169502,Santa Clara,Nonpublic Certified School,yverma@rssped.com,Information Not Available,https://www.google.com/maps/place/2400+Flint+Ave+San+Jose+CA+95148-1719,12,"August 6, 2025",K,"2400 Flint Ave San Jose, CA 95148-1719","April 17, 2024",(510) 753-4117,No,Rising Star Sped Academy- Polaris Branch,"2400 Flint Ave San Jose, CA 95148-1719",K-12 Schools (Private),Link to CDE Private School Data page,https://www.cde.ca.gov/ds/si/ps/,Active,www.rssped.com,http://www.rssped.com,Mount Pleasant Elementary,Rising Star Sped Academy- Polaris Branch,K-12 Schools (Private),Private,Active
43696416979405,No,Santa Clara,https://www.cde.ca.gov/SchoolDirectory/details?cdscode=43696416979405,"[{""info"": ""Mr. Thomas Drechsler School Director (650) 494-1200 Ext. 121 tdrechsler@achievekids.org"", ""email"": ""tdrechsler@achievekids.org""}, {""info"": ""Ms. Pura Martinez (Custodian of Records) pmartinez@achievekids.org"", ""email"": ""pmartinez@achievekids.org""}]",43 69641 6979405,Santa Clara,Nonpublic Certified School,tdrechsler@achievekids.org,(650) 494-1243,https://www.google.com/maps/place/3860+Middlefield+Rd.+Palo+Alto+CA+94303-4716,12,"August 28, 2025",K,"3860 Middlefield Rd. Palo Alto, CA 94303-4716","July 1, 1980",(650) 494-1200 Ext. 121,No,"Achieve, Inc.","3860 Middlefield Rd. Palo Alto, CA 94303-4716",Ungraded Schools (Private),Link to CDE Private School Data page,https://www.cde.ca.gov/ds/si/ps/,Active,www.achievekids.org,http://www.achievekids.org,Palo Alto Unified,"Achieve, Inc.",Ungraded Schools (Private),Private,Active
43696416979090,No,Santa Clara,https://www.cde.ca.gov/SchoolDirectory/details?cdscode=43696416979090,"[{""info"": ""Mrs. Corinne Astroff Head of School castroff@chconline.org"", ""email"": ""castroff@chconline.org""}, {""info"": ""Mr. Scott Hanson (Custodian of Records) shanson@chcoline.org"", ""email"": ""shanson@chcoline.org""}]",43 69641 6979090,Santa Clara,Nonpublic Certified School,castroff@chconline.org,(650) 322-3065,https://www.google.com/maps/place/650+Clark+Way+Palo+Alto+CA+94304-2300,12,"October 16, 2025",K,"650 Clark Way Palo Alto, CA 94304-2300","July 1, 1980",(650) 326-5530,No,Esther B. Clark School - Palo Alto,"650 Clark Way Palo Alto, CA 94304-2300",K-12 Schools (Private),Link to CDE Private School Data page,https://www.cde.ca.gov/ds/si/ps/,Active,www.chconline.org/ebc/,https://www.chconline.org/ebc/,Palo Alto Unified,Esther B. Clark School - Palo Alto,K-12 Schools (Private),Private,Active
43696250129791,No,Santa Clara,https://www.cde.ca.gov/SchoolDirectory/details?cdscode=43696250129791,"[{""info"": ""David Perez Director David@kinshipacademy.org"", ""email"": ""David@kinshipacademy.org""}, {""info"": ""Mandy Tapia (Custodian of Records) mtapia@kinshipacademy.org"", ""email"": ""mtapia@kinshipacademy.org""}]",43 69625 0129791,Santa Clara,Nonpublic Certified School,mainoffice@kinshipacademy.org,Information Not Available,https://www.google.com/maps/place/2400+Flint+Ave+San+Jose+CA+95148-1719,12,"November 20, 2025",K,"151 N Sunrise Ave Ste. 1105 Roseville, CA 95661","April 1, 2014",(408) 559-7500,No,Kinship Academy,"2400 Flint Ave San Jose, CA 95148-1719",K-12 Schools (Private),Link to CDE Private School Data page,https://www.cde.ca.gov/ds/si/ps/,Active,http://Kinshipacademy.org,http://Kinshipacademy.org,Oak Grove Elementary,Kinship Academy,K-12 Schools (Private),Private,Active
43696666154371,No,Santa Clara,https://www.cde.ca.gov/SchoolDirectory/details?cdscode=43696666154371,"[{""info"": ""Mr. Wallace Dixon Head of School wdixon@chconline.org"", ""email"": ""wdixon@chconline.org""}, {""info"": ""Mr. Scott Hanson (Custodian of Records) shanson@chconline.org"", ""email"": ""shanson@chconline.org""}]",43 69666 6154371,Santa Clara,Nonpublic Certified School,wdixon@chconline.org,(650) 322-3065,https://www.google.com/maps/place/2280+Kenwood+Ave.+San+Jose+CA+95128-1332,12,"October 15, 2025",4,"2280 Kenwood Ave. San Jose, CA 95128-1332","September 6, 2017",(408) 816-2018,No,Esther B. Clark School San Jose,"2280 Kenwood Ave. San Jose, CA 95128-1332",K-12 Schools (Private),Link to CDE Private School Data page,https://www.cde.ca.gov/ds/si/ps/,Active,http://chconline.org,http://chconline.org,San Jose Unified,Esther B. Clark School San Jose,K-12 Schools (Private),Private,Active
43696666130405,No,Santa Clara,https://www.cde.ca.gov/SchoolDirectory/details?cdscode=43696666130405,"[{""info"": ""Amelia Lalley Administrator amelialalley@pacificautism.org"", ""email"": ""amelialalley@pacificautism.org""}, {""info"": ""Ms. Michelle Fonte (Custodian of Records) michellefonte@pacificautism.org"", ""email"": ""michellefonte@pacificautism.org""}]",43 69666 6130405,Santa Clara,Nonpublic Certified School,admin@pacificautism.org,(408) 260-7267,https://www.google.com/maps/place/897+BRd.leaf+Ln.+San+Jose+CA+95128,K,"September 29, 2025",K,"897 BRd.leaf Ln. San Jose, CA 95128","April 14, 2006",(408) 245-3400,No,Pacific Autism Center for Education - Sunny Days Campus,"897 BRd.leaf Ln. San Jose, CA 95128",Ungraded Schools (Private),Link to CDE Private School Data page,https://www.cde.ca.gov/ds/si/ps/,Active,www.pacificautism.org,http://www.pacificautism.org,San Jose Unified,Pacific Autism Center for Education - Sunny Days Campus,Ungraded Schools (Private),Private,Active
43696250123489,No,Santa Clara,https://www.cde.ca.gov/SchoolDirectory/details?cdscode=43696250123489,"[{""info"": ""Katie Shepard Principal katie@creeksideschool.org"", ""email"": ""katie@creeksideschool.org""}, {""info"": ""Katie Shepard (Custodian of Records) katie@creeksideschool.org"", ""email"": ""katie@creeksideschool.org""}]",43 69625 0123489,Santa Clara,Nonpublic Certified School,katie@creeksideschool.org,Information Not Available,https://www.google.com/maps/place/5629+Lean+Ave.+San+Jose+CA+95123-3620,12,"August 15, 2025",K,"5629 Lean Ave. San Jose, CA 95123-3620","November 9, 2010",(408) 448-2494,No,The Creekside School,"5629 Lean Ave. San Jose, CA 95123-3620",Elementary School (Private),Link to CDE Private School Data page,https://www.cde.ca.gov/ds/si/ps/,Active,www.creeksideschool.org,http://www.creeksideschool.org,Oak Grove Elementary,The Creekside School,Elementary School (Private),Private,Active
43696666997944,No,Santa Clara,https://www.cde.ca.gov/SchoolDirectory/details?cdscode=43696666997944,"[{""info"": ""Mr. Greg Zieman Principal gregz@secondstart.org"", ""email"": ""gregz@secondstart.org""}, {""info"": ""Ms. Katricia Lee (Custodian of Records) Katricial@secondstart.org"", ""email"": ""Katricial@secondstart.org""}]",43 69666 6997944,Santa Clara,Nonpublic Certified School,katricial@secondstart.org,(408) 979-8219,https://www.google.com/maps/place/1325+Bouret+Dr.+San+Jose+CA+95118-2408,12,"August 22, 2025",1,"1325 Bouret Dr. San Jose, CA 95118-2408","July 1, 1980",(408) 979-8210 Ext. 212,No,Pine Hill School (Second Start Learning Disabilities),"1325 Bouret Dr. San Jose, CA 95118-2408",K-12 Schools (Private),Link to CDE Private School Data page,https://www.cde.ca.gov/ds/si/ps/,Active,http://secondstart.org,http://secondstart.org,San Jose Unified,Pine Hill School (Second Start Learning Disabilities),K-12 Schools (Private),Private,Active
43696416152292,No,Santa Clara,https://www.cde.ca.gov/SchoolDirectory/details?cdscode=43696416152292,"[{""info"": ""Miki Walker Director mwalker@sandhillschool.org"", ""email"": ""mwalker@sandhillschool.org""}, {""info"": ""Miki Walker (Custodian of Records) mwalker@chconline.org"", ""email"": ""mwalker@chconline.org""}]",43 69641 6152292,Santa Clara,Nonpublic Certified School,info@sandhillschool.org,(650) 688-0206,https://www.google.com/maps/place/650+Clark+Way+Palo+Alto+CA+94304-2300,8,"November 14, 2025",2,"650 Clark Way Palo Alto, CA 94304-2300","December 7, 2016",(650) 688-3605,No,Sand Hill School,"650 Clark Way Palo Alto, CA 94304-2300",Elementary School (Private),Link to CDE Private School Data page,https://www.cde.ca.gov/ds/si/ps/,Active,www.sandhillschool.org,http://www.sandhillschool.org,Palo Alto Unified,Sand Hill School,Elementary School (Private),Private,Active
44698157103534,No,Santa Cruz,https://www.cde.ca.gov/SchoolDirectory/details?cdscode=44698157103534,"[{""info"": ""Mr. Gilbert Arias Other garias@thebayschool.org"", ""email"": ""garias@thebayschool.org""}, {""info"": ""Ms. Andrea Gold (Custodian of Records) agold@thebayschool.org"", ""email"": ""agold@thebayschool.org""}]",44 69815 7103534,Santa Cruz,Nonpublic Certified School,garias@thebayschool.org,(831) 462-9616,https://www.google.com/maps/place/1026+Capitola+Rd+Santa+Cruz+CA+95062-2890,12,"September 25, 2025",K,"1026 Capitola Rd Santa Cruz, CA 95062-2890","August 12, 2004",(831) 462-9620,No,The Bay School,"1026 Capitola Rd Santa Cruz, CA 95062-2890",K-12 Schools (Private),Link to CDE Private School Data page,https://www.cde.ca.gov/ds/si/ps/,Active,www.thebayschool.org,http://www.thebayschool.org,Santa Cruz City Elementary,The Bay School,K-12 Schools (Private),Private,Active
44754320141788,No,Santa Cruz,https://www.cde.ca.gov/SchoolDirectory/details?cdscode=44754320141788,"[{""info"": ""Mr. Matthew Peterson Principal Matthew.peterson@abrite.org"", ""email"": ""Matthew.peterson@abrite.org""}, {""info"": ""Ms. Joelle Glovick (Custodian of Records) info@abrite.org"", ""email"": ""info@abrite.org""}]",44 75432 0141788,Santa Cruz,Nonpublic Certified School,matthew.peterson@abrite.org,Information Not Available,"https://www.google.com/maps/place/125+Bethany+Dr.,+Bldg+A+Scotts+Valley+CA+95060-2803",12,"October 20, 2025",1,"125 Bethany Dr., Bldg A Scotts Valley, CA 95060-2803","July 1, 2022",(844) 322-7483,No,Brite Horizons School,"125 Bethany Dr., Bldg A Scotts Valley, CA 95060-2803",K-12 Schools (Private),Link to CDE Private School Data page,https://www.cde.ca.gov/ds/si/ps/,Active,http://abrite.org/brite-horizons-school,https://abrite.org/brite-horizons-school,Scotts Valley Unified,Brite Horizons School,K-12 Schools (Private),Private,Active
45752676166425,No,Shasta,https://www.cde.ca.gov/SchoolDirectory/details?cdscode=45752676166425,"[{""info"": ""Tatiana Baiandin Director tbaiandin@chancelight.com"", ""email"": ""tbaiandin@chancelight.com""}, {""info"": ""Ms. Lisa Schiesher (Custodian of Records) registrar@chancelight.com"", ""email"": ""registrar@chancelight.com""}]",45 75267 6166425,Shasta,Nonpublic Certified School,tbaiandin@chancelight.com,Information Not Available,https://www.google.com/maps/place/2315+Pl.r+St.+Redding+CA+96001,12,"February 20, 2026",K,"2315 Pl.r St. Redding, CA 96001","October 27, 2022",(530) 220-1630,No,Spectrum Center Redding,"2315 Pl.r St. Redding, CA 96001",K-12 Schools (Private),Link to CDE Private School Data page,https://www.cde.ca.gov/ds/si/ps/,Active,www.chancelight.com,http://www.chancelight.com,Gateway Unified,Spectrum Center Redding,K-12 Schools (Private),Private,Active
43696666130389,No,Santa Clara,https://www.cde.ca.gov/SchoolDirectory/details?cdscode=43696666130389,"[{""info"": ""Alison Fisher Administrator Afisher@chancelight.com"", ""email"": ""Afisher@chancelight.com""}, {""info"": ""Alison Fisher (Custodian of Records) registrar@chancelight.com"", ""email"": ""registrar@chancelight.com""}]",43 69666 6130389,Santa Clara,Nonpublic Certified School,Afisher@chancelight.com,(408) 281-2241,https://www.google.com/maps/place/520+Sands+Dr.+San+Jose+CA+95125-6233,12,"August 6, 2025",K,"520 Sands Dr. San Jose, CA 95125-6233","April 20, 2006",(408) 281-2435,No,Spectrum Center Schools and Programs,"520 Sands Dr. San Jose, CA 95125-6233",K-12 Schools (Private),Link to CDE Private School Data page,https://www.cde.ca.gov/ds/si/ps/,Active,www.spectrumschools.com,http://www.spectrumschools.com,San Jose Unified,Spectrum Center Schools and Programs,K-12 Schools (Private),Private,Active
43696417002322,No,Santa Clara,https://www.cde.ca.gov/SchoolDirectory/details?cdscode=43696417002322,"[{""info"": ""Mr. Dylan Rich Director dylan@paloaltoprep.com"", ""email"": ""dylan@paloaltoprep.com""}, {""info"": ""Ms. Lisa Ohearn Keck (Custodian of Records) LISA@PALOALTOPREP.COM"", ""email"": ""LISA@PALOALTOPREP.COM""}]",43 69641 7002322,Santa Clara,Nonpublic Certified School,lisa@paloaltoprep.com,(650) 493-7073,https://www.google.com/maps/place/2462+Wyandotte+St.+Mountain+View+CA+94043-2367,12,"November 26, 2024",8,"2462 Wyandotte St. Mountain View, CA 94043-2367","July 1, 1980",(650) 493-7071 Ext. 104,No,Palo Alto Preparatory School,"2462 Wyandotte St. Mountain View, CA 94043-2367",K-12 Schools (Private),Link to CDE Private School Data page,https://www.cde.ca.gov/ds/si/ps/,Active,www.paloaltoprep.com,http://www.paloaltoprep.com,Palo Alto Unified,Palo Alto Preparatory School,K-12 Schools (Private),Private,Active
48705406204887,No,Solano,https://www.cde.ca.gov/SchoolDirectory/details?cdscode=48705406204887,"[{""info"": ""Ms. Jenelle Droke Director jenelle.droke@sesischools.com"", ""email"": ""jenelle.droke@sesischools.com""}, {""info"": ""Ms. Jenelle Droke (Custodian of Records) jenelle.droke@sesischools.com"", ""email"": ""jenelle.droke@sesischools.com""}]",48 70540 6204887,Solano,Nonpublic Certified School,jenelle.droke@sesischools.com,(707) 453-6957,https://www.google.com/maps/place/1745+Enterprise+Dr.+Fairfield+CA+94533-5801,12,"August 20, 2025",1,"1745 Enterprise Dr. Fairfield, CA 94533-5801","August 12, 2004",(707) 453-6227,No,Sierra School of Solano,"1745 Enterprise Dr. Fairfield, CA 94533-5801",K-12 Schools (Private),Link to CDE Private School Data page,https://www.cde.ca.gov/ds/si/ps/,Active,www.sesischools.com,http://www.sesischools.com,Fairfield-Suisun Unified,Sierra School of Solano,K-12 Schools (Private),Private,Active
48705406201842,No,Solano,https://www.cde.ca.gov/SchoolDirectory/details?cdscode=48705406201842,"[{""info"": ""Tanisha Williams Director tanisha.williams@chancelight.com"", ""email"": ""tanisha.williams@chancelight.com""}, {""info"": ""Brigette Pinelle (Custodian of Records) registrar@chancelight.com"", ""email"": ""registrar@chancelight.com""}]",48 70540 6201842,Solano,Nonpublic Certified School,tanisha.williams@chancelight.com,(707) 864-8659,https://www.google.com/maps/place/5090+CENTRAL+WAY+#+200+FAIRFIELD+CA+94534-1804,12,"August 19, 2025",K,"5090 CENTRAL WAY # 200 FAIRFIELD, CA 94534-1804","August 12, 2004",(707) 344-3246,No,Spectrum Center Schools and Programs Solano Campus,"5090 CENTRAL WAY # 200 FAIRFIELD, CA 94534-1804",Ungraded Schools (Private),Link to CDE Private School Data page,https://www.cde.ca.gov/ds/si/ps/,Active,www.spectrumschools.com/location/solano/,https://www.spectrumschools.com/location/solano/,Fairfield-Suisun Unified,Spectrum Center Schools and Programs Solano Campus,Ungraded Schools (Private),Private,Active
49708620129353,No,Sonoma,https://www.cde.ca.gov/SchoolDirectory/details?cdscode=49708620129353,"[{""info"": ""Mr. Nate Yates Director nyates@ucpnb.org"", ""email"": ""nyates@ucpnb.org""}, {""info"": ""Mr. Deepak Timsina (Custodian of Records) dtimsina@ucpnb.org"", ""email"": ""dtimsina@ucpnb.org""}]",49 70862 0129353,Sonoma,Nonpublic Certified School,nyates@ucpnb.org,(707) 559-2466,"https://www.google.com/maps/place/3880+Cypress+Dr.,+Ste.+A+Petaluma+CA+94954-5613",10,"October 27, 2025",K,"1425 N. Mcdowell Blvd, Ste. 200 Petaluma, CA 94954","February 12, 2014",(415) 867-2881,No,Cypress Primary School,"3880 Cypress Dr., Ste. A Petaluma, CA 94954-5613",Elementary School (Private),Link to CDE Private School Data page,https://www.cde.ca.gov/ds/si/ps/,Active,www.ucpnb.org,http://www.ucpnb.org,Petaluma Joint Union High,Cypress Primary School,Elementary School (Private),Private,Active
49708620115493,No,Sonoma,https://www.cde.ca.gov/SchoolDirectory/details?cdscode=49708620115493,"[{""info"": ""Mr. Nate Yates Director nyates@ucpnb.org"", ""email"": ""nyates@ucpnb.org""}, {""info"": ""Mr. Deepak Timsina (Custodian of Records) dtimsina@ucpnb.org"", ""email"": ""dtimsina@ucpnb.org""}]",49 70862 0115493,Sonoma,Nonpublic Certified School,nyates@ucpnb.org,(707) 559-2466,"https://www.google.com/maps/place/3835+Cypress+Dr.,+Ste.+103+Petaluma+CA+94954-6965",12,"October 27, 2025",8,"1425 N. Mcdowell Blvd, Ste. 200 Petaluma, CA 94954","August 21, 2007",(415) 867-2881,No,Cypress School,"3835 Cypress Dr., Ste. 103 Petaluma, CA 94954-6965",K-12 Schools (Private),Link to CDE Private School Data page,https://www.cde.ca.gov/ds/si/ps/,Active,www.ucpnb.org,http://www.ucpnb.org,Petaluma Joint Union High,Cypress School,K-12 Schools (Private),Private,Active
49709200133066,No,Sonoma,https://www.cde.ca.gov/SchoolDirectory/details?cdscode=49709200133066,"[{""info"": ""Ms. Heidi Adler Director hadler@anovaeducation.org"", ""email"": ""hadler@anovaeducation.org""}, {""info"": ""Mr. Dan Sousa (Custodian of Records) dsousa@anovaeducation.org"", ""email"": ""dsousa@anovaeducation.org""}]",49 70920 0133066,Sonoma,Nonpublic Certified School,abailey@anovaeducation.org,(707) 542-8195,https://www.google.com/maps/place/212+Concourse+Blvd.+Santa+Rosa+CA+95403,12,"February 3, 2026",K,"212 Concourse Blvd. Santa Rosa, CA 95403","August 18, 2015",(707) 527-0183,No,"Anova Center for Education, Sonoma","212 Concourse Blvd. Santa Rosa, CA 95403",K-12 Schools (Private),Link to CDE Private School Data page,https://www.cde.ca.gov/ds/si/ps/,Active,www.anovaeducation.org/,https://www.anovaeducation.org/,Santa Rosa High,"Anova Center for Education, Sonoma",K-12 Schools (Private),Private,Active
49709207089113,No,Sonoma,https://www.cde.ca.gov/SchoolDirectory/details?cdscode=49709207089113,"[{""info"": ""Mary Schirle Director mary.schirle@sesischools.com"", ""email"": ""mary.schirle@sesischools.com""}, {""info"": ""Mary Schirle (Custodian of Records) mary.schirle@sesischools.com"", ""email"": ""mary.schirle@sesischools.com""}]",49 70920 7089113,Sonoma,Nonpublic Certified School,mary.schirle@sesischools.com,(707) 339-8317,"https://www.google.com/maps/place/3273+Airway+Dr.,+Ste.+A+Santa+Rosa+CA+95403-2080",12,"September 26, 2025",K,"3273 Airway Dr., Ste. A Santa Rosa, CA 95403-2080","July 1, 1980",(707) 571-1234,No,Lattice Educational Services,"3273 Airway Dr., Ste. A Santa Rosa, CA 95403-2080",Ungraded Schools (Private),Link to CDE Private School Data page,https://www.cde.ca.gov/ds/si/ps/,Active,http://sesischools.com/locations/california/lattice-educational-services/,https://sesischools.com/locations/california/lattice-educational-services/,Santa Rosa High,Lattice Educational Services,Ungraded Schools (Private),Private,Active
49709207102965,No,Sonoma,https://www.cde.ca.gov/SchoolDirectory/details?cdscode=49709207102965,"[{""info"": ""Myron Kingsbury Principal myronk@calparents.org"", ""email"": ""myronk@calparents.org""}, {""info"": ""Jessica Headington (Custodian of Records) jessicah@calparents.org"", ""email"": ""jessicah@calparents.org""}]",49 70920 7102965,Sonoma,Nonpublic Certified School,newdirections@calparents.org,(707) 585-6155,https://www.google.com/maps/place/3642+Standish+Ave.+Santa+Rosa+CA+95407,12,"February 2, 2026",5,"3650 Standish Ave. Santa Rosa, CA 95407","July 1, 1980",(707) 585-6108,No,New Directions-NPS,"3642 Standish Ave. Santa Rosa, CA 95407",K-12 Schools (Private),Link to CDE Private School Data page,https://www.cde.ca.gov/ds/si/ps/,Active,http://calparents.org,https://calparents.org,Santa Rosa High,New Directions-NPS,K-12 Schools (Private),Private,Active
49709206941074,No,Sonoma,https://www.cde.ca.gov/SchoolDirectory/details?cdscode=49709206941074,"[{""info"": ""Mrs. Marianne McCarthy Campbell Director mcampbell@newhorizonschool.info"", ""email"": ""mcampbell@newhorizonschool.info""}, {""info"": ""Ms. Shantina Willits (Custodian of Records) shantina@newhorizonschool.info"", ""email"": ""shantina@newhorizonschool.info""}]",49 70920 6941074,Sonoma,Nonpublic Certified School,mcampbell@newhorizonschool.info,Information Not Available,https://www.google.com/maps/place/827+Third+St.+Santa+Rosa+CA+95404-4501,12,"February 4, 2026",7,"827 Third St. Santa Rosa, CA 95404-4501","July 1, 1980",(707) 579-3723,No,New Horizon School and Learning Center,"827 Third St. Santa Rosa, CA 95404-4501",K-12 Schools (Private),Link to CDE Private School Data page,https://www.cde.ca.gov/ds/si/ps/,Active,www.newhorizonschool.info,http://www.newhorizonschool.info,Santa Rosa High,New Horizon School and Learning Center,K-12 Schools (Private),Private,Active
49709207019268,No,Sonoma,https://www.cde.ca.gov/SchoolDirectory/details?cdscode=49709207019268,"[{""info"": ""Nicole Wentz Principal nicole.wentz@victor.org"", ""email"": ""nicole.wentz@victor.org""}, {""info"": ""Ms. Terri Carretero (Custodian of Records) terri.carretero@victor.org"", ""email"": ""terri.carretero@victor.org""}]",49 70920 7019268,Sonoma,Nonpublic Certified School,terri.carretero@victor.org,(707) 523-0133,https://www.google.com/maps/place/3164+Condo+Ct+Santa+Rosa+CA+95403-2557,12,"August 20, 2025",1,"3164 Condo Ct Santa Rosa, CA 95403-2557","July 1, 1980",(707) 523-2334,No,North Valley School-Santa Rosa,"3164 Condo Ct Santa Rosa, CA 95403-2557",K-12 Schools (Private),Link to CDE Private School Data page,https://www.cde.ca.gov/ds/si/ps/,Active,www.victor.org,http://www.victor.org,Santa Rosa High,North Valley School-Santa Rosa,K-12 Schools (Private),Private,Active
49709386906002,No,Sonoma,https://www.cde.ca.gov/SchoolDirectory/details?cdscode=49709386906002,"[{""info"": ""Brittney Briones Principal bbriones@greenacrehomes.org"", ""email"": ""bbriones@greenacrehomes.org""}, {""info"": ""Ms. Maggie Escamilla (Custodian of Records) school@greenacrehomes.org"", ""email"": ""school@greenacrehomes.org""}]",49 70938 6906002,Sonoma,Nonpublic Certified School,school@greenacrehomes.org,(707) 823-5070,https://www.google.com/maps/place/7590+Atkinson+Rd.+Sebastopol+CA+95472-2601,12,"August 25, 2025",1,"438 Eddie Ln. Sebastopol, CA 95472","July 1, 1980",(707) 829-1366,No,Greenacre Homes & School - Atkinson,"7590 Atkinson Rd. Sebastopol, CA 95472-2601",K-12 Schools (Private),Link to CDE Private School Data page,https://www.cde.ca.gov/ds/si/ps/,Active,www.greenacrehomes.org,http://www.greenacrehomes.org,Sebastopol Union Elementary,Greenacre Homes & School - Atkinson,K-12 Schools (Private),Private,Active
49709206203392,No,Sonoma,https://www.cde.ca.gov/SchoolDirectory/details?cdscode=49709206203392,"[{""info"": ""Alison Rodrigues Director alison.rodrigues@sesischools.com"", ""email"": ""alison.rodrigues@sesischools.com""}, {""info"": ""Mr. Tina Crivelli (Custodian of Records) tina.crivelli@sesischools.com"", ""email"": ""tina.crivelli@sesischools.com""}]",49 70920 6203392,Sonoma,Nonpublic Certified School,alison.rodrigues@sesischools.com,Information Not Available,https://www.google.com/maps/place/1020+Ctr.+Dr.+Santa+Rosa+CA+95403-2067,12,"September 26, 2025",K,"1020 Ctr. Dr. Santa Rosa, CA 95403-2067","August 12, 2004",(707) 861-4900,No,Sierra School of Sonoma County,"1020 Ctr. Dr. Santa Rosa, CA 95403-2067",K-12 Schools (Private),Link to CDE Private School Data page,https://www.cde.ca.gov/ds/si/ps/,Active,http://sesischools.com/location/sierra-school-of-sonoma-county/,https://sesischools.com/location/sierra-school-of-sonoma-county/,Santa Rosa High,Sierra School of Sonoma County,K-12 Schools (Private),Private,Active
49709387069768,No,Sonoma,https://www.cde.ca.gov/SchoolDirectory/details?cdscode=49709387069768,"[{""info"": ""Ms. Jill Davidson Director jdavidson@plumfieldacademy.net"", ""email"": ""jdavidson@plumfieldacademy.net""}, {""info"": ""Ms. Cheryl Goggin (Custodian of Records) ckoch@plumfieldacademy.net"", ""email"": ""ckoch@plumfieldacademy.net""}]",49 70938 7069768,Sonoma,Nonpublic Certified School,ckoch@plumfieldacademy.net,(707) 824-1475,https://www.google.com/maps/place/9360+Occidental+Rd+Sebastopol+CA+95472-6460,12,"September 3, 2025",K,"9360 Occidental Rd Sebastopol, CA 95472-6460","July 1, 1980",(707) 824-1414,No,Plumfield Academy,"9360 Occidental Rd Sebastopol, CA 95472-6460",K-12 Schools (Private),Link to CDE Private School Data page,https://www.cde.ca.gov/ds/si/ps/,Active,http://plumfieldacademy.net/,http://plumfieldacademy.net/,Sebastopol Union Elementary,Plumfield Academy,K-12 Schools (Private),Private,Active
49709536914667,No,Sonoma,https://www.cde.ca.gov/SchoolDirectory/details?cdscode=49709536914667,"[{""info"": ""Courtney Jackson Principal cjackson@hannaacademy.org"", ""email"": ""cjackson@hannaacademy.org""}, {""info"": ""Courtney Jackson (Custodian of Records) cjackson@hannacenter.org"", ""email"": ""cjackson@hannacenter.org""}]",49 70953 6914667,Sonoma,Nonpublic Certified School,vcortes@hannaacademy.org,(707) 939-2830,https://www.google.com/maps/place/17000+Arnold+Dr+Sonoma+CA+95476-3242,12,"February 5, 2026",9,"17000 Arnold Dr Sonoma, CA 95476-3242","July 1, 1980",(707) 933-2560,No,Hanna Academy,"17000 Arnold Dr Sonoma, CA 95476-3242",K-12 Schools (Private),Link to CDE Private School Data page,https://www.cde.ca.gov/ds/si/ps/,Active,www.hannaacademy.org,https://www.hannaacademy.org,Sonoma Valley Unified,Hanna Academy,K-12 Schools (Private),Private,Active
49706070128892,No,Sonoma,https://www.cde.ca.gov/SchoolDirectory/details?cdscode=49706070128892,"[{""info"": ""Brittney Briones Principal (707) 829-1366 bbriones@greenacrehomes.org"", ""email"": ""bbriones@greenacrehomes.org""}, {""info"": ""Ms. Maggie Escamillo (Custodian of Records) school@greenacrehomes.org"", ""email"": ""school@greenacrehomes.org""}]",49 70607 0128892,Sonoma,Nonpublic Certified School,school@greenacrehomes.org,(707) 823-5070,https://www.google.com/maps/place/1665+Gravenstein+Hwy+North+Sebastopol+CA+95472-2610,12,"September 25, 2025",5,"438 Eddie Ln. Sebastopol, CA 95472","April 1, 2013",(707) 829-1366,No,Greenacre Homes & School - Gravenstein,"1665 Gravenstein Hwy North Sebastopol, CA 95472-2610",High Schools (Private),Link to CDE Private School Data page,https://www.cde.ca.gov/ds/si/ps/,Active,www.greenacrehomes.org,http://www.greenacrehomes.org,West Sonoma County Union High,Greenacre Homes & School - Gravenstein,High Schools (Private),Private,Active
49706077056229,No,Sonoma,https://www.cde.ca.gov/SchoolDirectory/details?cdscode=49706077056229,"[{""info"": ""Ms. Jennifer Clopton Principal jclopton@tlc4kids.org"", ""email"": ""jclopton@tlc4kids.org""}, {""info"": ""Mrs. Nicole Martin (Custodian of Records) nmartin@tlc4kids.org"", ""email"": ""nmartin@tlc4kids.org""}]",49 70607 7056229,Sonoma,Nonpublic Certified School,jclopton@tlc4kids.org,(707) 823-9475,https://www.google.com/maps/place/1800+Hwy.+116+North+Sebastopol+CA+95472-2607,12,"October 25, 2025",9,"1800 Hwy. 116 North Sebastopol, CA 95472-2607","July 1, 1980",(707) 634-9942,No,Journey Academy,"1800 Hwy. 116 North Sebastopol, CA 95472-2607",High Schools (Private),Link to CDE Private School Data page,https://www.cde.ca.gov/ds/si/ps/,Active,http://tlcjourneyacademy.org/,https://tlcjourneyacademy.org/,West Sonoma County Union High,Journey Academy,High Schools (Private),Private,Active
50710687036767,No,Stanislaus,https://www.cde.ca.gov/SchoolDirectory/details?cdscode=50710687036767,"[{""info"": ""Mr. Travis Lake Administrator tlake@creative-alternatives.org"", ""email"": ""tlake@creative-alternatives.org""}, {""info"": ""Mr. Travis Lake (Custodian of Records) tlake@creative-alternatives.org"", ""email"": ""tlake@creative-alternatives.org""}]",50 71068 7036767,Stanislaus,Nonpublic Certified School,tlake@creative-alternatives.org,(209) 668-7443,https://www.google.com/maps/place/4033+Main+St.+Denair+CA+95316,12,"September 16, 2025",K,"2855 Geer Rd. Turlock, CA 95382","July 1, 1980",(209) 668-8594,No,Reyn Franca School,"4033 Main St. Denair, CA 95316",K-12 Schools (Private),Link to CDE Private School Data page,https://www.cde.ca.gov/ds/si/ps/,Active,www.creative-alternatives.org,http://www.creative-alternatives.org,Denair Unified,Reyn Franca School,K-12 Schools (Private),Private,Active
50710926909774,No,Stanislaus,https://www.cde.ca.gov/SchoolDirectory/details?cdscode=50710926909774,"[{""info"": ""Mr. Jacob Gregg Director jgregg@sierravistacares.org"", ""email"": ""jgregg@sierravistacares.org""}, {""info"": ""Mrs. Deena Souza (Custodian of Records) dsouza@sierravistacares.org"", ""email"": ""dsouza@sierravistacares.org""}]",50 71092 6909774,Stanislaus,Nonpublic Certified School,jgregg@sierravistacares.org,Information Not Available,https://www.google.com/maps/place/2524+Finney+Rd+Modesto+CA+95358-9765,8,"November 26, 2024",K,"1600 N. Carpenter Rd. Bldg. B Modesto, CA 95351","July 1, 1980",(209) 550-5858,No,Sierra Vista Kirk Baucher,"2524 Finney Rd Modesto, CA 95358-9765",Elementary School (Private),Link to CDE Private School Data page,https://www.cde.ca.gov/ds/si/ps/,Active,http://SVCFS.org,http://SVCFS.org,Hart-Ransom Union Elementary,Sierra Vista Kirk Baucher,Elementary School (Private),Private,Active
50755647090558,No,Stanislaus,https://www.cde.ca.gov/SchoolDirectory/details?cdscode=50755647090558,"[{""info"": ""Mr. Marshal Musselman Principal mmusselman@eastvalleyed.org"", ""email"": ""mmusselman@eastvalleyed.org""}, {""info"": ""Mr. Marshal Musselman (Custodian of Records) mmusselman@eastvalleyed.org"", ""email"": ""mmusselman@eastvalleyed.org""}]",50 75564 7090558,Stanislaus,Nonpublic Certified School,mmusselman@eastvalleyed.org,(209) 848-1874,https://www.google.com/maps/place/447+South+4Th+Ave+Oakdale+CA+95361-4028,12,"September 16, 2025",6,"447 South 4Th Ave Oakdale, CA 95361-4028","July 1, 1980",(209) 848-1834,No,EAST VALLEY EDUCATION CENTER,"447 South 4Th Ave Oakdale, CA 95361-4028",K-12 Schools (Private),Link to CDE Private School Data page,https://www.cde.ca.gov/ds/si/ps/,Active,http://eastvalleyed.com,http://eastvalleyed.com,Oakdale Joint Unified,EAST VALLEY EDUCATION CENTER,K-12 Schools (Private),Private,Active
50757397024490,No,Stanislaus,https://www.cde.ca.gov/SchoolDirectory/details?cdscode=50757397024490,"[{""info"": ""Mr. Christoval Rendon Principal crendon@aspiranet.org"", ""email"": ""crendon@aspiranet.org""}, {""info"": ""Ms. Nancy Woodall (Custodian of Records) nwoodall@aspiranet.org"", ""email"": ""nwoodall@aspiranet.org""}]",50 75739 7024490,Stanislaus,Nonpublic Certified School,crendon@aspiranet.org,(209) 634-6975,https://www.google.com/maps/place/2513+Youngstown+Rd.+Turlock+CA+95380-9707,12,"April 1, 2025",5,"PO Box 1527 Turlock,, CA 95381-1527","July 1, 1980",(209) 667-6415,No,Stanislaus Academy,"2513 Youngstown Rd. Turlock, CA 95380-9707",K-12 Schools (Private),Link to CDE Private School Data page,https://www.cde.ca.gov/ds/si/ps/,Active,Information Not Available,,Turlock Unified,Stanislaus Academy,K-12 Schools (Private),Private,Active
51714646171805,No,Sutter,https://www.cde.ca.gov/SchoolDirectory/details?cdscode=51714646171805,"[{""info"": ""Mr. Yogesh Verma Administrator yogesh.verma@rssped.com"", ""email"": ""yogesh.verma@rssped.com""}, {""info"": ""Mr. Yogesh Verma (Custodian of Records) yogesh.verma@rssped.com"", ""email"": ""yogesh.verma@rssped.com""}]",51 71464 6171805,Sutter,Nonpublic Certified School,yogesh.verma@rssped.com,Information Not Available,https://www.google.com/maps/place/8403+Bailey+Rd+Yuba+City+CA+95993-9524,12,"October 22, 2025",K,"8403 Bailey Rd Yuba City, CA 95993-9524","April 15, 2025",(510) 753-4117,No,Rising Star Sped Academy-Sirius Campus,"8403 Bailey Rd Yuba City, CA 95993-9524",K-12 Schools (Private),Link to CDE Private School Data page,https://www.cde.ca.gov/ds/si/ps/,Active,www.rssped.com,http://www.rssped.com,Yuba City Unified,Rising Star Sped Academy-Sirius Campus,K-12 Schools (Private),Private,Active
56725467087984,No,Ventura,https://www.cde.ca.gov/SchoolDirectory/details?cdscode=56725467087984,"[{""info"": ""Dr. Mark Capritto Director mcapritto@casapacifica.org"", ""email"": ""mcapritto@casapacifica.org""}, {""info"": ""Ms. Annie Ellberg (Custodian of Records) aellberg@casapacifica.org"", ""email"": ""aellberg@casapacifica.org""}]",56 72546 7087984,Ventura,Nonpublic Certified School,mcapritto@casapacifica.org,(805) 445-7834,https://www.google.com/maps/place/1722+South+Lewis+Rd.+Camarillo+CA+93012-8520,12,"August 6, 2025",K,"1722 South Lewis Rd. Camarillo, CA 93012-8520","July 1, 1980",(805) 366-4072,No,Casa Pacifica Non-Public School,"1722 South Lewis Rd. Camarillo, CA 93012-8520",K-12 Schools (Private),Link to CDE Private School Data page,https://www.cde.ca.gov/ds/si/ps/,Active,www.casapacifica.org/mental-health-services/non-public-school/,https://www.casapacifica.org/mental-health-services/non-public-school/,Oxnard Union High,Casa Pacifica Non-Public School,K-12 Schools (Private),Private,Active
56737596203939,No,Ventura,https://www.cde.ca.gov/SchoolDirectory/details?cdscode=56737596203939,"[{""info"": ""Mr. Lou Lichtl Administrator passagewayschool_lou@yahoo.com"", ""email"": ""passagewayschool_lou@yahoo.com""}, {""info"": ""Ms. Jessica Weinberg (Custodian of Records) passagewayschool_jessica@yahoo.com"", ""email"": ""passagewayschool_jessica@yahoo.com""}]",56 73759 6203939,Ventura,Nonpublic Certified School,passagewayschool_lou@yahoo.com,(805) 375-4896,https://www.google.com/maps/place/1153+Lawrence+Dr.+Newbury+Park+CA+91320-1304,12,"September 8, 2025",K,"1153 Lawrence Dr. Newbury Park, CA 91320-1304","August 12, 2004",(805) 375-4950,No,Passageway School NPS,"1153 Lawrence Dr. Newbury Park, CA 91320-1304",K-12 Schools (Private),Link to CDE Private School Data page,https://www.cde.ca.gov/ds/si/ps/,Active,http://passagewayschool.net,http://passagewayschool.net,Conejo Valley Unified,Passageway School NPS,K-12 Schools (Private),Private,Active
56105616170054,No,Ventura,https://www.cde.ca.gov/SchoolDirectory/details?cdscode=56105616170054,"[{""info"": ""Mr. Richard Upshaw Administrator Lmichelle@autismacademy.org"", ""email"": ""Lmichelle@autismacademy.org""}, {""info"": ""Dr. Leslie Ghrist-Bernstein (Custodian of Records) Lmichelle@autismacademy.org"", ""email"": ""Lmichelle@autismacademy.org""}]",56 10561 6170054,Ventura,Nonpublic Certified School,Lmichelle@autismacademy.org,(818) 882-0206,https://www.google.com/maps/place/2311+Statham+Oxnard+CA+93033-3965,12,"October 8, 2025",K,"21606 Devonshire St. #5049 Chatsworth, CA 91311","August 6, 2024",(818) 882-0200,No,Academy for Advancement of Children With Autism VC,"2311 Statham Oxnard, CA 93033-3965",K-12 Schools (Private),Link to CDE Private School Data page,https://www.cde.ca.gov/ds/si/ps/,Active,wwww.autismacademy.org,http://wwww.autismacademy.org,Ventura County Office of Education,Academy for Advancement of Children With Autism VC,K-12 Schools (Private),Private,Active
