2026-03-12 15:48:05 - INFO - ================================================================================
2026-03-12 15:48:05 - INFO - ULTIMATE SCHOOL SCRAPER - PART 2: DETAILED INFO (10 PARALLEL WORKERS)
2026-03-12 15:48:05 - INFO - ================================================================================
2026-03-12 15:48:05 - INFO - Loading schools from schools_basic_data.json...
2026-03-12 15:48:05 - INFO - Loaded 3187 schools
2026-03-12 15:48:05 - INFO - 3187 schools have detail links
2026-03-12 15:48:05 - INFO - Starting 10 parallel workers...
2026-03-12 15:48:05 - INFO - ================================================================================
2026-03-12 15:48:10 - INFO - ✓ American International Montessori School [1/3187]
2026-03-12 15:48:10 - INFO - ✓ Kids Elite                               [2/3187]
2026-03-12 15:48:11 - INFO - ✓ St. Joseph Elementary                    [3/3187]
2026-03-12 15:48:11 - INFO - ✓ St. Philip Neri Elementary               [4/3187]
2026-03-12 15:48:11 - INFO - ✓ The Child Unique Montessori School/Monte [5/3187]
2026-03-12 15:48:11 - INFO - ✓ EnCompass Four Corners School            [6/3187]
2026-03-12 15:48:11 - INFO - ✓ Tilden Preparatory School                [7/3187]
2026-03-12 15:48:11 - INFO - ✓ Coastline Christian Schools              [8/3187]
2026-03-12 15:48:11 - INFO - ✓ The Phillips Academy                     [9/3187]
2026-03-12 15:48:11 - INFO - ✓ Saint Joseph Notre Dame High School      [10/3187]
2026-03-12 15:48:14 - INFO - ✓ Berkwood Hedge School                    [11/3187]
2026-03-12 15:48:14 - INFO - ✓ Bayhill High                             [12/3187]
2026-03-12 15:48:15 - INFO - ✓ Black Pine Circle School                 [13/3187]
2026-03-12 15:48:15 - INFO - ✓ Center for Early Intervention on Deafnes [14/3187]
2026-03-12 15:48:16 - INFO - ✓ Crowden School                           [15/3187]
2026-03-12 15:48:16 - INFO - ✓ Fusion Academy Berkeley                  [16/3187]
2026-03-12 15:48:16 - INFO - ✓ MarWell                                  [17/3187]
2026-03-12 15:48:16 - INFO - ✓ Maybeck High School                      [18/3187]
2026-03-12 15:48:16 - INFO - ✓ Emerge Berkeley Christian Academy        [19/3187]
2026-03-12 15:48:18 - INFO - ✓ Saint Mary's College High School         [20/3187]
2026-03-12 15:48:19 - INFO - ✓ Ecole Bilingue De Berkeley               [21/3187]
2026-03-12 15:48:19 - INFO - ✓ School of the Madeleine                  [22/3187]
2026-03-12 15:48:20 - INFO - ✓ Shu Ren International School             [23/3187]
2026-03-12 15:48:20 - INFO - ✓ Via Center                               [24/3187]
2026-03-12 15:48:20 - INFO - ✓ The Academy School                       [25/3187]
2026-03-12 15:48:21 - INFO - ✓ Walden Center & School                   [26/3187]
2026-03-12 15:48:21 - INFO - ✓ The Berkeley School                      [27/3187]
2026-03-12 15:48:21 - INFO - ✓ OneSchool Global - San Francisco         [28/3187]
2026-03-12 15:48:21 - INFO - ✓ Our Lady of Grace School                 [29/3187]
2026-03-12 15:48:23 - INFO - ✓ Redwood Christian Elementary             [30/3187]
2026-03-12 15:48:24 - INFO - ✓ Brave Christian Middle / High School     [31/3187]
2026-03-12 15:48:24 - INFO - ✓ Brave Christian Elementary School        [32/3187]
2026-03-12 15:48:25 - INFO - ✓ St. Raymond                              [33/3187]
2026-03-12 15:48:25 - INFO - ✓ Stratford School Dublin                  [34/3187]
2026-03-12 15:48:25 - INFO - ✓ East Bay German International School     [35/3187]
2026-03-12 15:48:25 - INFO - ✓ The Quarry Lane School                   [36/3187]
2026-03-12 15:48:26 - INFO - ✓ Escuela Bilingüe Internacional           [37/3187]
2026-03-12 15:48:26 - INFO - ✓ Averroes High School                     [38/3187]
2026-03-12 15:48:26 - INFO - ✓ Alsion Montessori Middle/High            [39/3187]
2026-03-12 15:48:27 - INFO - ✓ BASIS Independent Fremont                [40/3187]
2026-03-12 15:48:28 - INFO - ✓ BASIS Independent Fremont Upper School   [41/3187]
2026-03-12 15:48:28 - INFO - ✓ Benjamites Academy                       [42/3187]
2026-03-12 15:48:30 - INFO - ✓ Fremont Christian School                 [43/3187]
2026-03-12 15:48:30 - INFO - ✓ Holy Spirit School                       [44/3187]
2026-03-12 15:48:30 - INFO - ✓ Ilm Academy                              [45/3187]
2026-03-12 15:48:30 - INFO - ✓ Kiddoland Learning Center                [46/3187]
2026-03-12 15:48:30 - INFO - ✓ Montessori School of Fremont             [47/3187]
2026-03-12 15:48:30 - INFO - ✓ Prince of Peace Lutheran School          [48/3187]
2026-03-12 15:48:31 - INFO - ✓ Peace Terrace Academy                    [49/3187]
2026-03-12 15:48:31 - INFO - ✓ Rivendell Academy of Fremont             [50/3187]
2026-03-12 15:48:33 - INFO - ✓ St. Joseph Elementary                    [51/3187]
2026-03-12 15:48:33 - INFO - ✓ Stratford School                         [52/3187]
2026-03-12 15:48:34 - INFO - ✓ Stratford School                         [53/3187]
2026-03-12 15:48:34 - INFO - ✓ Bayside Adventist Christian School       [54/3187]
2026-03-12 15:48:34 - INFO - ✓ All Saints Catholic School               [55/3187]
2026-03-12 15:48:35 - INFO - ✓ Grace Academy                            [56/3187]
2026-03-12 15:48:35 - INFO - ✓ Lea's Christian                          [57/3187]
2026-03-12 15:48:35 - INFO - ✓ Montessori Children's House of Hayward   [58/3187]
2026-03-12 15:48:35 - INFO - ✓ California Crosspoint Academy            [59/3187]
2026-03-12 15:48:36 - INFO - ✓ Moreau Catholic High School              [60/3187]
2026-03-12 15:48:37 - INFO - ✓ RISE East Bay                            [61/3187]
2026-03-12 15:48:38 - INFO - ✓ Rising Star Sped Academy                 [62/3187]
2026-03-12 15:48:38 - INFO - ✓ Saint Clement Catholic School            [63/3187]
2026-03-12 15:48:39 - INFO - ✓ St. Bede School                          [64/3187]
2026-03-12 15:48:39 - INFO - ✓ St. Joachim's Elementary                 [65/3187]
2026-03-12 15:48:39 - INFO - ✓ Stellar Preparatory High School          [66/3187]
2026-03-12 15:48:39 - INFO - ✓ Team Academy for Girls                   [67/3187]
2026-03-12 15:48:40 - INFO - ✓ Acton Academy East Bay                   [68/3187]
2026-03-12 15:48:40 - INFO - ✓ Celebration Life Academy                 [69/3187]
2026-03-12 15:48:40 - INFO - ✓ King's Classical Academy                 [70/3187]
2026-03-12 15:48:41 - INFO - ✓ Livermore Valley Academy                 [71/3187]
2026-03-12 15:48:42 - INFO - ✓ Our Savior Lutheran School               [72/3187]
2026-03-12 15:48:43 - INFO - ✓ St. Michael School                       [73/3187]
2026-03-12 15:48:43 - INFO - ✓ Summa Academy                            [74/3187]
2026-03-12 15:48:43 - INFO - ✓ Valley Montessori School                 [75/3187]
2026-03-12 15:48:44 - INFO - ✓ Verity Academy East Bay                  [76/3187]
2026-03-12 15:48:44 - INFO - ✓ Seneca Family of Agencies - Pathfinder A [77/3187]
2026-03-12 15:48:44 - INFO - ✓ Mission Hills Middle School              [78/3187]
2026-03-12 15:48:44 - INFO - ✓ Union City Christian School              [79/3187]
2026-03-12 15:48:44 - INFO - ✓ Challenger School - Newark               [80/3187]
2026-03-12 15:48:45 - INFO - ✓ Challenger School – Ardenwood            [81/3187]
2026-03-12 15:48:47 - INFO - ✓ New Horizons School                      [82/3187]
2026-03-12 15:48:47 - INFO - ✓ St. Edward Parish                        [83/3187]
2026-03-12 15:48:48 - INFO - ✓ Stellar Academy for Dyslexics            [84/3187]
2026-03-12 15:48:48 - INFO - ✓ Agnes Memorial Christian Academy         [85/3187]
2026-03-12 15:48:48 - INFO - ✓ Aurora School                            [86/3187]
2026-03-12 15:48:49 - INFO - ✓ Baywood Learning Centers                 [87/3187]
2026-03-12 15:48:49 - INFO - ✓ Bentley School                           [88/3187]
2026-03-12 15:48:49 - INFO - ✓ Berkeley Rose Waldorf School             [89/3187]
2026-03-12 15:48:49 - INFO - ✓ Bishop O'Dowd High School                [90/3187]
2026-03-12 15:48:50 - INFO - ✓ Cristo Rey De La Salle East Bay High Sch [91/3187]
2026-03-12 15:48:51 - INFO - ✓ Deecolonize Academy                      [92/3187]
2026-03-12 15:48:52 - INFO - ✓ Escuela Bilingüe Internacional           [93/3187]
2026-03-12 15:48:52 - INFO - ✓ Fred Finch–Oakland Hills Academy         [94/3187]
2026-03-12 15:48:53 - INFO - ✓ Head-Royce School                        [95/3187]
2026-03-12 15:48:53 - INFO - ✓ Growing Light Montessori School          [96/3187]
2026-03-12 15:48:53 - INFO - ✓ Holy Names High School                   [97/3187]
2026-03-12 15:48:54 - INFO - ✓ Julia Morgan School for Girls            [98/3187]
2026-03-12 15:48:54 - INFO - ✓ LAMBO Academy International              [99/3187]
2026-03-12 15:48:54 - INFO - ✓ Liberated Kids PSP                       [100/3187]
2026-03-12 15:48:54 - INFO - ✓ Mills College Children's School at North [101/3187]
2026-03-12 15:48:56 - INFO - ✓ Muhammad University                      [102/3187]
2026-03-12 15:48:56 - INFO - ✓ Northern Light School                    [103/3187]
2026-03-12 15:48:57 - INFO - ✓ Oakland Hebrew Day School                [104/3187]
2026-03-12 15:48:58 - INFO - ✓ Patten Academy of Christian Education    [105/3187]
2026-03-12 15:48:58 - INFO - ✓ Park Day School                          [106/3187]
2026-03-12 15:48:58 - INFO - ✓ Pear Tree Community School               [107/3187]
2026-03-12 15:48:59 - INFO - ✓ Redwood Day School                       [108/3187]
2026-03-12 15:48:59 - INFO - ✓ Pentecostal Way of Truth School Academy  [109/3187]
2026-03-12 15:48:59 - INFO - ✓ Saint Leo the Great School               [110/3187]
2026-03-12 15:48:59 - INFO - ✓ Seneca Family of Agencies-Maya Angelou A [111/3187]
2026-03-12 15:49:00 - INFO - ✓ Spectrum Center, Camden Campus           [112/3187]
2026-03-12 15:49:01 - INFO - ✓ St Paul's Episcopal School               [113/3187]
2026-03-12 15:49:01 - INFO - ✓ St. Andrew M.B.C. Private P. C. P. C.    [114/3187]
2026-03-12 15:49:02 - INFO - ✓ St. Elizabeth School Elementary (A Lumen [115/3187]
2026-03-12 15:49:03 - INFO - ✓ St. Vincent's Day Home                   [116/3187]
2026-03-12 15:49:03 - INFO - ✓ St. Theresa School                       [117/3187]
2026-03-12 15:49:03 - INFO - ✓ The College Preparatory School           [118/3187]
2026-03-12 15:49:04 - INFO - ✓ The FREEdom School LLC                   [119/3187]
2026-03-12 15:49:04 - INFO - ✓ Zoom_Excel LLC                           [120/3187]
2026-03-12 15:49:04 - INFO - ✓ Academia de Mi Abuela                    [121/3187]
2026-03-12 15:49:05 - INFO - ✓ Corpus Christi Elementary                [122/3187]
2026-03-12 15:49:05 - INFO - ✓ ACELLUS - CARROLL                        [123/3187]
2026-03-12 15:49:06 - INFO - ✓ Big Minds                                [124/3187]
2026-03-12 15:49:06 - INFO - ✓ Cheder of the Bay Area                   [125/3187]
2026-03-12 15:49:07 - INFO - ✓ Fusion Academy Pleasanton                [126/3187]
2026-03-12 15:49:08 - INFO - ✓ Lighthouse Baptist School                [127/3187]
2026-03-12 15:49:08 - INFO - ✓ Stratford MIddle School                  [128/3187]
2026-03-12 15:49:08 - INFO - ✓ Stratford School - Pleasanton            [129/3187]
2026-03-12 15:49:08 - INFO - ✓ Summa Academy                            [130/3187]
2026-03-12 15:49:09 - INFO - ✓ Summa Academy                            [131/3187]
2026-03-12 15:49:09 - INFO - ✓ Assumption                               [132/3187]
2026-03-12 15:49:09 - INFO - ✓ St. Leander                              [133/3187]
2026-03-12 15:49:10 - INFO - ✓ International Bible Baptist Academy      [134/3187]
2026-03-12 15:49:10 - INFO - ✓ Mission Hills School                     [135/3187]
2026-03-12 15:49:11 - INFO - ✓ Redwood Christian Middle School and High [136/3187]
2026-03-12 15:49:12 - INFO - ✓ Seneca Family of Agencies - James Baldwi [137/3187]
2026-03-12 15:49:12 - INFO - ✓ St. Felicitas Catholic School            [138/3187]
2026-03-12 15:49:13 - INFO - ✓ St. John Catholic School                 [139/3187]
2026-03-12 15:49:13 - INFO - ✓ Whispering Pines Christian School        [140/3187]
2026-03-12 15:49:13 - INFO - ✓ Woodroe Woods School                     [141/3187]
2026-03-12 15:49:14 - INFO - ✓ Chrystian school of  Education           [142/3187]
2026-03-12 15:49:14 - INFO - ✓ Community Christian School               [143/3187]
2026-03-12 15:49:15 - INFO - ✓ Maranatha Christian School               [144/3187]
2026-03-12 15:49:15 - INFO - ✓ Chico Oaks Adventist School              [145/3187]
2026-03-12 15:49:15 - INFO - ✓ HopeAcademy for Personalized Education   [146/3187]
2026-03-12 15:49:16 - INFO - ✓ Notre Dame School                        [147/3187]
2026-03-12 15:49:16 - INFO - ✓ Paradise Adventist Academy               [148/3187]
2026-03-12 15:49:18 - INFO - ✓ Proverbs 9:9 Academy                     [149/3187]
2026-03-12 15:49:18 - INFO - ✓ Pleasant Valley Baptist Schools          [150/3187]
2026-03-12 15:49:18 - INFO - ✓ Time4learning-Torres                     [151/3187]
2026-03-12 15:49:19 - INFO - ✓ Zanella Academy                          [152/3187]
2026-03-12 15:49:19 - INFO - ✓ Oroville Christian School                [153/3187]
2026-03-12 15:49:19 - INFO - ✓ St. Thomas the Apostle                   [154/3187]
2026-03-12 15:49:19 - INFO - ✓ Aubrey Jane Christian Academy            [155/3187]
2026-03-12 15:49:20 - INFO - ✓ Feather River Adventist School           [156/3187]
2026-03-12 15:49:20 - INFO - ✓ Paradise Adventist Elementary School     [157/3187]
2026-03-12 15:49:21 - INFO - ✓ The Progressive Schoolhouse              [158/3187]
2026-03-12 15:49:23 - INFO - ✓ Christian Heritage Academy               [159/3187]
2026-03-12 15:49:23 - INFO - ✓ Upward International Schools, Inc.       [160/3187]
2026-03-12 15:49:23 - INFO - ✓ BOONES Academy                           [161/3187]
2026-03-12 15:49:23 - INFO - ✓ Libertas Academy                         [162/3187]
2026-03-12 15:49:24 - INFO - ✓ Our Lady of Lourdes Parish               [163/3187]
2026-03-12 15:49:24 - INFO - ✓ Fusion Academy Walnut Creek Downtown     [164/3187]
2026-03-12 15:49:24 - INFO - ✓ Bentley School                           [165/3187]
2026-03-12 15:49:24 - INFO - ✓ Holden High School                       [166/3187]
2026-03-12 15:49:25 - INFO - ✓ Orinda Academy                           [167/3187]
2026-03-12 15:49:25 - INFO - ✓ Cornerstone Christian School             [168/3187]
2026-03-12 15:49:27 - INFO - ✓ Heritage Baptist Academy                 [169/3187]
2026-03-12 15:49:27 - INFO - ✓ Hilltop Christian School                 [170/3187]
2026-03-12 15:49:28 - INFO - ✓ Holy Rosary                              [171/3187]
2026-03-12 15:49:28 - INFO - ✓ New Light Education                      [172/3187]
2026-03-12 15:49:28 - INFO - ✓ Sierra School of Antioch - Fremont       [173/3187]
2026-03-12 15:49:29 - INFO - ✓ Spectrum Center, Antioch                 [174/3187]
2026-03-12 15:49:29 - INFO - ✓ American International School of Excelle [175/3187]
2026-03-12 15:49:29 - INFO - ✓ Successful Independent Study High School [176/3187]
2026-03-12 15:49:29 - INFO - ✓ Brentwood Prep                           [177/3187]
2026-03-12 15:49:30 - INFO - ✓ Celebration Center                       [178/3187]
2026-03-12 15:49:32 - INFO - ✓ Golden Hills Christian School            [179/3187]
2026-03-12 15:49:32 - INFO - ✓ All God's Children Christian School      [180/3187]
2026-03-12 15:49:32 - INFO - ✓ Vineyard Academy                         [181/3187]
2026-03-12 15:49:32 - INFO - ✓ Loe Hart School                          [182/3187]
2026-03-12 15:49:33 - INFO - ✓ King's Academy                           [183/3187]
2026-03-12 15:49:33 - INFO - ✓ St. Patrick School                       [184/3187]
2026-03-12 15:49:34 - INFO - ✓ Contra Costa Jewish Day School           [185/3187]
2026-03-12 15:49:34 - INFO - ✓ Diablo Valley Montessori                 [186/3187]
2026-03-12 15:49:34 - INFO - ✓ Meher Schools, The                       [187/3187]
2026-03-12 15:56:20 - INFO - ================================================================================
2026-03-12 15:56:20 - INFO - ULTIMATE SCHOOL SCRAPER - PART 2: DETAILED INFO (10 PARALLEL WORKERS)
2026-03-12 15:56:20 - INFO - WITH CHECKPOINT SUPPORT - SAVES EVERY 15 ITEMS
2026-03-12 15:56:20 - INFO - ================================================================================
2026-03-12 15:56:20 - INFO - Loading schools from schools_basic_data.json...
2026-03-12 15:56:20 - INFO - Loaded 3187 schools
2026-03-12 15:56:20 - INFO - 3187 schools have detail links
2026-03-12 15:56:20 - INFO - Starting 10 parallel workers...
2026-03-12 15:56:20 - INFO - Checkpoint directory: checkpoints/
2026-03-12 15:56:20 - INFO - Checkpoint interval: every 15 items
2026-03-12 15:56:20 - INFO - ================================================================================
2026-03-12 15:56:20 - INFO - Starting fresh - no checkpoint found
2026-03-12 15:56:20 - INFO - Starting fresh - no checkpoint found
2026-03-12 15:56:20 - INFO - Starting fresh - no checkpoint found
2026-03-12 15:56:20 - INFO - Starting fresh - no checkpoint found
2026-03-12 15:56:20 - INFO - Starting fresh - no checkpoint found
2026-03-12 15:56:20 - INFO - Starting fresh - no checkpoint found
2026-03-12 15:56:20 - INFO - Starting fresh - no checkpoint found
2026-03-12 15:56:20 - INFO - Starting fresh - no checkpoint found
2026-03-12 15:56:20 - INFO - Starting fresh - no checkpoint found
2026-03-12 15:56:20 - INFO - Starting fresh - no checkpoint found
2026-03-12 15:56:26 - INFO - ✓ Kids Elite                               [1/3187]
2026-03-12 15:56:27 - INFO - ✓ The Phillips Academy                     [2/3187]
2026-03-12 15:56:27 - INFO - ✓ Coastline Christian Schools              [3/3187]
2026-03-12 15:56:27 - INFO - ✓ EnCompass Four Corners School            [4/3187]
2026-03-12 15:56:27 - INFO - ✓ The Child Unique Montessori School/Monte [5/3187]
2026-03-12 15:56:27 - INFO - ✓ Saint Joseph Notre Dame High School      [6/3187]
2026-03-12 15:56:27 - INFO - ✓ St. Philip Neri Elementary               [7/3187]
2026-03-12 15:56:27 - INFO - ✓ Tilden Preparatory School                [8/3187]
2026-03-12 15:56:27 - INFO - ✓ St. Joseph Elementary                    [9/3187]
2026-03-12 15:56:32 - INFO - ✓ Berkwood Hedge School                    [10/3187]
2026-03-12 15:56:32 - INFO - ✓ Black Pine Circle School                 [11/3187]
2026-03-12 15:56:32 - INFO - ✓ Center for Early Intervention on Deafnes [12/3187]
2026-03-12 15:56:32 - INFO - ✓ Ecole Bilingue De Berkeley               [13/3187]
2026-03-12 15:56:32 - INFO - ✓ Crowden School                           [14/3187]
2026-03-12 15:56:32 - INFO - ✓ MarWell                                  [15/3187]
2026-03-12 15:56:33 - INFO - ✓ Fusion Academy Berkeley                  [16/3187]
2026-03-12 15:56:33 - INFO - ✓ Bayhill High                             [17/3187]
2026-03-12 15:56:33 - INFO - ✓ Emerge Berkeley Christian Academy        [18/3187]
2026-03-12 15:56:37 - INFO - ✓ Maybeck High School                      [19/3187]
2026-03-12 15:56:38 - INFO - ✓ Saint Mary's College High School         [20/3187]
2026-03-12 15:56:38 - INFO - ✓ Shu Ren International School             [21/3187]
2026-03-12 15:56:38 - INFO - ✓ School of the Madeleine                  [22/3187]
2026-03-12 15:56:38 - INFO - ✓ The Academy School                       [23/3187]
2026-03-12 15:56:38 - INFO - ✓ The Berkeley School                      [24/3187]
2026-03-12 15:56:38 - INFO - ✓ Via Center                               [25/3187]
2026-03-12 15:56:38 - INFO - ✓ OneSchool Global - San Francisco         [26/3187]
2026-03-12 15:56:38 - INFO - ✓ Walden Center & School                   [27/3187]
2026-03-12 15:56:41 - INFO - ✓ Our Lady of Grace School                 [28/3187]
2026-03-12 15:56:42 - INFO - ✓ Redwood Christian Elementary             [29/3187]
2026-03-12 15:56:42 - INFO - ✓ Brave Christian Elementary School        [30/3187]
2026-03-12 15:56:43 - INFO - ✓ Brave Christian Middle / High School     [31/3187]
2026-03-12 15:56:43 - INFO - ✓ East Bay German International School     [32/3187]
2026-03-12 15:56:43 - INFO - ✓ Stratford School Dublin                  [33/3187]
2026-03-12 15:56:43 - INFO - ✓ St. Raymond                              [34/3187]
2026-03-12 15:56:43 - INFO - ✓ The Quarry Lane School                   [35/3187]
2026-03-12 15:56:43 - INFO - ✓ Escuela Bilingüe Internacional           [36/3187]
2026-03-12 15:56:45 - INFO - ✓ Alsion Montessori Middle/High            [37/3187]
2026-03-12 15:56:46 - INFO - ✓ Averroes High School                     [38/3187]
2026-03-12 15:56:47 - INFO - ✓ BASIS Independent Fremont                [39/3187]
2026-03-12 15:56:47 - INFO - ✓ Benjamites Academy                       [40/3187]
2026-03-12 15:56:47 - INFO - ✓ BASIS Independent Fremont Upper School   [41/3187]
2026-03-12 15:56:47 - INFO - ✓ Fremont Christian School                 [42/3187]
2026-03-12 15:56:47 - INFO - ✓ Holy Spirit School                       [43/3187]
2026-03-12 15:56:47 - INFO - ✓ Kiddoland Learning Center                [44/3187]
2026-03-12 15:56:49 - INFO - ✓ Montessori School of Fremont             [45/3187]
2026-03-12 15:56:50 - INFO - ✓ Peace Terrace Academy                    [46/3187]
2026-03-12 15:56:51 - INFO - ✓ Prince of Peace Lutheran School          [47/3187]
2026-03-12 15:56:51 - INFO - ✓ Rivendell Academy of Fremont             [48/3187]
2026-03-12 15:56:51 - INFO - ✓ St. Joseph Elementary                    [49/3187]
2026-03-12 15:56:52 - INFO - ✓ Stratford School                         [50/3187]
2026-03-12 15:56:52 - INFO - ✓ Stratford School                         [51/3187]
2026-03-12 15:56:52 - INFO - ✓ All Saints Catholic School               [52/3187]
2026-03-12 15:56:53 - INFO - ✓ Bayside Adventist Christian School       [53/3187]
2026-03-12 15:56:54 - INFO - ✓ Grace Academy                            [54/3187]
2026-03-12 15:56:55 - INFO - ✓ California Crosspoint Academy            [55/3187]
2026-03-12 15:56:55 - INFO - ✓ Lea's Christian                          [56/3187]
2026-03-12 15:56:56 - INFO - ✓ Montessori Children's House of Hayward   [57/3187]
2026-03-12 15:56:56 - INFO - ✓ Rising Star Sped Academy                 [58/3187]
2026-03-12 15:56:56 - INFO - ✓ Moreau Catholic High School              [59/3187]
2026-03-12 15:56:57 - INFO - ✓ RISE East Bay                            [60/3187]
2026-03-12 15:56:57 - INFO - ✓ Saint Clement Catholic School            [61/3187]
2026-03-12 15:56:58 - INFO - ✓ St. Bede School                          [62/3187]
2026-03-12 15:56:59 - INFO - ✓ American International Montessori School [63/3187]
2026-03-12 15:56:59 - INFO - ✓ St. Joachim's Elementary                 [64/3187]
2026-03-12 15:57:00 - INFO - ✓ Team Academy for Girls                   [65/3187]
2026-03-12 15:57:00 - INFO - ✓ Stellar Preparatory High School          [66/3187]
2026-03-12 15:57:00 - INFO - ✓ Celebration Life Academy                 [67/3187]
2026-03-12 15:57:00 - INFO - ✓ Acton Academy East Bay                   [68/3187]
2026-03-12 15:57:01 - INFO - ✓ King's Classical Academy                 [69/3187]
2026-03-12 15:57:01 - INFO - ✓ Livermore Valley Academy                 [70/3187]
2026-03-12 15:57:02 - INFO - ✓ Our Savior Lutheran School               [71/3187]
2026-03-12 15:57:02 - INFO - ✓ St. Michael School                       [72/3187]
2026-03-12 15:57:03 - INFO - ✓ Summa Academy                            [73/3187]
2026-03-12 15:57:04 - INFO - ✓ Verity Academy East Bay                  [74/3187]
2026-03-12 15:57:04 - INFO - ✓ Valley Montessori School                 [75/3187]
2026-03-12 15:57:04 - INFO - ✓ Seneca Family of Agencies - Pathfinder A [76/3187]
2026-03-12 15:57:04 - INFO - ✓ Mission Hills Middle School              [77/3187]
2026-03-12 15:57:05 - INFO - ✓ Union City Christian School              [78/3187]
2026-03-12 15:57:05 - INFO - ✓ Challenger School - Newark               [79/3187]
2026-03-12 15:57:05 - INFO - ✓ Challenger School – Ardenwood            [80/3187]
2026-03-12 15:57:06 - INFO - ✓ New Horizons School                      [81/3187]
2026-03-12 15:57:06 - INFO - ✓ St. Edward Parish                        [82/3187]
2026-03-12 15:57:07 - INFO - ✓ Agnes Memorial Christian Academy         [83/3187]
2026-03-12 15:57:07 - INFO - ✓ Stellar Academy for Dyslexics            [84/3187]
2026-03-12 15:57:07 - INFO - ✓ Aurora School                            [85/3187]
2026-03-12 15:57:07 - INFO - ✓ Baywood Learning Centers                 [86/3187]
2026-03-12 15:57:08 - INFO - ✓ Bentley School                           [87/3187]
2026-03-12 15:57:08 - INFO - ✓ Berkeley Rose Waldorf School             [88/3187]
2026-03-12 15:57:08 - INFO - ✓ Bishop O'Dowd High School                [89/3187]
2026-03-12 15:57:09 - INFO - ✓ Cristo Rey De La Salle East Bay High Sch [90/3187]
2026-03-12 15:57:09 - INFO - ✓ Deecolonize Academy                      [91/3187]
2026-03-12 15:57:10 - INFO - ✓ Escuela Bilingüe Internacional           [92/3187]
2026-03-12 15:57:10 - INFO - ✓ Growing Light Montessori School          [93/3187]
2026-03-12 15:57:11 - INFO - ✓ Fred Finch–Oakland Hills Academy         [94/3187]
2026-03-12 15:57:11 - INFO - ✓ Head-Royce School                        [95/3187]
2026-03-12 15:57:11 - INFO - ✓ Holy Names High School                   [96/3187]
2026-03-12 15:57:12 - INFO - ✓ Liberated Kids PSP                       [97/3187]
2026-03-12 15:57:12 - INFO - ✓ Mills College Children's School at North [98/3187]
2026-03-12 15:57:13 - INFO - ✓ LAMBO Academy International              [99/3187]
2026-03-12 15:57:13 - INFO - ✓ Julia Morgan School for Girls            [100/3187]
2026-03-12 15:57:13 - INFO - ✓ Muhammad University                      [101/3187]
2026-03-12 15:57:14 - INFO - ✓ Park Day School                          [102/3187]
2026-03-12 15:57:15 - INFO - ✓ Patten Academy of Christian Education    [103/3187]
2026-03-12 15:57:15 - INFO - ✓ Oakland Hebrew Day School                [104/3187]
2026-03-12 15:57:15 - INFO - ✓ Northern Light School                    [105/3187]
2026-03-12 15:57:16 - INFO - ✓ Pear Tree Community School               [106/3187]
2026-03-12 15:57:16 - INFO - ✓ Pentecostal Way of Truth School Academy  [107/3187]
2026-03-12 15:57:16 - INFO - ✓ Saint Leo the Great School               [108/3187]
2026-03-12 15:57:17 - INFO - ✓ Redwood Day School                       [109/3187]
2026-03-12 15:57:17 - INFO - ✓ Seneca Family of Agencies-Maya Angelou A [110/3187]
2026-03-12 15:57:18 - INFO - ✓ St. Elizabeth School Elementary (A Lumen [111/3187]
2026-03-12 15:57:18 - INFO - ✓ Spectrum Center, Camden Campus           [112/3187]
2026-03-12 15:57:19 - INFO - ✓ St Paul's Episcopal School               [113/3187]
2026-03-12 15:57:19 - INFO - ✓ St. Theresa School                       [114/3187]
2026-03-12 15:57:19 - INFO - ✓ Ilm Academy                              [115/3187]
2026-03-12 15:57:20 - INFO - ✓ The College Preparatory School           [116/3187]
2026-03-12 15:57:20 - INFO - ✓ St. Vincent's Day Home                   [117/3187]
2026-03-12 15:57:20 - INFO - ✓ The FREEdom School LLC                   [118/3187]
2026-03-12 15:57:20 - INFO - ✓ Zoom_Excel LLC                           [119/3187]
2026-03-12 15:57:20 - INFO - ✓ St. Andrew M.B.C. Private P. C. P. C.    [120/3187]
2026-03-12 15:57:21 - INFO - ✓ Academia de Mi Abuela                    [121/3187]
2026-03-12 15:57:23 - INFO - ✓ ACELLUS - CARROLL                        [122/3187]
2026-03-12 15:57:23 - INFO - ✓ Cheder of the Bay Area                   [123/3187]
2026-03-12 15:57:23 - INFO - ✓ Big Minds                                [124/3187]
2026-03-12 15:57:24 - INFO - ✓ Lighthouse Baptist School                [125/3187]
2026-03-12 15:57:24 - INFO - 💾 Saving checkpoint (15 processed)
2026-03-12 15:57:24 - INFO - ✓ Fusion Academy Pleasanton                [126/3187]
2026-03-12 15:57:24 - INFO - 💾 Saving checkpoint (15 processed)
2026-03-12 15:57:24 - INFO - ✓ Corpus Christi Elementary                [127/3187]
2026-03-12 15:57:24 - INFO - ✓ Stratford School - Pleasanton            [128/3187]
2026-03-12 15:57:24 - INFO - 💾 Saving checkpoint (15 processed)
2026-03-12 15:57:24 - INFO - ✓ Stratford MIddle School                  [129/3187]
2026-03-12 15:57:24 - INFO - 💾 Saving checkpoint (15 processed)
2026-03-12 15:57:25 - INFO - ✓ Summa Academy                            [130/3187]
2026-03-12 15:57:26 - INFO - ✓ Summa Academy                            [131/3187]
2026-03-12 15:57:26 - INFO - 💾 Saving checkpoint (15 processed)
2026-03-12 15:57:26 - INFO - ✓ Assumption                               [132/3187]
2026-03-12 15:57:26 - INFO - 💾 Saving checkpoint (15 processed)
2026-03-12 15:57:27 - INFO - ✓ St. Leander                              [133/3187]
2026-03-12 15:57:27 - INFO - ✓ Mission Hills School                     [134/3187]
2026-03-12 15:57:27 - INFO - ✓ International Bible Baptist Academy      [135/3187]
2026-03-12 15:57:27 - INFO - ✓ Redwood Christian Middle School and High [136/3187]
2026-03-12 15:57:28 - INFO - ✓ Seneca Family of Agencies - James Baldwi [137/3187]
2026-03-12 15:57:28 - INFO - 💾 Saving checkpoint (15 processed)
2026-03-12 15:57:28 - INFO - ✓ St. Felicitas Catholic School            [138/3187]
2026-03-12 15:57:28 - INFO - ✓ Woodroe Woods School                     [139/3187]
2026-03-12 15:57:28 - INFO - 💾 Saving checkpoint (15 processed)
2026-03-12 15:57:28 - INFO - ✓ St. John Catholic School                 [140/3187]
2026-03-12 15:57:29 - INFO - ✓ Whispering Pines Christian School        [141/3187]
2026-03-12 15:57:29 - INFO - ✓ Chrystian school of  Education           [142/3187]
2026-03-12 15:57:30 - INFO - ✓ Community Christian School               [143/3187]
2026-03-12 15:57:31 - INFO - ✓ Maranatha Christian School               [144/3187]
2026-03-12 15:57:31 - INFO - ✓ Chico Oaks Adventist School              [145/3187]
2026-03-12 15:57:31 - INFO - ✓ HopeAcademy for Personalized Education   [146/3187]
2026-03-12 15:57:31 - INFO - ✓ Notre Dame School                        [147/3187]
2026-03-12 15:57:32 - INFO - ✓ Paradise Adventist Academy               [148/3187]
2026-03-12 15:57:32 - INFO - ✓ Pleasant Valley Baptist Schools          [149/3187]
2026-03-12 15:57:32 - INFO - ✓ Proverbs 9:9 Academy                     [150/3187]
2026-03-12 15:57:33 - INFO - ✓ Time4learning-Torres                     [151/3187]
2026-03-12 15:57:33 - INFO - ✓ Zanella Academy                          [152/3187]
2026-03-12 15:57:34 - INFO - ✓ Oroville Christian School                [153/3187]
2026-03-12 15:57:34 - INFO - ✓ St. Thomas the Apostle                   [154/3187]
2026-03-12 15:57:34 - INFO - ✓ Aubrey Jane Christian Academy            [155/3187]
2026-03-12 15:57:35 - INFO - ✓ Paradise Adventist Elementary School     [156/3187]
2026-03-12 15:57:35 - INFO - ✓ Feather River Adventist School           [157/3187]
2026-03-12 15:57:35 - INFO - ✓ The Progressive Schoolhouse              [158/3187]
2026-03-12 15:57:35 - INFO - ✓ Christian Heritage Academy               [159/3187]
2026-03-12 15:57:36 - INFO - ✓ Upward International Schools, Inc.       [160/3187]
2026-03-12 15:57:36 - INFO - ✓ Libertas Academy                         [161/3187]
2026-03-12 15:57:37 - INFO - ✓ BOONES Academy                           [162/3187]
2026-03-12 15:57:37 - INFO - ✓ Our Lady of Lourdes Parish               [163/3187]
2026-03-12 15:57:38 - INFO - ✓ Bentley School                           [164/3187]
2026-03-12 15:57:38 - INFO - ✓ Fusion Academy Walnut Creek Downtown     [165/3187]
2026-03-12 15:57:39 - INFO - ✓ Cornerstone Christian School             [166/3187]
2026-03-12 15:57:39 - INFO - ✓ Orinda Academy                           [167/3187]
2026-03-12 15:57:39 - INFO - ✓ Holden High School                       [168/3187]
2026-03-12 15:57:39 - INFO - ✓ Hilltop Christian School                 [169/3187]
2026-03-12 15:57:39 - INFO - ✓ Heritage Baptist Academy                 [170/3187]
2026-03-12 15:57:40 - INFO - ✓ Holy Rosary                              [171/3187]
2026-03-12 15:57:41 - INFO - ✓ New Light Education                      [172/3187]
2026-03-12 15:57:41 - INFO - ✓ Spectrum Center, Antioch                 [173/3187]
2026-03-12 15:57:41 - INFO - ✓ Successful Independent Study High School [174/3187]
2026-03-12 15:57:42 - INFO - ✓ Celebration Center                       [175/3187]
2026-03-12 15:57:43 - INFO - ✓ Vineyard Academy                         [176/3187]
2026-03-12 15:57:43 - INFO - ✓ Brentwood Prep                           [177/3187]
2026-03-12 15:57:43 - INFO - ✓ American International School of Excelle [178/3187]
2026-03-12 15:57:43 - INFO - ✓ Golden Hills Christian School            [179/3187]
2026-03-12 15:57:43 - INFO - ✓ All God's Children Christian School      [180/3187]
2026-03-12 15:57:44 - INFO - ✓ Sierra School of Antioch - Fremont       [181/3187]
2026-03-12 15:57:44 - INFO - ✓ Loe Hart School                          [182/3187]
2026-03-12 15:57:45 - INFO - ✓ St. Patrick School                       [183/3187]
2026-03-12 15:57:46 - INFO - ✓ King's Academy                           [184/3187]
2026-03-12 15:57:46 - INFO - ✓ Contra Costa Jewish Day School           [185/3187]
2026-03-12 15:57:46 - INFO - ✓ Meher Schools, The                       [186/3187]
2026-03-12 15:57:46 - INFO - ✓ Diablo Valley Montessori                 [187/3187]
2026-03-12 15:57:47 - INFO - ✓ The Springstone School                   [188/3187]
2026-03-12 15:57:47 - INFO - ✓ St. Perpetua                             [189/3187]
2026-03-12 15:57:47 - INFO - ✓ BUILDING Connections Academy Martinez    [190/3187]
2026-03-12 15:57:47 - INFO - ✓ St. Catherine of Siena                   [191/3187]
2026-03-12 15:57:47 - INFO - ✓ Radiant Blossom                          [192/3187]
2026-03-12 15:57:48 - INFO - ✓ The Saklan School                        [193/3187]
2026-03-12 15:57:48 - INFO - 💾 Saving checkpoint (15 processed)
2026-03-12 15:57:49 - INFO - ✓ Above and Beyond Academy                 [194/3187]
2026-03-12 15:57:49 - INFO - ✓ Al Judiy Academy                         [195/3187]
2026-03-12 15:57:50 - INFO - ✓ Anova Center for Education, Contra Costa [196/3187]
2026-03-12 15:57:50 - INFO - ✓ Berean Christian High School             [197/3187]
2026-03-12 15:57:50 - INFO - ✓ Bay Christian School                     [198/3187]
2026-03-12 15:57:51 - INFO - ✓ Building Connections Academy             [199/3187]
2026-03-12 15:57:51 - INFO - ✓ Bridge Quest Academy                     [200/3187]
2026-03-12 15:57:51 - INFO - ✓ Carondelet High School                   [201/3187]
2026-03-12 15:57:51 - INFO - ✓ Christ the King Elementary               [202/3187]
2026-03-12 15:57:52 - INFO - ✓ Contra Costa Christian Schools           [203/3187]
2026-03-12 15:57:52 - INFO - ✓ CORE Education Academy                   [204/3187]
2026-03-12 15:57:52 - INFO - ✓ De La Salle High School of Concord       [205/3187]
2026-03-12 15:57:53 - INFO - ✓ Diablo Valley                            [206/3187]
2026-03-12 15:57:53 - INFO - ✓ Grayson Creek Academy                    [207/3187]
2026-03-12 15:57:54 - INFO - ✓ Fusion Academy Walnut Creek              [208/3187]
2026-03-12 15:57:54 - INFO - ✓ Hope Academy for Dyslexics               [209/3187]
2026-03-12 15:57:55 - INFO - ✓ King's Valley Christian School           [210/3187]
2026-03-12 15:57:55 - INFO - ✓ Noble Learning Academy LLC               [211/3187]
2026-03-12 15:57:55 - INFO - ✓ NorthCreek Academy                       [212/3187]
2026-03-12 15:57:55 - INFO - ✓ Orion Academy                            [213/3187]
2026-03-12 15:57:56 - INFO - ✓ Pleasant Hill Adventist Academy          [214/3187]
2026-03-12 15:57:56 - INFO - ✓ Queen of All Saints Elementary           [215/3187]
2026-03-12 15:57:57 - INFO - ✓ Saint Agnes                              [216/3187]
2026-03-12 15:57:57 - INFO - ✓ Saint Francis of Assisi                  [217/3187]
2026-03-12 15:57:57 - INFO - ✓ Sonder Creek Academy                     [218/3187]
2026-03-12 15:57:58 - INFO - ✓ Spectrum Center, Inc.-Valley Campus      [219/3187]
2026-03-12 15:57:58 - INFO - ✓ Tabernacle Christian, Inc.               [220/3187]
2026-03-12 15:57:59 - INFO - ✓ The Macademy                             [221/3187]
2026-03-12 15:57:59 - INFO - ✓ Voyager Academy                          [222/3187]
2026-03-12 15:57:59 - INFO - ✓ The Concordia School                     [223/3187]
2026-03-12 15:57:59 - INFO - 💾 Saving checkpoint (15 processed)
2026-03-12 15:57:59 - INFO - ✓ Wellspring Educational Services Inc      [224/3187]
2026-03-12 15:57:59 - INFO - ✓ Wood Rose Academy                        [225/3187]
2026-03-12 15:58:00 - INFO - ✓ Bolling Thompson Academy                 [226/3187]
2026-03-12 15:58:01 - INFO - ✓ Logos Christian Academy                  [227/3187]
2026-03-12 15:58:01 - INFO - ✓ Destiny Academy                          [228/3187]
2026-03-12 15:58:02 - INFO - ✓ St. Peter Martyr Elementary              [229/3187]
2026-03-12 15:58:02 - INFO - ✓ Alkavain Academy                         [230/3187]
2026-03-12 15:58:03 - INFO - ✓ Harper School                            [231/3187]
2026-03-12 15:58:03 - INFO - ✓ Dorris-Eaton School, The                 [232/3187]
2026-03-12 15:58:03 - INFO - ✓ Homeschool                               [233/3187]
2026-03-12 15:58:04 - INFO - ✓ San Ramon Valley Christian Academy       [234/3187]
2026-03-12 15:58:05 - INFO - ✓ Blue Dot Academy                         [235/3187]
2026-03-12 15:58:05 - INFO - ✓ St. Isidore School                       [236/3187]
2026-03-12 15:58:05 - INFO - ✓ The Athenian School                      [237/3187]
2026-03-12 15:58:06 - INFO - ✓ Spectrum Center Delta Campus             [238/3187]
2026-03-12 15:58:06 - INFO - ✓ Building Connections Behavioral Health   [239/3187]
2026-03-12 15:58:07 - INFO - ✓ St. Mary of the Immaculate Conception    [240/3187]
2026-03-12 15:58:07 - INFO - ✓ Cedar Life Academy                       [241/3187]
2026-03-12 15:58:07 - INFO - ✓ Summa Academy - Mitchell                 [242/3187]
2026-03-12 15:58:08 - INFO - ✓ The Seven Hills School                   [243/3187]
2026-03-12 15:58:08 - INFO - ✓ A Better Chance / California Autism Foun [244/3187]
2026-03-12 15:58:09 - INFO - ✓ Arlington Christian School               [245/3187]
2026-03-12 15:58:09 - INFO - ✓ Big Minds                                [246/3187]
2026-03-12 15:58:10 - INFO - ✓ Big Minds Unschool Online                [247/3187]
2026-03-12 15:58:10 - INFO - ✓ Bethel Christian Academy                 [248/3187]
2026-03-12 15:58:10 - INFO - ✓ Crestmont School                         [249/3187]
2026-03-12 15:58:12 - INFO - ✓ El Sobrante Christian School             [250/3187]
2026-03-12 15:58:12 - INFO - ✓ Golestan School                          [251/3187]
2026-03-12 15:58:12 - INFO - ✓ La Cheim School, El Sobrante             [252/3187]
2026-03-12 15:58:13 - INFO - ✓ Salesian High School d/b/a Salesian Coll [253/3187]
2026-03-12 15:58:13 - INFO - ✓ Prospect Sierra School                   [254/3187]
2026-03-12 15:58:13 - INFO - ✓ Seneca Family of Agencies - Catalyst Aca [255/3187]
2026-03-12 15:58:14 - INFO - ✓ Spectrum Center Tara Hills Campus        [256/3187]
2026-03-12 15:58:15 - INFO - ✓ St. David School                         [257/3187]
2026-03-12 15:58:15 - INFO - ✓ St. John the Baptist School              [258/3187]
2026-03-12 15:58:15 - INFO - 💾 Saving checkpoint (30 processed)
2026-03-12 15:58:16 - INFO - ✓ Walnut Creek Christian Academy           [259/3187]
2026-03-12 15:58:16 - INFO - ✓ St. Joseph Elementary                    [260/3187]
2026-03-12 15:58:17 - INFO - ✓ Viridis Academy                          [261/3187]
2026-03-12 15:58:17 - INFO - ✓ St. Paul School                          [262/3187]
2026-03-12 15:58:17 - INFO - 💾 Saving checkpoint (30 processed)
2026-03-12 15:58:17 - INFO - ✓ East Bay Montessori                      [263/3187]
2026-03-12 15:58:18 - INFO - ✓ Wildcat Canyon Community School          [264/3187]
2026-03-12 15:58:18 - INFO - 💾 Saving checkpoint (30 processed)
2026-03-12 15:58:18 - INFO - ✓ Crescent City SDA School                 [265/3187]
2026-03-12 15:58:18 - INFO - ✓ GHS Academy                              [266/3187]
2026-03-12 15:58:19 - INFO - ✓ Holy Trinity School                      [267/3187]
2026-03-12 15:58:19 - INFO - ✓ Point Quest Education - El Dorado Hills  [268/3187]
2026-03-12 15:58:19 - INFO - 💾 Saving checkpoint (30 processed)
2026-03-12 15:58:20 - INFO - ✓ Providence Christian School              [269/3187]
2026-03-12 15:58:20 - INFO - 💾 Saving checkpoint (30 processed)
2026-03-12 15:58:20 - INFO - ✓ St. Padre Pio Academy                    [270/3187]
2026-03-12 15:58:20 - INFO - ✓ Sequoia Gifted Academy                   [271/3187]
2026-03-12 15:58:21 - INFO - ✓ Opportunity Acres dba Independent Trails [272/3187]
2026-03-12 15:58:21 - INFO - 💾 Saving checkpoint (30 processed)
2026-03-12 15:58:22 - INFO - ✓ Blaise Pascal School                     [273/3187]
2026-03-12 15:58:22 - INFO - ✓ Ygnacio Valley Christian School          [274/3187]
2026-03-12 15:58:22 - INFO - ✓ Studia Nova                              [275/3187]
2026-03-12 15:58:23 - INFO - ✓ Summitview Academy                       [276/3187]
2026-03-12 15:58:23 - INFO - ✓ Tahoe Prep Academy                       [277/3187]
2026-03-12 15:58:24 - INFO - ✓ Marble Valley Academy                    [278/3187]
2026-03-12 15:58:24 - INFO - ✓ Sierra View Academy                      [279/3187]
2026-03-12 15:58:24 - INFO - ✓ Westside Academy                         [280/3187]
2026-03-12 15:58:24 - INFO - ✓ Heritage Oaks Academy                    [281/3187]
2026-03-12 15:58:25 - INFO - ✓ Roundtree Acadamy                        [282/3187]
2026-03-12 15:58:25 - INFO - ✓ El Dorado Adventist School               [283/3187]
2026-03-12 15:58:25 - INFO - ✓ Elephant Owl School of SAT Sciences      [284/3187]
2026-03-12 15:58:26 - INFO - ✓ New Horizons Private School              [285/3187]
2026-03-12 15:58:27 - INFO - ✓ C&G                                      [286/3187]
2026-03-12 15:58:27 - INFO - ✓ Charlie Keyan Armenian School            [287/3187]
2026-03-12 15:58:28 - INFO - ✓ Clovis Christian School                  [288/3187]
2026-03-12 15:58:28 - INFO - ✓ Fresno Christian Schools                 [289/3187]
2026-03-12 15:58:28 - INFO - ✓ Graham Yalle Visual and Performing Arts  [290/3187]
2026-03-12 15:58:28 - INFO - ✓ Belmont Private Academy                  [291/3187]
2026-03-12 15:58:28 - INFO - 💾 Saving checkpoint (30 processed)
2026-03-12 15:58:28 - INFO - ✓ Logos Christian Conservatory             [292/3187]
2026-03-12 15:58:29 - INFO - ✓ Provident Academy                        [293/3187]
2026-03-12 15:58:29 - INFO - ✓ Royal Beginnings                         [294/3187]
2026-03-12 15:58:29 - INFO - ✓ Our Lady of Perpetual Help               [295/3187]
2026-03-12 15:58:30 - INFO - ✓ Sfumato                                  [296/3187]
2026-03-12 15:58:31 - INFO - ✓ Sierra View Christian Academy            [297/3187]
2026-03-12 15:58:31 - INFO - ✓ Spectrum Center Clovis                   [298/3187]
2026-03-12 15:58:31 - INFO - ✓ Faith Christian Academy                  [299/3187]
2026-03-12 15:58:32 - INFO - ✓ Valley Crescent School                   [300/3187]
2026-03-12 15:58:32 - INFO - ✓ Faith Academy                            [301/3187]
2026-03-12 15:58:32 - INFO - ✓ WILSON HOME SCHOOL                       [302/3187]
2026-03-12 15:58:33 - INFO - ✓ Access Read Academy                      [303/3187]
2026-03-12 15:58:33 - INFO - ✓ Al-Azhar Islamic Academy                 [304/3187]
2026-03-12 15:58:33 - INFO - ✓ California Christian Academy, PSP        [305/3187]
2026-03-12 15:58:34 - INFO - ✓ Carden School of Fresno                  [306/3187]
2026-03-12 15:58:34 - INFO - ✓ Creative Alternative School              [307/3187]
2026-03-12 15:58:35 - INFO - ✓ Fairmont Private School of Fresno        [308/3187]
2026-03-12 15:58:35 - INFO - ✓ Faith Baptist Academy                    [309/3187]
2026-03-12 15:58:35 - INFO - ✓ Featherston Academy                      [310/3187]
2026-03-12 15:58:36 - INFO - ✓ Fresno Adventist Academy                 [311/3187]
2026-03-12 15:58:36 - INFO - ✓ Fresno California Academy                [312/3187]
2026-03-12 15:58:36 - INFO - ✓ Innova School                            [313/3187]
2026-03-12 15:58:36 - INFO - ✓ Holy Cross Junior High                   [314/3187]
2026-03-12 15:58:37 - INFO - ✓ Learn Academy, Fresno                    [315/3187]
2026-03-12 15:58:37 - INFO - ✓ Lighthouse Christian School              [316/3187]
2026-03-12 15:58:38 - INFO - ✓ Maverick Center for Dyslexia, inc.       [317/3187]
2026-03-12 15:58:38 - INFO - ✓ Our Fathers Home Academy Home of the Mar [318/3187]
2026-03-12 15:58:38 - INFO - ✓ Remnant Christian School                 [319/3187]
2026-03-12 15:58:39 - INFO - ✓ St. Helen                                [320/3187]
2026-03-12 15:58:39 - INFO - ✓ St. Anthony                              [321/3187]
2026-03-12 15:58:40 - INFO - ✓ San Joaquin Memorial High                [322/3187]
2026-03-12 15:58:40 - INFO - ✓ The Fearless School                      [323/3187]
2026-03-12 15:58:40 - INFO - ✓ Central Valley Christian Molokan School  [324/3187]
2026-03-12 15:58:40 - INFO - ✓ Truth Tabernacle Christian School        [325/3187]
2026-03-12 15:58:40 - INFO - 💾 Saving checkpoint (30 processed)
2026-03-12 15:58:41 - INFO - ✓ Immanuel Schools                         [326/3187]
2026-03-12 15:58:41 - INFO - ✓ Sequoia Christian School                 [327/3187]
2026-03-12 15:58:42 - INFO - ✓ St. La Salle                             [328/3187]
2026-03-12 15:58:42 - INFO - ✓ Riverdale Assembly of God dba Riverdale  [329/3187]
2026-03-12 15:58:43 - INFO - ✓ Bethel Christian School                  [330/3187]
2026-03-12 15:58:43 - INFO - ✓ King's Corner                            [331/3187]
2026-03-12 15:58:43 - INFO - ✓ Fisher Academy                           [332/3187]
2026-03-12 15:58:43 - INFO - ✓ Sierra Heights Academy                   [333/3187]
2026-03-12 15:58:44 - INFO - ✓ Willow Creek Christian School            [334/3187]
2026-03-12 15:58:44 - INFO - ✓ Western Christian Academy                [335/3187]
2026-03-12 15:58:44 - INFO - ✓ The Uni of Liberty                       [336/3187]
2026-03-12 15:58:45 - INFO - ✓ River Valley Christian                   [337/3187]
2026-03-12 15:58:45 - INFO - ✓ arcata christian school                  [338/3187]
2026-03-12 15:58:46 - INFO - ✓ Gospel Outreach School                   [339/3187]
2026-03-12 15:58:47 - INFO - ✓ Redwood Christian School                 [340/3187]
2026-03-12 15:58:47 - INFO - ✓ Koinonia Academy PSP                     [341/3187]
2026-03-12 15:58:47 - INFO - ✓ St. Bernard's Academy                    [342/3187]
2026-03-12 15:58:47 - INFO - ✓ Field to Forest                          [343/3187]
2026-03-12 15:58:48 - INFO - ✓ Mistwood Educational Center              [344/3187]
2026-03-12 15:58:48 - INFO - ✓ Seaforth Montessori                      [345/3187]
2026-03-12 15:58:49 - INFO - ✓ Brawley Christian Academy                [346/3187]
2026-03-12 15:58:49 - INFO - ✓ New Life Christian                       [347/3187]
2026-03-12 15:58:49 - INFO - ✓ Calexico Mission School                  [348/3187]
2026-03-12 15:58:50 - INFO - ✓ Our Lady of Guadalupe Academy            [349/3187]
2026-03-12 15:58:50 - INFO - ✓ Christian Home Academy                   [350/3187]
2026-03-12 15:58:50 - INFO - ✓ Vincent Memorial Catholic High School    [351/3187]
2026-03-12 15:58:51 - INFO - ✓ St. Marys School                         [352/3187]
2026-03-12 15:58:51 - INFO - ✓ A to Z Academy                           [353/3187]
2026-03-12 15:58:52 - INFO - ✓ Faith Academy                            [354/3187]
2026-03-12 15:58:52 - INFO - ✓ Valley Christian Heritage School         [355/3187]
2026-03-12 15:58:52 - INFO - ✓ Providence Christian School (dba)        [356/3187]
2026-03-12 15:58:53 - INFO - ✓ Vanguard Academy of Imperial Valley      [357/3187]
2026-03-12 15:58:53 - INFO - ✓ Calvary Chapel Christian School El Centr [358/3187]
2026-03-12 15:58:53 - INFO - ✓ Discovery Point Kidz Elementary Academy  [359/3187]
2026-03-12 15:58:54 - INFO - ✓ Agapeland Christian Academy              [360/3187]
2026-03-12 15:58:54 - INFO - ✓ Bakersfield Adventist Academy            [361/3187]
2026-03-12 15:58:54 - INFO - ✓ Bethel Academy                           [362/3187]
2026-03-12 15:58:54 - INFO - ✓ Connections Academy By Pearson           [363/3187]
2026-03-12 15:58:55 - INFO - ✓ Our Lady of Guadalupe                    [364/3187]
2026-03-12 15:58:57 - INFO - ✓ Our Lady of Perpetual Help               [365/3187]
2026-03-12 15:58:57 - INFO - ✓ St. Francis                              [366/3187]
2026-03-12 15:58:58 - INFO - ✓ Stockdale Christian Elementary           [367/3187]
2026-03-12 15:58:58 - INFO - ✓ Heritage Christian School                [368/3187]
2026-03-12 15:58:58 - INFO - ✓ The Shepherd's Academy                   [369/3187]
2026-03-12 15:58:58 - INFO - ✓ Valley Montessori Academy                [370/3187]
2026-03-12 15:58:58 - INFO - ✓ Tehillah Christian Academy               [371/3187]
2026-03-12 15:58:58 - INFO - ✓ Legacy Christian Academy                 [372/3187]
2026-03-12 15:58:59 - INFO - ✓ Bruce Good family                        [373/3187]
2026-03-12 15:58:59 - INFO - 💾 Saving checkpoint (30 processed)
2026-03-12 15:59:00 - INFO - ✓ Homeschool Outpost                       [374/3187]
2026-03-12 15:59:00 - INFO - ✓ Rosewall Christian Academy               [375/3187]
2026-03-12 15:59:00 - INFO - ✓ Christ Centered Church Bakersfield / Gid [376/3187]
2026-03-12 15:59:01 - INFO - ✓ Nigritian Academy                        [377/3187]
2026-03-12 15:59:01 - INFO - ✓ Bakersfield Christian High School        [378/3187]
2026-03-12 15:59:02 - INFO - ✓ Garces Memorial High                     [379/3187]
2026-03-12 15:59:02 - INFO - ✓ Rock Harbor Academy                      [380/3187]
2026-03-12 15:59:02 - INFO - ✓ Olive Knolls Christian                   [381/3187]
2026-03-12 15:59:02 - INFO - 💾 Saving checkpoint (30 processed)
2026-03-12 15:59:02 - INFO - ✓ Sports Outside the Box                   [382/3187]
2026-03-12 15:59:02 - INFO - ✓ LOVE TO LEARN                            [383/3187]
2026-03-12 15:59:03 - INFO - ✓ Oppimista School                         [384/3187]
2026-03-12 15:59:03 - INFO - ✓ St. John's Lutheran School Bakersfield   [385/3187]
2026-03-12 15:59:04 - INFO - ✓ Turner Christian Academy                 [386/3187]
2026-03-12 15:59:04 - INFO - ✓ Valley Achievement Center                [387/3187]
2026-03-12 15:59:04 - INFO - ✓ Free Will Christian Academy              [388/3187]
2026-03-12 15:59:05 - INFO - ✓ Little Hands Academy                     [389/3187]
2026-03-12 15:59:06 - INFO - ✓ Country Christian School                 [390/3187]
2026-03-12 15:59:06 - INFO - ✓ Stage’s Family School                    [391/3187]
2026-03-12 15:59:06 - INFO - ✓ Golden State Academy                     [392/3187]
2026-03-12 15:59:06 - INFO - ✓ Providence Classical Academy             [393/3187]
2026-03-12 15:59:07 - INFO - ✓ Balas Montessori Home School             [394/3187]
2026-03-12 15:59:07 - INFO - ✓ Sunrise Academy                          [395/3187]
2026-03-12 15:59:07 - INFO - ✓ Calvary Christian School                 [396/3187]
2026-03-12 15:59:08 - INFO - ✓ Heritage Montessori School               [397/3187]
2026-03-12 15:59:08 - INFO - ✓ Immanuel Christian                       [398/3187]
2026-03-12 15:59:08 - INFO - ✓ Long Point Academy                       [399/3187]
2026-03-12 15:59:10 - INFO - ✓ Ridgecrest Adventist Elementary          [400/3187]
2026-03-12 15:59:10 - INFO - 💾 Saving checkpoint (45 processed)
2026-03-12 15:59:10 - INFO - ✓ Spectrum Center Sierra Sands             [401/3187]
2026-03-12 15:59:10 - INFO - ✓ Panamint Christian School                [402/3187]
2026-03-12 15:59:10 - INFO - ✓ Ridgecrest Montessori Children's House   [403/3187]
2026-03-12 15:59:10 - INFO - ✓ St. Ann                                  [404/3187]
2026-03-12 15:59:11 - INFO - ✓ St. Thomas                               [405/3187]
2026-03-12 15:59:11 - INFO - ✓ Lifehouse Christian Academy              [406/3187]
2026-03-12 15:59:11 - INFO - ✓ Covenant Christian School                [407/3187]
2026-03-12 15:59:12 - INFO - ✓ Heritage Oak School                      [408/3187]
2026-03-12 15:59:12 - INFO - 💾 Saving checkpoint (45 processed)
2026-03-12 15:59:12 - INFO - ✓ Mountain Top Ranch                       [409/3187]
2026-03-12 15:59:13 - INFO - ✓ St John Bosco                            [410/3187]
2026-03-12 15:59:13 - INFO - ✓ Bethany Christian School                 [411/3187]
2026-03-12 15:59:14 - INFO - ✓ Golden Grain Academy                     [412/3187]
2026-03-12 15:59:14 - INFO - 💾 Saving checkpoint (45 processed)
2026-03-12 15:59:14 - INFO - ✓ North Kern Christian                     [413/3187]
2026-03-12 15:59:14 - INFO - ✓ St. Rose-McCarthy Catholic               [414/3187]
2026-03-12 15:59:14 - INFO - 💾 Saving checkpoint (45 processed)
2026-03-12 15:59:14 - INFO - ✓ New Testament Baptist Schools            [415/3187]
2026-03-12 15:59:15 - INFO - ✓ Kings Christian                          [416/3187]
2026-03-12 15:59:15 - INFO - 💾 Saving checkpoint (45 processed)
2026-03-12 15:59:16 - INFO - ✓ Mary Immaculate Queen                    [417/3187]
2026-03-12 15:59:16 - INFO - ✓ Armona Union Academy                     [418/3187]
2026-03-12 15:59:16 - INFO - ✓ Hanford Christian School                 [419/3187]
2026-03-12 15:59:16 - INFO - ✓ Konocti Christian Academy                [420/3187]
2026-03-12 15:59:16 - INFO - ✓ Clearlake SDA Christian School           [421/3187]
2026-03-12 15:59:17 - INFO - ✓ Wellspring Academy                       [422/3187]
2026-03-12 15:59:18 - INFO - ✓ Zemorah Christian Academy                [423/3187]
2026-03-12 15:59:18 - INFO - ✓ Westlake SDA School                      [424/3187]
2026-03-12 15:59:18 - INFO - ✓ McNutt Academy                           [425/3187]
2026-03-12 15:59:18 - INFO - ✓ Middletown Adventist School              [426/3187]
2026-03-12 15:59:19 - INFO - ✓ Our Lady of Fatima                       [427/3187]
2026-03-12 15:59:19 - INFO - ✓ Susanville Adventist Christian School    [428/3187]
2026-03-12 15:59:20 - INFO - ✓ Valley Christian Middle School           [429/3187]
2026-03-12 15:59:20 - INFO - ✓ Valley Christian High School             [430/3187]
2026-03-12 15:59:20 - INFO - ✓ All Souls World Language Catholic School [431/3187]
2026-03-12 15:59:20 - INFO - ✓ Alpha Shen Kindergarten                  [432/3187]
2026-03-12 15:59:21 - INFO - ✓ American Institute of Mathematics and Sc [433/3187]
2026-03-12 15:59:22 - INFO - ✓ Angel's Montessori Preschool, Inc.       [434/3187]
2026-03-12 15:59:22 - INFO - ✓ Bell Tower Trilingual School             [435/3187]
2026-03-12 15:59:22 - INFO - ✓ Emmaus Lutheran                          [436/3187]
2026-03-12 15:59:22 - INFO - 💾 Saving checkpoint (45 processed)
2026-03-12 15:59:22 - INFO - ✓ Foothill Preparatory School              [437/3187]
2026-03-12 15:59:23 - INFO - ✓ Happy DAy School Inc.                    [438/3187]
2026-03-12 15:59:23 - INFO - ✓ Lily's Garden Preschool and Kindergarten [439/3187]
2026-03-12 15:59:24 - INFO - ✓ Oneonta Montessori School                [440/3187]
2026-03-12 15:59:24 - INFO - ✓ Ramona Convent Secondary School          [441/3187]
2026-03-12 15:59:24 - INFO - ✓ Sierra School of Alhambra                [442/3187]
2026-03-12 15:59:25 - INFO - ✓ St. Therese School                       [443/3187]
2026-03-12 15:59:25 - INFO - ✓ St. Thomas More Catholic Elementary      [444/3187]
2026-03-12 15:59:26 - INFO - ✓ Fabunni Private School                   [445/3187]
2026-03-12 15:59:26 - INFO - ✓ Holston Academy                          [446/3187]
2026-03-12 15:59:26 - INFO - 💾 Saving checkpoint (45 processed)
2026-03-12 15:59:26 - INFO - ✓ Academy of Divergent Learners            [447/3187]
2026-03-12 15:59:26 - INFO - ✓ Paraclete High School                    [448/3187]
2026-03-12 15:59:27 - INFO - ✓ W T Reynolds Academy                     [449/3187]
2026-03-12 15:59:27 - INFO - ✓ Arcadia College Preparatory              [450/3187]
2026-03-12 15:59:27 - INFO - ✓ Arcadia Christian School                 [451/3187]
2026-03-12 15:59:28 - INFO - ✓ Arcadia Montessori School                [452/3187]
2026-03-12 15:59:28 - INFO - ✓ Arroyo Pacific Academy                   [453/3187]
2026-03-12 15:59:29 - INFO - ✓ Holy Angels                              [454/3187]
2026-03-12 15:59:29 - INFO - ✓ Auburn Academy                           [455/3187]
2026-03-12 15:59:29 - INFO - ✓ Barnhart School                          [456/3187]
2026-03-12 15:59:30 - INFO - ✓ Christbridge Academy                     [457/3187]
2026-03-12 15:59:30 - INFO - ✓ St. Frances of Rome                      [458/3187]
2026-03-12 15:59:30 - INFO - ✓ Our Lady of the Angels Academy           [459/3187]
2026-03-12 15:59:30 - INFO - ✓ East Valley Adventist School             [460/3187]
2026-03-12 15:59:31 - INFO - ✓ St. John the Baptist School              [461/3187]
2026-03-12 15:59:31 - INFO - ✓ Bishop Amat Memorial High                [462/3187]
2026-03-12 15:59:32 - INFO - ✓ Adventist Union School                   [463/3187]
2026-03-12 15:59:33 - INFO - ✓ Creative Day Academy                     [464/3187]
2026-03-12 15:59:33 - INFO - ✓ St. Louis of France                      [465/3187]
2026-03-12 15:59:33 - INFO - ✓ Saint Joseph High School                 [466/3187]
2026-03-12 15:59:34 - INFO - ✓ Southland Christian Academy              [467/3187]
2026-03-12 15:59:34 - INFO - ✓ St. Bernard                              [468/3187]
2026-03-12 15:59:34 - INFO - ✓ Valley Christian Elementary School       [469/3187]
2026-03-12 15:59:35 - INFO - ✓ Wonderland Montessori                    [470/3187]
2026-03-12 15:59:35 - INFO - ✓ Good Shepherd Catholic School            [471/3187]
2026-03-12 15:59:36 - INFO - ✓ Global Citizen Leadership                [472/3187]
2026-03-12 15:59:36 - INFO - 💾 Saving checkpoint (45 processed)
2026-03-12 15:59:36 - INFO - ✓ Harkham Hillel Hebrew Academy            [473/3187]
2026-03-12 15:59:37 - INFO - ✓ Arrow Montessori School of San Dimas     [474/3187]
2026-03-12 15:59:37 - INFO - ✓ Hebrew Day School                        [475/3187]
2026-03-12 15:59:37 - INFO - ✓ Subject Virtual School                   [476/3187]
2026-03-12 15:59:38 - INFO - ✓ Canyon View School                       [477/3187]
2026-03-12 15:59:38 - INFO - ✓ Calvary Baptist Schools                  [478/3187]
2026-03-12 15:59:38 - INFO - ✓ Damien High School                       [479/3187]
2026-03-12 15:59:38 - INFO - ✓ Haynes Family of Programs dba Bliss Acad [480/3187]
2026-03-12 15:59:39 - INFO - ✓ Holy Name of Mary                        [481/3187]
2026-03-12 15:59:39 - INFO - ✓ Joan Macy School                         [482/3187]
2026-03-12 15:59:40 - INFO - ✓ Lighthouse Baptist Academy               [483/3187]
2026-03-12 15:59:40 - INFO - ✓ VIA VERDE MONTESSORI SCHOOL CORP.        [484/3187]
2026-03-12 15:59:41 - INFO - ✓ Brighton Hall                            [485/3187]
2026-03-12 15:59:41 - INFO - ✓ International School of Los Angeles-BB   [486/3187]
2026-03-12 15:59:41 - INFO - ✓ Joyful Zen Academy LLC                   [487/3187]
2026-03-12 15:59:42 - INFO - ✓ Learning Trajectory                      [488/3187]
2026-03-12 15:59:42 - INFO - ✓ Little Angels Academy Burbank Inc.       [489/3187]
2026-03-12 15:59:42 - INFO - ✓ Providence High School                   [490/3187]
2026-03-12 15:59:43 - INFO - ✓ Saint Finbar School                      [491/3187]
2026-03-12 15:59:43 - INFO - ✓ Scholars Preparatory School              [492/3187]
2026-03-12 15:59:44 - INFO - ✓ Cimarron Academy                         [493/3187]
2026-03-12 15:59:44 - INFO - ✓ Saint Francis Xavier School              [494/3187]
2026-03-12 15:59:44 - INFO - ✓ Higher Calling Academy                   [495/3187]
2026-03-12 15:59:45 - INFO - ✓ St. Robert Bellarmine Elementary         [496/3187]
2026-03-12 15:59:45 - INFO - ✓ Trinity Classical Academy                [497/3187]
2026-03-12 15:59:45 - INFO - ✓ Vistamar School                          [498/3187]
2026-03-12 15:59:45 - INFO - ✓ Sonrise Christian                        [499/3187]
2026-03-12 15:59:45 - INFO - ✓ St. Louise de Marillac School            [500/3187]
2026-03-12 15:59:46 - INFO - ✓ Academy of Sports Science                [501/3187]
2026-03-12 15:59:46 - INFO - ✓ The Learning Tree                        [502/3187]
2026-03-12 15:59:48 - INFO - ✓ ICC Community School                     [503/3187]
2026-03-12 15:59:48 - INFO - ✓ Our Lady of the Assumption               [504/3187]
2026-03-12 15:59:48 - INFO - ✓ Western Christian                        [505/3187]
2026-03-12 15:59:49 - INFO - ✓ Compton Performing Arts Academy          [506/3187]
2026-03-12 15:59:49 - INFO - ✓ Eko Multi-Purpose Center                 [507/3187]
2026-03-12 15:59:49 - INFO - ✓ The Webb Schools                         [508/3187]
2026-03-12 15:59:50 - INFO - ✓ Foothill Country Day School              [509/3187]
2026-03-12 15:59:50 - INFO - ✓ Epiphany Academy                         [510/3187]
2026-03-12 15:59:50 - INFO - ✓ Los Angeles Adventist Academy            [511/3187]
2026-03-12 15:59:50 - INFO - ✓ City of Knowledge                        [512/3187]
2026-03-12 15:59:51 - INFO - ✓ Los Angeles Computer Science Academy     [513/3187]
2026-03-12 15:59:52 - INFO - ✓ Mandela Children's Learning Village      [514/3187]
2026-03-12 15:59:53 - INFO - ✓ Red Star                                 [515/3187]
2026-03-12 15:59:53 - INFO - 💾 Saving checkpoint (45 processed)
2026-03-12 15:59:53 - INFO - ✓ Our Lady of Victory Catholic School      [516/3187]
2026-03-12 15:59:53 - INFO - ✓ OPTIMAL CHRISTIAN ACADEMY                [517/3187]
2026-03-12 15:59:53 - INFO - ✓ St. Albert the Great Elementary School   [518/3187]
2026-03-12 15:59:53 - INFO - ✓ Wonderland Angels Early Learning Center  [519/3187]
2026-03-12 15:59:54 - INFO - ✓ Firm Foundation Christian Academy        [520/3187]
2026-03-12 15:59:54 - INFO - ✓ Jubilee Christian School                 [521/3187]
2026-03-12 15:59:54 - INFO - ✓ Legacy Christian PSP                     [522/3187]
2026-03-12 15:59:54 - INFO - ✓ Sacred Heart Elementary                  [523/3187]
2026-03-12 15:59:56 - INFO - ✓ Park Century Elementary                  [524/3187]
2026-03-12 15:59:57 - INFO - ✓ West Covina Hills Adventist School       [525/3187]
2026-03-12 15:59:57 - INFO - ✓ Ready Global Academy (Online School)     [526/3187]
2026-03-12 15:59:57 - INFO - ✓ Summit View–Westside                     [527/3187]
2026-03-12 15:59:57 - INFO - ✓ ECF Kayne Eras Center                    [528/3187]
2026-03-12 15:59:57 - INFO - ✓ Turning Point School                     [529/3187]
2026-03-12 15:59:57 - INFO - ✓ Around the World Children's Center       [530/3187]
2026-03-12 15:59:58 - INFO - ✓ The Willows Community School             [531/3187]
2026-03-12 15:59:58 - INFO - ✓ Calvary Chapel Christian                 [532/3187]
2026-03-12 15:59:58 - INFO - 💾 Saving checkpoint (45 processed)
2026-03-12 15:59:59 - INFO - ✓ Echo Horizon School                      [533/3187]
2026-03-12 15:59:59 - INFO - ✓ Cedar House Academy                      [534/3187]
2026-03-12 16:00:00 - INFO - ✓ Downey Christian School                  [535/3187]
2026-03-12 16:00:00 - INFO - ✓ Kirkwood Christian Schools               [536/3187]
2026-03-12 16:00:00 - INFO - ✓ Montessori Academy of Downey             [537/3187]
2026-03-12 16:00:01 - INFO - ✓ Our Lady of Perpetual Help School        [538/3187]
2026-03-12 16:00:01 - INFO - ✓ St. Dominic Savio                        [539/3187]
2026-03-12 16:00:01 - INFO - ✓ St. John Bosco High School               [540/3187]
2026-03-12 16:00:01 - INFO - ✓ St. Pius X St. Matthias Academy          [541/3187]
2026-03-12 16:00:02 - INFO - ✓ St. Raymond Elementary                   [542/3187]
2026-03-12 16:00:02 - INFO - ✓ Anita Oaks DBA Foothill Oaks Academy     [543/3187]
2026-03-12 16:00:03 - INFO - ✓ Berean Baptist Academy                   [544/3187]
2026-03-12 16:00:03 - INFO - 💾 Saving checkpoint (60 processed)
2026-03-12 16:00:03 - INFO - ✓ Carden Academy of Whittier               [545/3187]
2026-03-12 16:00:03 - INFO - ✓ Heights Christian Schools, La Mirada     [546/3187]
2026-03-12 16:00:04 - INFO - ✓ St. Bruno Parish School                  [547/3187]
2026-03-12 16:00:04 - INFO - ✓ St. Gregory the Great                    [548/3187]
2026-03-12 16:00:05 - INFO - ✓ Academy for Advancement of Children with [549/3187]
2026-03-12 16:00:05 - INFO - ✓ Mulberry Tree Preschool                  [550/3187]
2026-03-12 16:00:05 - INFO - ✓ Blessed Hope Academy                     [551/3187]
2026-03-12 16:00:05 - INFO - ✓ Lancaster Baptist School                 [552/3187]
2026-03-12 16:00:05 - INFO - 💾 Saving checkpoint (60 processed)
2026-03-12 16:00:07 - INFO - ✓ Calvary Chapel El Monte Homeschool Acade [553/3187]
2026-03-12 16:00:07 - INFO - ✓ Nativity                                 [554/3187]
2026-03-12 16:00:07 - INFO - ✓ New Life Christian School                [555/3187]
2026-03-12 16:00:07 - INFO - ✓ Shield of Faith Christian School-EHE     [556/3187]
2026-03-12 16:00:08 - INFO - ✓ Rio Hondo Preparatory                    [557/3187]
2026-03-12 16:00:08 - INFO - ✓ St. Hilary                               [558/3187]
2026-03-12 16:00:08 - INFO - ✓ ROSEMEAD EDUCATION CENTER                [559/3187]
2026-03-12 16:00:09 - INFO - ✓ St. Marianne De Parades Elementary       [560/3187]
2026-03-12 16:00:09 - INFO - 💾 Saving checkpoint (60 processed)
2026-03-12 16:00:09 - INFO - ✓ St. Anthony School                       [561/3187]
2026-03-12 16:00:10 - INFO - ✓ Armenian Fairytale                       [562/3187]
2026-03-12 16:00:10 - INFO - ✓ Armenian Sisters' Academy of Los Angeles [563/3187]
2026-03-12 16:00:10 - INFO - ✓ Artek Child Education Center, Inc.       [564/3187]
2026-03-12 16:00:11 - INFO - ✓ Chamlian Armenian School                 [565/3187]
2026-03-12 16:00:11 - INFO - 💾 Saving checkpoint (60 processed)
2026-03-12 16:00:11 - INFO - ✓ Eden Academy                             [566/3187]
2026-03-12 16:00:11 - INFO - ✓ EDEN ACADEMY                             [567/3187]
2026-03-12 16:00:11 - INFO - ✓ Elliott Institute                        [568/3187]
2026-03-12 16:00:12 - INFO - ✓ First Steps                              [569/3187]
2026-03-12 16:00:12 - INFO - ✓ Glendale Adventist Academy               [570/3187]
2026-03-12 16:00:13 - INFO - ✓ Glendale Montessori School               [571/3187]
2026-03-12 16:00:13 - INFO - ✓ Grand Educational Centre                 [572/3187]
2026-03-12 16:00:13 - INFO - ✓ Holy Family Elementary                   [573/3187]
2026-03-12 16:00:14 - INFO - ✓ Incarnation Elementary                   [574/3187]
2026-03-12 16:00:14 - INFO - ✓ Kids Jungle Child Care                   [575/3187]
2026-03-12 16:00:14 - INFO - 💾 Saving checkpoint (60 processed)
2026-03-12 16:00:15 - INFO - ✓ La Crescenta Montessori school           [576/3187]
2026-03-12 16:00:15 - INFO - ✓ Montrose Christian Montessori School     [577/3187]
2026-03-12 16:00:15 - INFO - ✓ Salem Lutheran School                    [578/3187]
2026-03-12 16:00:15 - INFO - ✓ St. James -Holy Redeemer School          [579/3187]
2026-03-12 16:00:16 - INFO - ✓ St. Mary's Church Armenian Kindergarten  [580/3187]
2026-03-12 16:00:16 - INFO - ✓ Zangakner                                [581/3187]
2026-03-12 16:00:16 - INFO - ✓ Foothill Christian                       [582/3187]
2026-03-12 16:00:17 - INFO - ✓ Hope Lutheran Elementary                 [583/3187]
2026-03-12 16:00:17 - INFO - ✓ St. Dorothy Elementary School            [584/3187]
2026-03-12 16:00:18 - INFO - ✓ St. Lucy's Priory High School            [585/3187]
2026-03-12 16:00:18 - INFO - ✓ DEWAY SCHOOL                             [586/3187]
2026-03-12 16:00:19 - INFO - ✓ Goal Get It                              [587/3187]
2026-03-12 16:00:19 - INFO - ✓ Molokan Elementary School                [588/3187]
2026-03-12 16:00:19 - INFO - ✓ New Montessori School                    [589/3187]
2026-03-12 16:00:20 - INFO - ✓ Progress Learning Center                 [590/3187]
2026-03-12 16:00:20 - INFO - ✓ St. Joseph Elementary                    [591/3187]
2026-03-12 16:00:20 - INFO - ✓ St. Mark's Lutheran Elementary           [592/3187]
2026-03-12 16:00:21 - INFO - ✓ Sunshine Boarding School                 [593/3187]
2026-03-12 16:00:21 - INFO - ✓ Al-huda Islamic School                   [594/3187]
2026-03-12 16:00:22 - INFO - ✓ St. Joseph Elementary                    [595/3187]
2026-03-12 16:00:22 - INFO - ✓ Our Lady of Guadalupe Elementary         [596/3187]
2026-03-12 16:00:22 - INFO - ✓ Rising Stars Academy Elementary          [597/3187]
2026-03-12 16:00:22 - INFO - 💾 Saving checkpoint (60 processed)
2026-03-12 16:00:22 - INFO - ✓ A Bright Beginning                       [598/3187]
2026-03-12 16:00:23 - INFO - ✓ A Bright Beginning CDC                   [599/3187]
2026-03-12 16:00:23 - INFO - ✓ Academy for Early Learning               [600/3187]
2026-03-12 16:00:23 - INFO - ✓ CORE 4 Learning Launchpad                [601/3187]
2026-03-12 16:00:24 - INFO - ✓ Dolores T Richardson School              [602/3187]
2026-03-12 16:00:24 - INFO - ✓ HOPE Academy for Scholarship and Innovat [603/3187]
2026-03-12 16:00:25 - INFO - ✓ Kids' Castle Child Care Center           [604/3187]
2026-03-12 16:00:25 - INFO - ✓ Slauson Learning Center, No. 2           [605/3187]
2026-03-12 16:00:26 - INFO - ✓ St. John Chrysostom                      [606/3187]
2026-03-12 16:00:26 - INFO - ✓ St. Mary's Academy                       [607/3187]
2026-03-12 16:00:27 - INFO - ✓ The Afro-Montessori School               [608/3187]
2026-03-12 16:00:27 - INFO - ✓ Flintridge Montessori Preschool & Elemen [609/3187]
2026-03-12 16:00:27 - INFO - ✓ Crestview Preparatory School             [610/3187]
2026-03-12 16:00:27 - INFO - ✓ Flintridge Preparatory School            [611/3187]
2026-03-12 16:00:27 - INFO - ✓ Flintridge Sacred Heart Academy          [612/3187]
2026-03-12 16:00:28 - INFO - ✓ Foothill Progressive Montessori Schools  [613/3187]
2026-03-12 16:00:29 - INFO - ✓ Hillside School and Learning Center      [614/3187]
2026-03-12 16:00:29 - INFO - ✓ Hogg's Hollow Kindergarten               [615/3187]
2026-03-12 16:00:29 - INFO - ✓ Learning Castle, Inc. (aka La Canada Pre [616/3187]
2026-03-12 16:00:30 - INFO - ✓ St. Bede the Venerable Elementary        [617/3187]
2026-03-12 16:00:30 - INFO - 💾 Saving checkpoint (60 processed)
2026-03-12 16:00:30 - INFO - ✓ St. Francis High School                  [618/3187]
2026-03-12 16:00:31 - INFO - ✓ Bethel Christian School                  [619/3187]
2026-03-12 16:00:31 - INFO - ✓ Antelope Valley Adventist School         [620/3187]
2026-03-12 16:00:31 - INFO - ✓ Calvary Chapel Christian School          [621/3187]
2026-03-12 16:00:31 - INFO - ✓ Desert Christian Schools                 [622/3187]
2026-03-12 16:00:32 - INFO - ✓ Eduventuring Academy PSP                 [623/3187]
2026-03-12 16:00:33 - INFO - ✓ Grace Lutheran Christian Academy         [624/3187]
2026-03-12 16:00:33 - INFO - ✓ ELM/KWA PRIVATE CHRISTIAN SCHOOL         [625/3187]
2026-03-12 16:00:33 - INFO - ✓ Creative Beginnings                      [626/3187]
2026-03-12 16:00:33 - INFO - ✓ League of Angels Learning Center         [627/3187]
2026-03-12 16:00:33 - INFO - ✓ Sacred Heart Elementary                  [628/3187]
2026-03-12 16:00:34 - INFO - ✓ The Best Start Preparatory Academy       [629/3187]
2026-03-12 16:00:34 - INFO - ✓ Seton, Inc.                              [630/3187]
2026-03-12 16:00:35 - INFO - ✓ FEYDEY                                   [631/3187]
2026-03-12 16:00:35 - INFO - ✓ Fusion Academy - Westlake Village        [632/3187]
2026-03-12 16:00:35 - INFO - ✓ Ilan Ramon Day School                    [633/3187]
2026-03-12 16:00:36 - INFO - ✓ Oaks Christian School                    [634/3187]
2026-03-12 16:00:36 - INFO - ✓ Mesivta of Greater Los Angeles           [635/3187]
2026-03-12 16:00:37 - INFO - ✓ Qualia: The School for Deeper Learning   [636/3187]
2026-03-12 16:00:37 - INFO - ✓ Saint Jude the Apostle                   [637/3187]
2026-03-12 16:00:37 - INFO - ✓ The Vida School                          [638/3187]
2026-03-12 16:00:38 - INFO - ✓ Viewpoint School                         [639/3187]
2026-03-12 16:00:38 - INFO - ✓ T.J.'s Learning Center                   [640/3187]
2026-03-12 16:00:38 - INFO - ✓ CPU K12 Academy                          [641/3187]
2026-03-12 16:00:38 - INFO - ✓ Santa Fe Springs Christian School        [642/3187]
2026-03-12 16:00:39 - INFO - ✓ St. Pius X Parish School                 [643/3187]
2026-03-12 16:00:40 - INFO - ✓ Trinity Christian School                 [644/3187]
2026-03-12 16:00:41 - INFO - ✓ American University Research Academy     [645/3187]
2026-03-12 16:00:41 - INFO - ✓ Bethany Baptist Elementary               [646/3187]
2026-03-12 16:00:41 - INFO - ✓ Bethany Lutheran                         [647/3187]
2026-03-12 16:00:41 - INFO - ✓ Bible Baptist Academy                    [648/3187]
2026-03-12 16:00:42 - INFO - ✓ Brooks Institute of higher learning      [649/3187]
2026-03-12 16:00:42 - INFO - ✓ El Camino                                [650/3187]
2026-03-12 16:00:43 - INFO - ✓ First Baptist Church School              [651/3187]
2026-03-12 16:00:43 - INFO - ✓ Empowering Minds In Truth Academy        [652/3187]
2026-03-12 16:00:43 - INFO - ✓ Gethsemane Baptist Christian             [653/3187]
2026-03-12 16:00:43 - INFO - ✓ Holy Innocents                           [654/3187]
2026-03-12 16:00:44 - INFO - ✓ Home Education                           [655/3187]
2026-03-12 16:00:44 - INFO - ✓ HUNTINGTON ACADEMY                       [656/3187]
2026-03-12 16:00:44 - INFO - 💾 Saving checkpoint (60 processed)
2026-03-12 16:00:45 - INFO - ✓ Los Altos Classical Christian Academy    [657/3187]
2026-03-12 16:00:45 - INFO - ✓ Lakewood Christian Schools               [658/3187]
2026-03-12 16:00:45 - INFO - ✓ Maple Village Waldorf School             [659/3187]
2026-03-12 16:00:45 - INFO - 💾 Saving checkpoint (60 processed)
2026-03-12 16:00:45 - INFO - ✓ Marina Montessori School                 [660/3187]
2026-03-12 16:00:46 - INFO - ✓ Montessori On Elm                        [661/3187]
2026-03-12 16:00:46 - INFO - ✓ Montessori Children's House              [662/3187]
2026-03-12 16:00:46 - INFO - ✓ New Hope Academy of Change               [663/3187]
2026-03-12 16:00:47 - INFO - ✓ Oaktree Preschool and Kindergarten       [664/3187]
2026-03-12 16:00:47 - INFO - ✓ Oakwood Academy                          [665/3187]
2026-03-12 16:00:48 - INFO - ✓ OG Life University                       [666/3187]
2026-03-12 16:00:48 - INFO - ✓ Our Lady of Refuge Catholic              [667/3187]
2026-03-12 16:00:48 - INFO - ✓ Saint Anthony High School                [668/3187]
2026-03-12 16:00:49 - INFO - ✓ Spectrum Center Schools-Lakewood High Sc [669/3187]
2026-03-12 16:00:49 - INFO - ✓ St. Anthony Parish                       [670/3187]
2026-03-12 16:00:50 - INFO - ✓ St. Athanasius Elementary                [671/3187]
2026-03-12 16:00:50 - INFO - 💾 Saving checkpoint (60 processed)
2026-03-12 16:00:50 - INFO - ✓ St. Barnabas Elementary                  [672/3187]
2026-03-12 16:00:50 - INFO - ✓ St. Cornelius School                     [673/3187]
2026-03-12 16:00:51 - INFO - ✓ St. Cyprian Elementary                   [674/3187]
2026-03-12 16:00:51 - INFO - ✓ St. Joseph Elementary                    [675/3187]
2026-03-12 16:00:51 - INFO - ✓ St. Lucy School                          [676/3187]
2026-03-12 16:00:51 - INFO - ✓ St. Maria Goretti School                 [677/3187]
2026-03-12 16:00:52 - INFO - ✓ Success Work College Preparatory Academy [678/3187]
2026-03-12 16:00:52 - INFO - ✓ The Muse Academy                         [679/3187]
2026-03-12 16:00:52 - INFO - ✓ Westerly School of Long Beach            [680/3187]
2026-03-12 16:00:53 - INFO - ✓ ABC Little School                        [681/3187]
2026-03-12 16:00:54 - INFO - ✓ Luminar Prep Academy                     [682/3187]
2026-03-12 16:00:54 - INFO - ✓ Academy for Advancement of Children With [683/3187]
2026-03-12 16:00:55 - INFO - ✓ Achievers Academy Preschool              [684/3187]
2026-03-12 16:00:55 - INFO - 💾 Saving checkpoint (75 processed)
2026-03-12 16:00:55 - INFO - ✓ AGBU Manoogian-Demirdjian                [685/3187]
2026-03-12 16:00:55 - INFO - ✓ Acton Academy Venice Beach               [686/3187]
2026-03-12 16:00:55 - INFO - ✓ Al Falaq Meraj Academy                   [687/3187]
2026-03-12 16:00:56 - INFO - ✓ Abraham Joshua Heschel Day School        [688/3187]
2026-03-12 16:00:56 - INFO - ✓ Al Hadi School                           [689/3187]
2026-03-12 16:00:56 - INFO - ✓ All About Kids                           [690/3187]
2026-03-12 16:00:57 - INFO - ✓ American Unified School of Technology    [691/3187]
2026-03-12 16:00:57 - INFO - ✓ Anapasec Adventures                      [692/3187]
2026-03-12 16:00:58 - INFO - ✓ Angeles Workshop School                  [693/3187]
2026-03-12 16:00:59 - INFO - ✓ Aristotle Academy                        [694/3187]
2026-03-12 16:00:59 - INFO - ✓ Argo Navis School                        [695/3187]
2026-03-12 16:00:59 - INFO - ✓ Ascension Elementary Catholic            [696/3187]
2026-03-12 16:00:59 - INFO - ✓ Astra Nova School                        [697/3187]
2026-03-12 16:00:59 - INFO - ✓ Bais Chana Heritage School, Inc DBA Ohel [698/3187]
2026-03-12 16:00:59 - INFO - 💾 Saving checkpoint (75 processed)
2026-03-12 16:01:00 - INFO - ✓ Bais Chaya Mushka School of Los Angeles  [699/3187]
2026-03-12 16:01:00 - INFO - ✓ Bais Yaakov School for Girls             [700/3187]
2026-03-12 16:01:00 - INFO - ✓ Bell Hooks, Academy of Faithful Scholars [701/3187]
2026-03-12 16:01:00 - INFO - 💾 Saving checkpoint (75 processed)
2026-03-12 16:01:01 - INFO - ✓ Berkeley Hall School                     [702/3187]
2026-03-12 16:01:01 - INFO - ✓ Beth Hillel Day                          [703/3187]
2026-03-12 16:01:02 - INFO - ✓ Bethel Baptist Christian School          [704/3187]
2026-03-12 16:01:02 - INFO - 💾 Saving checkpoint (75 processed)
2026-03-12 16:01:03 - INFO - ✓ Beverly Hills RC School                  [705/3187]
2026-03-12 16:01:03 - INFO - ✓ Bishop Alemany High School               [706/3187]
2026-03-12 16:01:03 - INFO - ✓ Bishop Conaty–Our Lady of Loretto High S [707/3187]
2026-03-12 16:01:03 - INFO - ✓ Bishop Mora Salesian High School         [708/3187]
2026-03-12 16:01:04 - INFO - ✓ Bowen Family Childcare                   [709/3187]
2026-03-12 16:01:04 - INFO - ✓ Brawerman Elementary School West of Wils [710/3187]
2026-03-12 16:01:04 - INFO - ✓ Brentwood School                         [711/3187]
2026-03-12 16:01:05 - INFO - ✓ Brawerman Elementary East                [712/3187]
2026-03-12 16:01:05 - INFO - ✓ Bridge Academy                           [713/3187]
2026-03-12 16:01:05 - INFO - ✓ Bridgeport                               [714/3187]
2026-03-12 16:01:06 - INFO - ✓ Bridgeport West School                   [715/3187]
2026-03-12 16:01:06 - INFO - ✓ Bridges Academy                          [716/3187]
2026-03-12 16:01:07 - INFO - ✓ Bright Scholars Christian Academy, Inc.  [717/3187]
2026-03-12 16:01:07 - INFO - ✓ Briskin Elementary School of Temple Isra [718/3187]
2026-03-12 16:01:07 - INFO - ✓ Buckner Educational Christian Academy    [719/3187]
2026-03-12 16:01:07 - INFO - ✓ Buckley School, The                      [720/3187]
2026-03-12 16:01:09 - INFO - ✓ California University FCE                [721/3187]
2026-03-12 16:01:09 - INFO - 💾 Saving checkpoint (75 processed)
2026-03-12 16:01:09 - INFO - ✓ Calvary Christian School                 [722/3187]
2026-03-12 16:01:09 - INFO - ✓ Campbell Hall (Episcopal)                [723/3187]
2026-03-12 16:01:09 - INFO - ✓ C. and E. Merdinian Armenian Evangelical [724/3187]
2026-03-12 16:01:10 - INFO - ✓ Carousel                                 [725/3187]
2026-03-12 16:01:10 - INFO - ✓ Carson Christian School                  [726/3187]
2026-03-12 16:01:10 - INFO - ✓ Castle Elementary School                 [727/3187]
2026-03-12 16:01:11 - INFO - ✓ Cathedral Chapel Elementary              [728/3187]
2026-03-12 16:01:11 - INFO - ✓ Cathedral High School                    [729/3187]
2026-03-12 16:01:11 - INFO - ✓ Centinela Christian Child Development Ce [730/3187]
2026-03-12 16:01:12 - INFO - ✓ Chabad GAON Academy                      [731/3187]
2026-03-12 16:01:12 - INFO - ✓ Chabad Israeli Center, Inc               [732/3187]
2026-03-12 16:01:13 - INFO - ✓ Chaminade College Preparatory            [733/3187]
2026-03-12 16:01:13 - INFO - ✓ Chaminade College Preparatory High Schoo [734/3187]
2026-03-12 16:01:13 - INFO - ✓ Champion of Life Academy                 [735/3187]
2026-03-12 16:01:14 - INFO - ✓ Cheder Menachem                          [736/3187]
2026-03-12 16:01:14 - INFO - ✓ Cheder of Los Angeles                    [737/3187]
2026-03-12 16:01:14 - INFO - ✓ Cheerful Helpers Child and Family Study  [738/3187]
2026-03-12 16:01:15 - INFO - ✓ Child's World School                     [739/3187]
2026-03-12 16:01:15 - INFO - ✓ Child's World School                     [740/3187]
2026-03-12 16:01:15 - INFO - ✓ Children Community Academy Inc.          [741/3187]
2026-03-12 16:01:16 - INFO - ✓ Children's Community School              [742/3187]
2026-03-12 16:01:16 - INFO - 💾 Saving checkpoint (75 processed)
2026-03-12 16:01:16 - INFO - ✓ Christ Lutheran Church and School        [743/3187]
2026-03-12 16:01:16 - INFO - ✓ Christ the King Elementary               [744/3187]
2026-03-12 16:01:17 - INFO - ✓ Cleophas Oliver Learning Academy         [745/3187]
2026-03-12 16:01:17 - INFO - ✓ Compass Christian Academy                [746/3187]
2026-03-12 16:01:17 - INFO - ✓ Coastal Academy                          [747/3187]
2026-03-12 16:01:18 - INFO - ✓ Country School, The                      [748/3187]
2026-03-12 16:01:19 - INFO - ✓ Creative Hands Learning Academy Inc      [749/3187]
2026-03-12 16:01:19 - INFO - ✓ Creative Center for Children             [750/3187]
2026-03-12 16:01:19 - INFO - ✓ Concordia Christian                      [751/3187]
2026-03-12 16:01:19 - INFO - ✓ Creative Learning STEAM Academy          [752/3187]
2026-03-12 16:01:20 - INFO - ✓ Crespi Carmelite High School             [753/3187]
2026-03-12 16:01:21 - INFO - ✓ Creative Learning Academy                [754/3187]
2026-03-12 16:01:21 - INFO - ✓ Cristo Viene Christian Scool             [755/3187]
2026-03-12 16:01:21 - INFO - ✓ Curtis School                            [756/3187]
2026-03-12 16:01:21 - INFO - ✓ De La Salle                              [757/3187]
2026-03-12 16:01:21 - INFO - ✓ de Toledo High School                    [758/3187]
2026-03-12 16:01:22 - INFO - ✓ Debbie Allen Middle School               [759/3187]
2026-03-12 16:01:23 - INFO - ✓ Delphi Academy of Los Angeles            [760/3187]
2026-03-12 16:01:23 - INFO - ✓ Destinations Academy                     [761/3187]
2026-03-12 16:01:23 - INFO - ✓ Discovery School                         [762/3187]
2026-03-12 16:01:23 - INFO - ✓ Ditch School                             [763/3187]
2026-03-12 16:01:24 - INFO - ✓ Dolores Mission School                   [764/3187]
2026-03-12 16:01:24 - INFO - ✓ DNA Prep Academy                         [765/3187]
2026-03-12 16:01:26 - INFO - ✓ DRAGON ROCC ACADEMY                      [766/3187]
2026-03-12 16:01:26 - INFO - 💾 Saving checkpoint (75 processed)
2026-03-12 16:01:26 - INFO - ✓ Dubnoff School                           [767/3187]
2026-03-12 16:01:27 - INFO - ✓ Eden Creative Arts                       [768/3187]
2026-03-12 16:01:27 - INFO - ✓ edUcate Higher Academy                   [769/3187]
2026-03-12 16:01:27 - INFO - ✓ ElRay Jewish Academy                     [770/3187]
2026-03-12 16:01:27 - INFO - ✓ Emek Hebrew Academy                      [771/3187]
2026-03-12 16:01:27 - INFO - ✓ Emek Early Childhood Center              [772/3187]
2026-03-12 16:01:28 - INFO - ✓ Empower STEM                             [773/3187]
2026-03-12 16:01:28 - INFO - ✓ Egremont Schools, Inc.                   [774/3187]
2026-03-12 16:01:28 - INFO - ✓ English For All Language & Homeschool Ac [775/3187]
2026-03-12 16:01:29 - INFO - ✓ Everlasting Elementary School of the Los [776/3187]
2026-03-12 16:01:30 - INFO - ✓ Everyday Ibaadah Academy                 [777/3187]
2026-03-12 16:01:30 - INFO - ✓ Fairhaven Christian Academy              [778/3187]
2026-03-12 16:01:30 - INFO - ✓ FAIRVIEW CHRISTIAN ACADEMY & ENRICHMENT  [779/3187]
2026-03-12 16:01:30 - INFO - ✓ Faith Baptist                            [780/3187]
2026-03-12 16:01:31 - INFO - ✓ Faith Christian School PSP               [781/3187]
2026-03-12 16:01:32 - INFO - ✓ FLW Inc.                                 [782/3187]
2026-03-12 16:01:32 - INFO - ✓ Faith Christian Academy                  [783/3187]
2026-03-12 16:01:32 - INFO - ✓ First United Methodist Church/Glenoaks C [784/3187]
2026-03-12 16:01:32 - INFO - ✓ Frederick K.C. Price III Christian Schoo [785/3187]
2026-03-12 16:01:33 - INFO - ✓ Friends Academy Inc.                     [786/3187]
2026-03-12 16:01:33 - INFO - ✓ Friends Kids Academy                     [787/3187]
2026-03-12 16:01:33 - INFO - ✓ Fusion Academy Miracle Mile              [788/3187]
2026-03-12 16:01:34 - INFO - ✓ Fusion Academy West Los Angeles          [789/3187]
2026-03-12 16:01:34 - INFO - ✓ Fusion Academy South Bay                 [790/3187]
2026-03-12 16:01:34 - INFO - ✓ Fusion Academy, Warner Center            [791/3187]
2026-03-12 16:01:35 - INFO - ✓ Galaxy Kids Academy                      [792/3187]
2026-03-12 16:01:36 - INFO - ✓ Gan Israel Hebrew                        [793/3187]
2026-03-12 16:01:36 - INFO - ✓ Gateway Online High School               [794/3187]
2026-03-12 16:01:36 - INFO - ✓ Gardena Christian Academy                [795/3187]
2026-03-12 16:01:36 - INFO - ✓ Geffen Academy at UCLA                   [796/3187]
2026-03-12 16:01:37 - INFO - ✓ Gindi Maimonides Academy                 [797/3187]
2026-03-12 16:01:37 - INFO - ✓ Global Leadership School                 [798/3187]
2026-03-12 16:01:38 - INFO - ✓ Godly Generations Christian Academy      [799/3187]
2026-03-12 16:01:38 - INFO - ✓ Good Shepherd Lutheran School            [800/3187]
2026-03-12 16:01:38 - INFO - ✓ Good Shepherd Elementary School          [801/3187]
2026-03-12 16:01:38 - INFO - ✓ Grace Academy PSP                        [802/3187]
2026-03-12 16:01:39 - INFO - ✓ Grace Global Vision                      [803/3187]
2026-03-12 16:01:39 - INFO - ✓ Granada Preparatory School               [804/3187]
2026-03-12 16:01:40 - INFO - ✓ Groza Academy                            [805/3187]
2026-03-12 16:01:40 - INFO - ✓ Guardian Angel Catholic School           [806/3187]
2026-03-12 16:01:40 - INFO - ✓ Harvard-Westlake                         [807/3187]
2026-03-12 16:01:40 - INFO - 💾 Saving checkpoint (75 processed)
2026-03-12 16:01:40 - INFO - ✓ Hawthorne Academy                        [808/3187]
2026-03-12 16:01:41 - INFO - ✓ Haykazunyadz Child Care Center           [809/3187]
2026-03-12 16:01:42 - INFO - ✓ HAYKAZUNYADZ SCHOOL                      [810/3187]
2026-03-12 16:01:42 - INFO - ✓ HELP Group - Young Learners Preschool    [811/3187]
2026-03-12 16:01:43 - INFO - ✓ Heritage Christian School                [812/3187]
2026-03-12 16:01:43 - INFO - ✓ Highland Hall Waldorf School             [813/3187]
2026-03-12 16:01:44 - INFO - ✓ Hill Point Montessori Preparatory School [814/3187]
2026-03-12 16:01:44 - INFO - ✓ Hollywood Schoolhouse                    [815/3187]
2026-03-12 16:01:44 - INFO - ✓ Holy Martyrs Marie Cabayan Elementary an [816/3187]
2026-03-12 16:01:44 - INFO - ✓ Holy Name of Jesus Catholic Elementary   [817/3187]
2026-03-12 16:01:44 - INFO - ✓ Holy Spirit School                       [818/3187]
2026-03-12 16:01:46 - INFO - ✓ Holy Trinity Elementary School           [819/3187]
2026-03-12 16:01:46 - INFO - ✓ Heritage Christian School                [820/3187]
2026-03-12 16:01:46 - INFO - 💾 Saving checkpoint (75 processed)
2026-03-12 16:01:46 - INFO - ✓ Holy Trinity                             [821/3187]
2026-03-12 16:01:46 - INFO - ✓ Houseton Academy of Secondary Education  [822/3187]
2026-03-12 16:01:46 - INFO - 💾 Saving checkpoint (75 processed)
2026-03-12 16:01:47 - INFO - ✓ ICL Academy                              [823/3187]
2026-03-12 16:01:47 - INFO - ✓ Immaculate Heart Middle and High School  [824/3187]
2026-03-12 16:01:48 - INFO - ✓ Immaculate Heart of Mary Elementary      [825/3187]
2026-03-12 16:01:48 - INFO - ✓ Incubator                                [826/3187]
2026-03-12 16:01:48 - INFO - ✓ Interamerican Adult School               [827/3187]
2026-03-12 16:01:48 - INFO - ✓ Immaculate Conception                    [828/3187]
2026-03-12 16:01:49 - INFO - ✓ International School of Los Angeles-LF   [829/3187]
2026-03-12 16:01:50 - INFO - ✓ International School of Los Angeles–WV   [830/3187]
2026-03-12 16:01:50 - INFO - ✓ Intiwasi Elementary                      [831/3187]
2026-03-12 16:01:50 - INFO - ✓ Islah Academy                            [832/3187]
2026-03-12 16:01:51 - INFO - ✓ Ivy League Royal Academy run by Renaissa [833/3187]
2026-03-12 16:01:51 - INFO - ✓ Ivy League Royal Academy run by Renaissa [834/3187]
2026-03-12 16:01:51 - INFO - ✓ Ivy Road School                          [835/3187]
2026-03-12 16:01:52 - INFO - ✓ J J Academy                              [836/3187]
2026-03-12 16:01:52 - INFO - ✓ James Educational Center                 [837/3187]
2026-03-12 16:01:52 - INFO - ✓ Jennifer Kelley                          [838/3187]
2026-03-12 16:01:52 - INFO - 💾 Saving checkpoint (90 processed)
2026-03-12 16:01:53 - INFO - ✓ JETS Yeshivah                            [839/3187]
2026-03-12 16:01:53 - INFO - ✓ John Tracy Center                        [840/3187]
2026-03-12 16:01:53 - INFO - ✓ Jus Kids Academy                         [841/3187]
2026-03-12 16:01:54 - INFO - ✓ Kadima Day School                        [842/3187]
2026-03-12 16:01:54 - INFO - ✓ K12 private academy                      [843/3187]
2026-03-12 16:01:55 - INFO - ✓ Kids'  World School                      [844/3187]
2026-03-12 16:01:55 - INFO - ✓ Junipero Serra High School               [845/3187]
2026-03-12 16:01:55 - INFO - ✓ Kidz Kingdom Academy                     [846/3187]
2026-03-12 16:01:55 - INFO - 💾 Saving checkpoint (90 processed)
2026-03-12 16:01:56 - INFO - ✓ Kirk O' The Valley School                [847/3187]
2026-03-12 16:01:56 - INFO - 💾 Saving checkpoint (90 processed)
2026-03-12 16:01:56 - INFO - ✓ Kotanjyants Strong Minds Academy         [848/3187]
2026-03-12 16:01:56 - INFO - ✓ LA ROAD Christian School                 [849/3187]
2026-03-12 16:01:57 - INFO - ✓ Laurel Hall                              [850/3187]
2026-03-12 16:01:57 - INFO - ✓ Laurence School                          [851/3187]
2026-03-12 16:01:58 - INFO - ✓ Le Lycee Francais de Los Angeles-Century [852/3187]
2026-03-12 16:01:58 - INFO - ✓ Le Lycee Francais de Los Angeles-Element [853/3187]
2026-03-12 16:01:59 - INFO - ✓ Le Lycee Francais de Los Angeles-Pac Pal [854/3187]
2026-03-12 16:01:59 - INFO - 💾 Saving checkpoint (90 processed)
2026-03-12 16:01:59 - INFO - ✓ Le Lycee Francais de Los Angeles-High    [855/3187]
2026-03-12 16:01:59 - INFO - ✓ Learn Academy Mar Vista                  [856/3187]
2026-03-12 16:02:00 - INFO - ✓ Learning Trajectory North                [857/3187]
2026-03-12 16:02:00 - INFO - ✓ Legacy Academy of Jewish Education Inc   [858/3187]
2026-03-12 16:02:00 - INFO - ✓ Little Acorns Grow                       [859/3187]
2026-03-12 16:02:00 - INFO - ✓ Little Citizens Westside Academy         [860/3187]
2026-03-12 16:02:00 - INFO - ✓ Little Citizens Westside Academy #1      [861/3187]
2026-03-12 16:02:01 - INFO - ✓ Little Scholars Academy                  [862/3187]
2026-03-12 16:02:02 - INFO - ✓ Little Sprouts Language Immersion Presch [863/3187]
2026-03-12 16:02:02 - INFO - ✓ Lively private school                    [864/3187]
2026-03-12 16:02:02 - INFO - ✓ Little Treehouse Academy                 [865/3187]
2026-03-12 16:02:03 - INFO - ✓ LN Media Academy                         [866/3187]
2026-03-12 16:02:03 - INFO - ✓ Los Angeles Christian Academy            [867/3187]
2026-03-12 16:02:03 - INFO - ✓ Los Angeles Christian School             [868/3187]
2026-03-12 16:02:04 - INFO - ✓ Los Encinos School                       [869/3187]
2026-03-12 16:02:04 - INFO - 💾 Saving checkpoint (90 processed)
2026-03-12 16:02:04 - INFO - ✓ Louisville High School                   [870/3187]
2026-03-12 16:02:04 - INFO - ✓ Loyola High School of Los Angeles        [871/3187]
2026-03-12 16:02:05 - INFO - ✓ M R M Academy                            [872/3187]
2026-03-12 16:02:05 - INFO - ✓ Machon                                   [873/3187]
2026-03-12 16:02:06 - INFO - ✓ Manzanita School and Institute           [874/3187]
2026-03-12 16:02:06 - INFO - ✓ Maor Academy                             [875/3187]
2026-03-12 16:02:06 - INFO - ✓ Marcus Garvey School                     [876/3187]
2026-03-12 16:02:07 - INFO - ✓ Maria Regina                             [877/3187]
2026-03-12 16:02:07 - INFO - ✓ Marlborough School                       [878/3187]
2026-03-12 16:02:08 - INFO - ✓ Mary Star of the Sea Elementary          [879/3187]
2026-03-12 16:02:08 - INFO - ✓ Mary Immaculate Elementary School        [880/3187]
2026-03-12 16:02:08 - INFO - ✓ Mary Star of the Sea High School         [881/3187]
2026-03-12 16:02:08 - INFO - ✓ Marymount High School                    [882/3187]
2026-03-12 16:02:09 - INFO - ✓ Maynard Academy                          [883/3187]
2026-03-12 16:02:09 - INFO - ✓ Milken Community School                  [884/3187]
2026-03-12 16:02:10 - INFO - ✓ Montessori Academy of Culver City        [885/3187]
2026-03-12 16:02:10 - INFO - ✓ Montessori Academy of West Adams         [886/3187]
2026-03-12 16:02:10 - INFO - ✓ Montessori Children's World              [887/3187]
2026-03-12 16:02:11 - INFO - ✓ Moore's Daycare Preparatory              [888/3187]
2026-03-12 16:02:11 - INFO - ✓ Mother of Sorrows                        [889/3187]
2026-03-12 16:02:12 - INFO - ✓ Muhammad University of Islam - Los Angel [890/3187]
2026-03-12 16:02:12 - INFO - ✓ MESIVTA BIRKAS YITZCHOK                  [891/3187]
2026-03-12 16:02:12 - INFO - ✓ Nativity Elementary                      [892/3187]
2026-03-12 16:02:12 - INFO - 💾 Saving checkpoint (90 processed)
2026-03-12 16:02:13 - INFO - ✓ New Covenant Academy                     [893/3187]
2026-03-12 16:02:13 - INFO - ✓ New Covenant Academy                     [894/3187]
2026-03-12 16:02:13 - INFO - ✓ New Horizon School Westside              [895/3187]
2026-03-12 16:02:13 - INFO - ✓ New Life Christian Academy               [896/3187]
2026-03-12 16:02:14 - INFO - ✓ Nishiyamato Academy                      [897/3187]
2026-03-12 16:02:14 - INFO - ✓ North Hollywood Christian Academy        [898/3187]
2026-03-12 16:02:15 - INFO - ✓ North Valley Christian School            [899/3187]
2026-03-12 16:02:15 - INFO - ✓ Northpoint School and Intensive Outpatie [900/3187]
2026-03-12 16:02:16 - INFO - ✓ Notre Dame Academy                       [901/3187]
2026-03-12 16:02:16 - INFO - ✓ Notre Dame Academy Elementary            [902/3187]
2026-03-12 16:02:16 - INFO - ✓ Notre Dame High School                   [903/3187]
2026-03-12 16:02:16 - INFO - ✓ Oak Crest Academy Independent Studies    [904/3187]
2026-03-12 16:02:17 - INFO - ✓ Oak Crest Academy Los Angeles            [905/3187]
2026-03-12 16:02:17 - INFO - ✓ Oak Knoll Montessori School              [906/3187]
2026-03-12 16:02:17 - INFO - ✓ Oakwood Elementary                       [907/3187]
2026-03-12 16:02:18 - INFO - ✓ Oakwood Secondary                        [908/3187]
2026-03-12 16:02:18 - INFO - ✓ Ohr Eliyahu Academy also known as Yeshiv [909/3187]
2026-03-12 16:02:19 - INFO - ✓ Olive Tree Christian Academy             [910/3187]
2026-03-12 16:02:19 - INFO - ✓ OneSchool Global - Los Angeles           [911/3187]
2026-03-12 16:02:19 - INFO - ✓ Or hachaim Academy                       [912/3187]
2026-03-12 16:02:20 - INFO - ✓ Orange School                            [913/3187]
2026-03-12 16:02:20 - INFO - 💾 Saving checkpoint (90 processed)
2026-03-12 16:02:20 - INFO - ✓ Our Lady of Grace                        [914/3187]
2026-03-12 16:02:20 - INFO - ✓ Our Lady of Guadalupe                    [915/3187]
2026-03-12 16:02:21 - INFO - ✓ Our Lady of Guadalupe School - Rose Hill [916/3187]
2026-03-12 16:02:21 - INFO - ✓ Our Lady of Loretto Elementary School    [917/3187]
2026-03-12 16:02:21 - INFO - ✓ Our Lady of Lourdes                      [918/3187]
2026-03-12 16:02:21 - INFO - ✓ Our Lady of Lourdes                      [919/3187]
2026-03-12 16:02:22 - INFO - ✓ Our Lady of Peace Elementary             [920/3187]
2026-03-12 16:02:22 - INFO - ✓ Our Lady of Lourdes School               [921/3187]
2026-03-12 16:02:23 - INFO - ✓ Our Lady of the Rosary of Talpa          [922/3187]
2026-03-12 16:02:23 - INFO - ✓ Our Lady of the Valley School            [923/3187]
2026-03-12 16:02:23 - INFO - ✓ Our Mother of Good Counsel               [924/3187]
2026-03-12 16:02:24 - INFO - ✓ Pacific Harbor Christian School          [925/3187]
2026-03-12 16:02:24 - INFO - ✓ Page Academy-Hancock Park                [926/3187]
2026-03-12 16:02:25 - INFO - ✓ Pacific Lutheran Jr./Sr. High School     [927/3187]
2026-03-12 16:02:25 - INFO - ✓ Palisades Montessori Center              [928/3187]
2026-03-12 16:02:25 - INFO - ✓ Park Montessori Children's Center        [929/3187]
2026-03-12 16:02:26 - INFO - ✓ Phanes                                   [930/3187]
2026-03-12 16:02:26 - INFO - ✓ Personal Coaching Systems                [931/3187]
2026-03-12 16:02:27 - INFO - ✓ Pilgrim School                           [932/3187]
2026-03-12 16:02:27 - INFO - ✓ Poverello of Assisi Preschool            [933/3187]
2026-03-12 16:02:27 - INFO - ✓ Play Mountain Place                      [934/3187]
2026-03-12 16:02:28 - INFO - ✓ Precious Blood                           [935/3187]
2026-03-12 16:02:28 - INFO - ✓ Prosperous Fellowship Christian Communit [936/3187]
2026-03-12 16:02:28 - INFO - ✓ Rabbi Jacob Pressman Academy             [937/3187]
2026-03-12 16:02:29 - INFO - ✓ ReJOYce In Jesus Christian School        [938/3187]
2026-03-12 16:02:29 - INFO - ✓ Redeemer Baptist Elementary              [939/3187]
2026-03-12 16:02:29 - INFO - ✓ Ribet Academy                            [940/3187]
2026-03-12 16:02:29 - INFO - ✓ Resurrection                             [941/3187]
2026-03-12 16:02:30 - INFO - ✓ Rise Again Christian School              [942/3187]
2026-03-12 16:02:30 - INFO - ✓ Rise Montessori School                   [943/3187]
2026-03-12 16:02:31 - INFO - ✓ Rising Stars Academy                     [944/3187]
2026-03-12 16:02:31 - INFO - ✓ Rising Stars Academy Elementary          [945/3187]
2026-03-12 16:02:31 - INFO - ✓ Rockland Academy                         [946/3187]
2026-03-12 16:02:32 - INFO - ✓ Rolling Hills Preparatory School         [947/3187]
2026-03-12 16:02:32 - INFO - ✓ Rose and Alex Pilibos Armenian School    [948/3187]
2026-03-12 16:02:33 - INFO - ✓ Sacred Heart Elementary School           [949/3187]
2026-03-12 16:02:33 - INFO - ✓ Sacred Heart High                        [950/3187]
2026-03-12 16:02:33 - INFO - ✓ Saint Aloysius                           [951/3187]
2026-03-12 16:02:33 - INFO - ✓ Saint Mary Coptic Orthodox School        [952/3187]
2026-03-12 16:02:34 - INFO - ✓ Saint Paul the Apostle School            [953/3187]
2026-03-12 16:02:34 - INFO - ✓ Saint Sebastian School                   [954/3187]
2026-03-12 16:02:35 - INFO - ✓ Saint Thomas the Apostle                 [955/3187]
2026-03-12 16:02:35 - INFO - ✓ Samuel A. Fryer Yavneh Hebrew            [956/3187]
2026-03-12 16:02:35 - INFO - ✓ San Fernando Valley Academy              [957/3187]
2026-03-12 16:02:36 - INFO - ✓ San Miguel Catholic School               [958/3187]
2026-03-12 16:02:36 - INFO - ✓ Santa Monica Academy                     [959/3187]
2026-03-12 16:02:36 - INFO - ✓ Santa Rosa de Lima                       [960/3187]
2026-03-12 16:02:36 - INFO - 💾 Saving checkpoint (90 processed)
2026-03-12 16:02:37 - INFO - ✓ School of Santa Isabel                   [961/3187]
2026-03-12 16:02:37 - INFO - ✓ Serenity Kids Academy                    [962/3187]
2026-03-12 16:02:38 - INFO - ✓ Seven Arrows Elementary                  [963/3187]
2026-03-12 16:02:39 - INFO - ✓ Shalhevet                                [964/3187]
2026-03-12 16:02:39 - INFO - ✓ Sheenway School and Culture Center       [965/3187]
2026-03-12 16:02:39 - INFO - ✓ Shorashim Hebrew Academy                 [966/3187]
2026-03-12 16:02:39 - INFO - ✓ Sierra Canyon School                     [967/3187]
2026-03-12 16:02:40 - INFO - ✓ Sinai Akiba Academy                      [968/3187]
2026-03-12 16:02:40 - INFO - ✓ Sierra Canyon School                     [969/3187]
2026-03-12 16:02:40 - INFO - 💾 Saving checkpoint (90 processed)
2026-03-12 16:02:40 - INFO - ✓ Smart Generation                         [970/3187]
2026-03-12 16:02:41 - INFO - ✓ Slauson Learning Center, No. 1           [971/3187]
2026-03-12 16:02:42 - INFO - ✓ St Margaret Mary School                  [972/3187]
2026-03-12 16:02:42 - INFO - ✓ St. Anastasia Elementary                 [973/3187]
2026-03-12 16:02:42 - INFO - ✓ St. Alphonsus School                     [974/3187]
2026-03-12 16:02:43 - INFO - ✓ St. Anthony of Padua                     [975/3187]
2026-03-12 16:02:43 - INFO - ✓ Spivak Hebrew Academy                    [976/3187]
2026-03-12 16:02:43 - INFO - ✓ St. Anne's Academy                       [977/3187]
2026-03-12 16:02:43 - INFO - ✓ St. Bernard Elementary                   [978/3187]
2026-03-12 16:02:44 - INFO - ✓ St. Bernard High School                  [979/3187]
2026-03-12 16:02:44 - INFO - ✓ Santa Teresita Elementary                [980/3187]
2026-03-12 16:02:45 - INFO - ✓ St. Bernardine of Siena School           [981/3187]
2026-03-12 16:02:45 - INFO - ✓ St. Brendan                              [982/3187]
2026-03-12 16:02:45 - INFO - ✓ St. Bridget of Sweden Elementary         [983/3187]
2026-03-12 16:02:46 - INFO - ✓ St. Cecilia Elementary                   [984/3187]
2026-03-12 16:02:46 - INFO - 💾 Saving checkpoint (105 processed)
2026-03-12 16:02:46 - INFO - ✓ St. Charles Borromeo                     [985/3187]
2026-03-12 16:02:46 - INFO - ✓ St. Columbkille Elementary               [986/3187]
2026-03-12 16:02:47 - INFO - ✓ St. Didacus                              [987/3187]
2026-03-12 16:02:47 - INFO - ✓ St. Cyril of Jerusalem Elementary        [988/3187]
2026-03-12 16:02:47 - INFO - ✓ St. Dominic School                       [989/3187]
2026-03-12 16:02:47 - INFO - ✓ ST. ELISABETH SCHOOL                     [990/3187]
2026-03-12 16:02:47 - INFO - 💾 Saving checkpoint (90 processed)
2026-03-12 16:02:48 - INFO - ✓ St. Eugene                               [991/3187]
2026-03-12 16:02:49 - INFO - ✓ St. Euphrasia School                     [992/3187]
2026-03-12 16:02:49 - INFO - 💾 Saving checkpoint (105 processed)
2026-03-12 16:02:49 - INFO - ✓ St. Frances X. Cabrini                   [993/3187]
2026-03-12 16:02:49 - INFO - 💾 Saving checkpoint (105 processed)
2026-03-12 16:02:49 - INFO - ✓ St. Francis De Sales                     [994/3187]
2026-03-12 16:02:50 - INFO - ✓ St. Genevieve Elementary School          [995/3187]
2026-03-12 16:02:50 - INFO - ✓ St. Genevieve High School                [996/3187]
2026-03-12 16:02:50 - INFO - ✓ St. Ignatius of Loyola Elementary        [997/3187]
2026-03-12 16:02:50 - INFO - ✓ St. Helen                                [998/3187]
2026-03-12 16:02:51 - INFO - ✓ St. James' Episcopal School              [999/3187]
2026-03-12 16:02:51 - INFO - 💾 Saving checkpoint (105 processed)
2026-03-12 16:02:51 - INFO - ✓ St. Jane Frances de Chantal School       [1000/3187]
2026-03-12 16:02:52 - INFO - ✓ St. Jerome Elementary                    [1001/3187]
2026-03-12 16:02:52 - INFO - ✓ St. John Eudes                           [1002/3187]
2026-03-12 16:02:53 - INFO - ✓ St. Joseph the Worker Elementary         [1003/3187]
2026-03-12 16:02:53 - INFO - ✓ St. Lawrence of Brindisi Elementary      [1004/3187]
2026-03-12 16:02:53 - INFO - ✓ St. Malachy Catholic Elementary          [1005/3187]
2026-03-12 16:02:53 - INFO - ✓ St. Mark School                          [1006/3187]
2026-03-12 16:02:54 - INFO - ✓ St. Matthew's Parish School              [1007/3187]
2026-03-12 16:02:54 - INFO - ✓ St. Martin of Tours                      [1008/3187]
2026-03-12 16:02:55 - INFO - ✓ St. Mel Elementary                       [1009/3187]
2026-03-12 16:02:55 - INFO - ✓ St. Matthias Elementary School           [1010/3187]
2026-03-12 16:02:55 - INFO - ✓ St. Michael Elementary                   [1011/3187]
2026-03-12 16:02:56 - INFO - ✓ St. Michael the Defender Academy         [1012/3187]
2026-03-12 16:02:56 - INFO - ✓ St. Nicholas School                      [1013/3187]
2026-03-12 16:02:56 - INFO - ✓ St. Odilia Elementary                    [1014/3187]
2026-03-12 16:02:57 - INFO - ✓ St. Paul Elementary                      [1015/3187]
2026-03-12 16:02:57 - INFO - ✓ St. Patrick Elementary                   [1016/3187]
2026-03-12 16:02:58 - INFO - ✓ St. Philomena Elementary                 [1017/3187]
2026-03-12 16:02:58 - INFO - ✓ St. Raphael Elementary                   [1018/3187]
2026-03-12 16:02:58 - INFO - 💾 Saving checkpoint (105 processed)
2026-03-12 16:02:58 - INFO - ✓ St. Timothy School                       [1019/3187]
2026-03-12 16:02:58 - INFO - ✓ St. Rose of Lima Catholic                [1020/3187]
2026-03-12 16:02:59 - INFO - ✓ St. Turibius Elementary                  [1021/3187]
2026-03-12 16:02:59 - INFO - ✓ St. Vincent Elementary School            [1022/3187]
2026-03-12 16:02:59 - INFO - ✓ Star Christian                           [1023/3187]
2026-03-12 16:03:00 - INFO - ✓ STARS Academy                            [1024/3187]
2026-03-12 16:03:00 - INFO - ✓ Stewart Family Homestead                 [1025/3187]
2026-03-12 16:03:00 - INFO - ✓ Sts. Peter and Paul School               [1026/3187]
2026-03-12 16:03:01 - INFO - ✓ Summit View                              [1027/3187]
2026-03-12 16:03:02 - INFO - ✓ Sunrise West School                      [1028/3187]
2026-03-12 16:03:02 - INFO - ✓ Sunrise School                           [1029/3187]
2026-03-12 16:03:02 - INFO - ✓ Sunland Christian School                 [1030/3187]
2026-03-12 16:03:02 - INFO - ✓ Tashbar Sephardic Yeshiva Ketana         [1031/3187]
2026-03-12 16:03:02 - INFO - ✓ Tarbiyatul ILM Academy Global            [1032/3187]
2026-03-12 16:03:03 - INFO - ✓ Teaching Great Children                  [1033/3187]
2026-03-12 16:03:03 - INFO - ✓ Team Hardison                            [1034/3187]
2026-03-12 16:03:04 - INFO - ✓ The Center for Early Education           [1035/3187]
2026-03-12 16:03:04 - INFO - ✓ The Archer School for Girls              [1036/3187]
2026-03-12 16:03:04 - INFO - ✓ The City School                          [1037/3187]
2026-03-12 16:03:05 - INFO - ✓ The Help Group's North Hills Prep        [1038/3187]
2026-03-12 16:03:05 - INFO - ✓ The Mirman School for Gifted Children    [1039/3187]
2026-03-12 16:03:06 - INFO - ✓ The John Thomas Dye School               [1040/3187]
2026-03-12 16:03:06 - INFO - ✓ The Northridge Community School          [1041/3187]
2026-03-12 16:03:06 - INFO - ✓ The Oaks School                          [1042/3187]
2026-03-12 16:03:06 - INFO - 💾 Saving checkpoint (105 processed)
2026-03-12 16:03:06 - INFO - ✓ The Pines Christian School               [1043/3187]
2026-03-12 16:03:07 - INFO - ✓ The School of Los Angeles                [1044/3187]
2026-03-12 16:03:08 - INFO - ✓ THE WESLEY SCHOOL                        [1045/3187]
2026-03-12 16:03:08 - INFO - ✓ Topanga Mountain School                  [1046/3187]
2026-03-12 16:03:08 - INFO - ✓ Torah Academy of Los Angeles             [1047/3187]
2026-03-12 16:03:09 - INFO - ✓ True Education Learning Academy          [1048/3187]
2026-03-12 16:03:10 - INFO - ✓ University of Silvaner                   [1049/3187]
2026-03-12 16:03:10 - INFO - ✓ Valley Beth Shalom Day School            [1050/3187]
2026-03-12 16:03:10 - INFO - ✓ Transfiguration                          [1051/3187]
2026-03-12 16:03:10 - INFO - ✓ Valley Torah High School                 [1052/3187]
2026-03-12 16:03:10 - INFO - ✓ Valley School                            [1053/3187]
2026-03-12 16:03:11 - INFO - ✓ TREE Academy                             [1054/3187]
2026-03-12 16:03:11 - INFO - ✓ Valor Montessori Preparatory             [1055/3187]
2026-03-12 16:03:11 - INFO - ✓ Verbum Dei Jesuit High School            [1056/3187]
2026-03-12 16:03:12 - INFO - ✓ Vermont Christian School                 [1057/3187]
2026-03-12 16:03:13 - INFO - ✓ Village Christian Schools                [1058/3187]
2026-03-12 16:03:13 - INFO - ✓ Village School, Inc.                     [1059/3187]
2026-03-12 16:03:14 - INFO - ✓ Village Glen School                      [1060/3187]
2026-03-12 16:03:14 - INFO - ✓ Visitation Elementary                    [1061/3187]
2026-03-12 16:03:14 - INFO - ✓ Vista                                    [1062/3187]
2026-03-12 16:03:14 - INFO - ✓ Warrior poets academy llc                [1063/3187]
2026-03-12 16:03:15 - INFO - ✓ Wayfinder Family Services                [1064/3187]
2026-03-12 16:03:15 - INFO - ✓ Wee lil people                           [1065/3187]
2026-03-12 16:03:15 - INFO - ✓ West Hollywood College Preparatory Schoo [1066/3187]
2026-03-12 16:03:15 - INFO - 💾 Saving checkpoint (105 processed)
2026-03-12 16:03:15 - INFO - ✓ West Valley Christian School             [1067/3187]
2026-03-12 16:03:16 - INFO - ✓ Westchester Lutheran School              [1068/3187]
2026-03-12 16:03:17 - INFO - ✓ Westland School,, The                    [1069/3187]
2026-03-12 16:03:17 - INFO - ✓ Westmark School                          [1070/3187]
2026-03-12 16:03:18 - INFO - ✓ Westside Neighborhood School             [1071/3187]
2026-03-12 16:03:18 - INFO - ✓ Westside Waldorf School                  [1072/3187]
2026-03-12 16:03:18 - INFO - ✓ Wildwood School, Inc.                    [1073/3187]
2026-03-12 16:03:18 - INFO - ✓ Willowcrest School                       [1074/3187]
2026-03-12 16:03:19 - INFO - ✓ Windsor Math and Science Academy         [1075/3187]
2026-03-12 16:03:19 - INFO - ✓ Windward School                          [1076/3187]
2026-03-12 16:03:19 - INFO - ✓ Wise School                              [1077/3187]
2026-03-12 16:03:20 - INFO - ✓ Woodcrest School                         [1078/3187]
2026-03-12 16:03:20 - INFO - ✓ Woodland Hills Private School            [1079/3187]
2026-03-12 16:03:21 - INFO - ✓ Yahudah's Remnant Academy                [1080/3187]
2026-03-12 16:03:21 - INFO - ✓ Yeshiva Ketana of Los Angeles            [1081/3187]
2026-03-12 16:03:21 - INFO - ✓ Yeshiva Ner Aryeh                        [1082/3187]
2026-03-12 16:03:21 - INFO - ✓ Yeshiva Gedolah of Los Angeles           [1083/3187]
2026-03-12 16:03:22 - INFO - ✓ Yeshiva Ohr Elchonon Chabad              [1084/3187]
2026-03-12 16:03:22 - INFO - ✓ YULA High School - YULA Girls            [1085/3187]
2026-03-12 16:03:22 - INFO - ✓ YULA High School- Boys School            [1086/3187]
2026-03-12 16:03:23 - INFO - ✓ Zucker Jewish Academy of Woodland Hills  [1087/3187]
2026-03-12 16:03:24 - INFO - ✓ Lynwood Academic Academy                 [1088/3187]
2026-03-12 16:03:24 - INFO - ✓ Yeshiva Rav Isacsohn/Torath Emeth Academ [1089/3187]
2026-03-12 16:03:24 - INFO - ✓ St. Emydius School                       [1090/3187]
2026-03-12 16:03:25 - INFO - ✓ St. Philip Neri                          [1091/3187]
2026-03-12 16:03:25 - INFO - ✓ Beach Cities Learning, Manhattan Beach   [1092/3187]
2026-03-12 16:03:25 - INFO - ✓ Creative Kids                            [1093/3187]
2026-03-12 16:03:25 - INFO - ✓ American Martyrs School                  [1094/3187]
2026-03-12 16:03:26 - INFO - ✓ Magic Rainbow Pre School                 [1095/3187]
2026-03-12 16:03:26 - INFO - ✓ Manhattan Academy                        [1096/3187]
2026-03-12 16:03:26 - INFO - ✓ Calvary Chapel Monrovia PSP              [1097/3187]
2026-03-12 16:03:27 - INFO - ✓ Calvary Road Baptist Academy             [1098/3187]
2026-03-12 16:03:27 - INFO - ✓ Excellence In Education Academy          [1099/3187]
2026-03-12 16:03:28 - INFO - ✓ Immaculate Conception                    [1100/3187]
2026-03-12 16:03:28 - INFO - ✓ Oasis Trilingual Community School        [1101/3187]
2026-03-12 16:03:28 - INFO - ✓ Pearl Preparatory                        [1102/3187]
2026-03-12 16:03:29 - INFO - ✓ Armenian Mesrobian School                [1103/3187]
2026-03-12 16:03:29 - INFO - ✓ Arise Academy                            [1104/3187]
2026-03-12 16:03:29 - INFO - ✓ Cantwell–Sacred Heart of Mary High Schoo [1105/3187]
2026-03-12 16:03:30 - INFO - ✓ Don Bosco Technical Institute            [1106/3187]
2026-03-12 16:03:30 - INFO - ✓ LEARN Academy, Montebello                [1107/3187]
2026-03-12 16:03:31 - INFO - ✓ Meher Montessori School                  [1108/3187]
2026-03-12 16:03:31 - INFO - ✓ Montebello Christian School              [1109/3187]
2026-03-12 16:03:31 - INFO - 💾 Saving checkpoint (105 processed)
2026-03-12 16:03:31 - INFO - ✓ Our Lady of The Miraculous Medal         [1110/3187]
2026-03-12 16:03:31 - INFO - ✓ Pacific Baptist School                   [1111/3187]
2026-03-12 16:03:32 - INFO - ✓ St. Benedict Elementary                  [1112/3187]
2026-03-12 16:03:32 - INFO - ✓ St. Gertrude School                      [1113/3187]
2026-03-12 16:03:33 - INFO - ✓ St. Thomas Aquinas School                [1114/3187]
2026-03-12 16:03:33 - INFO - ✓ Our Lady of Perpetual Help School        [1115/3187]
2026-03-12 16:03:33 - INFO - ✓ Beatitudes of our Lord Elementary        [1116/3187]
2026-03-12 16:03:33 - INFO - 💾 Saving checkpoint (105 processed)
2026-03-12 16:03:33 - INFO - ✓ Foundation Christian School              [1117/3187]
2026-03-12 16:03:34 - INFO - ✓ Heights Christian Schools, Bluefield Cam [1118/3187]
2026-03-12 16:03:34 - INFO - ✓ LuTEC                                    [1119/3187]
2026-03-12 16:03:35 - INFO - ✓ New Harvest Christian                    [1120/3187]
2026-03-12 16:03:35 - INFO - ✓ Joyland Preschool                        [1121/3187]
2026-03-12 16:03:35 - INFO - ✓ Saint John of God                        [1122/3187]
2026-03-12 16:03:36 - INFO - ✓ St. Linus School                         [1123/3187]
2026-03-12 16:03:36 - INFO - ✓ St. Paul of the Cross Elementary         [1124/3187]
2026-03-12 16:03:37 - INFO - ✓ Swan Creek School of the Arts            [1125/3187]
2026-03-12 16:03:37 - INFO - ✓ Shepherd Christian School                [1126/3187]
2026-03-12 16:03:37 - INFO - ✓ St. Mary Elementary Catholic             [1127/3187]
2026-03-12 16:03:38 - INFO - ✓ Westside Christian                       [1128/3187]
2026-03-12 16:03:38 - INFO - ✓ Chadwick                                 [1129/3187]
2026-03-12 16:03:38 - INFO - 💾 Saving checkpoint (120 processed)
2026-03-12 16:03:38 - INFO - ✓ Fusion Academy, Palos Verdes             [1130/3187]
2026-03-12 16:03:39 - INFO - ✓ Peninsula Heritage School                [1131/3187]
2026-03-12 16:03:39 - INFO - ✓ PV Peninsula Montessori School           [1132/3187]
2026-03-12 16:03:39 - INFO - ✓ Rolling Hill International School        [1133/3187]
2026-03-12 16:03:40 - INFO - ✓ Rolling Hills Country Day School         [1134/3187]
2026-03-12 16:03:40 - INFO - ✓ St. John Fisher School                   [1135/3187]
2026-03-12 16:03:40 - INFO - ✓ Calvary Christian Academy of Compton     [1136/3187]
2026-03-12 16:03:41 - INFO - ✓ INTER-TRIBAL Family Of Nations Day Schoo [1137/3187]
2026-03-12 16:03:41 - INFO - 💾 Saving checkpoint (120 processed)
2026-03-12 16:03:41 - INFO - ✓ Our Lady of the Rosary School            [1138/3187]
2026-03-12 16:03:41 - INFO - ✓ St. Pancratius                           [1139/3187]
2026-03-12 16:03:42 - INFO - ✓ Alverno Heights Academy                  [1140/3187]
2026-03-12 16:03:42 - INFO - 💾 Saving checkpoint (105 processed)
2026-03-12 16:03:42 - INFO - ✓ Assumption of the Blessed Virgin Mary    [1141/3187]
2026-03-12 16:03:42 - INFO - 💾 Saving checkpoint (120 processed)
2026-03-12 16:03:42 - INFO - ✓ Bethany Christian School                 [1142/3187]
2026-03-12 16:03:43 - INFO - ✓ Bridge Global Academy                    [1143/3187]
2026-03-12 16:03:43 - INFO - ✓ Chandler School                          [1144/3187]
2026-03-12 16:03:43 - INFO - 💾 Saving checkpoint (120 processed)
2026-03-12 16:03:44 - INFO - ✓ EF Academy Pasadena                      [1145/3187]
2026-03-12 16:03:44 - INFO - ✓ Excelsior School                         [1146/3187]
2026-03-12 16:03:44 - INFO - ✓ Fair Oaks School                         [1147/3187]
2026-03-12 16:03:45 - INFO - ✓ Fusion Academy Pasadena Downtown         [1148/3187]
2026-03-12 16:03:45 - INFO - ✓ Gooden School, The                       [1149/3187]
2026-03-12 16:03:46 - INFO - ✓ harriet tubman                           [1150/3187]
2026-03-12 16:03:46 - INFO - ✓ High Point Academy                       [1151/3187]
2026-03-12 16:03:46 - INFO - ✓ International School of Los Angeles-PAS  [1152/3187]
2026-03-12 16:03:47 - INFO - ✓ La Salle High School                     [1153/3187]
2026-03-12 16:03:47 - INFO - ✓ Living Waters Academy                    [1154/3187]
2026-03-12 16:03:47 - INFO - ✓ Maranatha High School                    [1155/3187]
2026-03-12 16:03:48 - INFO - ✓ Marianne Frostig Center of Educational T [1156/3187]
2026-03-12 16:03:48 - INFO - ✓ Mayfield Junior School                   [1157/3187]
2026-03-12 16:03:48 - INFO - ✓ Mayfield Senior School                   [1158/3187]
2026-03-12 16:03:49 - INFO - ✓ New Horizon School Pasadena              [1159/3187]
2026-03-12 16:03:49 - INFO - ✓ Pasadena Christian School                [1160/3187]
2026-03-12 16:03:50 - INFO - ✓ Pasadena Waldorf School                  [1161/3187]
2026-03-12 16:03:50 - INFO - ✓ Polytechnic School                       [1162/3187]
2026-03-12 16:03:50 - INFO - ✓ Sahag-Mesrob Armenian Christian School   [1163/3187]
2026-03-12 16:03:51 - INFO - ✓ Saint Mark's School                      [1164/3187]
2026-03-12 16:03:51 - INFO - ✓ Sequoyah School                          [1165/3187]
2026-03-12 16:03:51 - INFO - ✓ St Elizabeth Parish School               [1166/3187]
2026-03-12 16:03:52 - INFO - ✓ Shiloh Academy                           [1167/3187]
2026-03-12 16:03:52 - INFO - ✓ St. Andrew Catholic School               [1168/3187]
2026-03-12 16:03:53 - INFO - ✓ St. Gregory's A. & M. Hovsepian School   [1169/3187]
2026-03-12 16:03:53 - INFO - 💾 Saving checkpoint (120 processed)
2026-03-12 16:03:53 - INFO - ✓ St. Monica Academy                       [1170/3187]
2026-03-12 16:03:54 - INFO - ✓ St. Philip the Apostle                   [1171/3187]
2026-03-12 16:03:54 - INFO - ✓ St. Rita School                          [1172/3187]
2026-03-12 16:03:54 - INFO - ✓ Stratford School                         [1173/3187]
2026-03-12 16:03:54 - INFO - ✓ Tabernacle Of David Christian Academy    [1174/3187]
2026-03-12 16:03:55 - INFO - ✓ The Waverly School                       [1175/3187]
2026-03-12 16:03:55 - INFO - ✓ Villa Esperanza Services                 [1176/3187]
2026-03-12 16:03:55 - INFO - ✓ Walden School                            [1177/3187]
2026-03-12 16:03:56 - INFO - ✓ Westmoreland Academy                     [1178/3187]
2026-03-12 16:03:56 - INFO - ✓ Westridge School for Girls               [1179/3187]
2026-03-12 16:03:57 - INFO - ✓ American Christian Academy               [1180/3187]
2026-03-12 16:03:57 - INFO - ✓ Calvary Fellowship Christian Academy     [1181/3187]
2026-03-12 16:03:57 - INFO - 💾 Saving checkpoint (120 processed)
2026-03-12 16:03:57 - INFO - ✓ diamond bar Montessori academy           [1182/3187]
2026-03-12 16:03:57 - INFO - ✓ Grace Christian School                   [1183/3187]
2026-03-12 16:03:58 - INFO - ✓ Home Education                           [1184/3187]
2026-03-12 16:03:58 - INFO - ✓ Mt Calvary Lutheran                      [1185/3187]
2026-03-12 16:03:58 - INFO - ✓ Oak Crest Academy - Pomona               [1186/3187]
2026-03-12 16:03:59 - INFO - ✓ Pomona Catholic High School              [1187/3187]
2026-03-12 16:04:00 - INFO - ✓ Pomona Catholic Middle School            [1188/3187]
2026-03-12 16:04:00 - INFO - ✓ RAV Academy                              [1189/3187]
2026-03-12 16:04:00 - INFO - ✓ St Joseph Elementary School              [1190/3187]
2026-03-12 16:04:01 - INFO - ✓ Tribe of Judah Academy                   [1191/3187]
2026-03-12 16:04:01 - INFO - ✓ The Good Shepherd Academy                [1192/3187]
2026-03-12 16:04:01 - INFO - ✓ Walnut Montessori-Preschool Academy      [1193/3187]
2026-03-12 16:04:01 - INFO - ✓ Academy of the Arts                      [1194/3187]
2026-03-12 16:04:02 - INFO - ✓ LINK School                              [1195/3187]
2026-03-12 16:04:02 - INFO - ✓ Aegean Academy                           [1196/3187]
2026-03-12 16:04:03 - INFO - ✓ South Bay Faith Academy                  [1197/3187]
2026-03-12 16:04:03 - INFO - ✓ St. Lawrence Martyr Elementary           [1198/3187]
2026-03-12 16:04:03 - INFO - ✓ Valor Christian Academy                  [1199/3187]
2026-03-12 16:04:04 - INFO - ✓ Elite Open School                        [1200/3187]
2026-03-12 16:04:04 - INFO - ✓ California University Preparatory School [1201/3187]
2026-03-12 16:04:05 - INFO - ✓ Quba Islamic School                      [1202/3187]
2026-03-12 16:04:05 - INFO - ✓ Southlands Christian Schools             [1203/3187]
2026-03-12 16:04:05 - INFO - ✓ St. Martha Elementary School             [1204/3187]
2026-03-12 16:04:05 - INFO - ✓ Tzu Chi Elementary School - Walnut       [1205/3187]
2026-03-12 16:04:06 - INFO - ✓ Yu Family Private School                 [1206/3187]
2026-03-12 16:04:06 - INFO - 💾 Saving checkpoint (120 processed)
2026-03-12 16:04:06 - INFO - ✓ Learn Academy San Gabriel                [1207/3187]
2026-03-12 16:04:06 - INFO - ✓ San Gabriel Academy                      [1208/3187]
2026-03-12 16:04:07 - INFO - ✓ San Gabriel Christian                    [1209/3187]
2026-03-12 16:04:07 - INFO - ✓ San Gabriel Mission Elementary           [1210/3187]
2026-03-12 16:04:08 - INFO - ✓ San Gabriel Mission High School          [1211/3187]
2026-03-12 16:04:08 - INFO - ✓ Clairbourn School                        [1212/3187]
2026-03-12 16:04:08 - INFO - ✓ Saints Felicitas and Perpetua School     [1213/3187]
2026-03-12 16:04:09 - INFO - ✓ Southwestern Academy                     [1214/3187]
2026-03-12 16:04:09 - INFO - ✓ Carlthorp                                [1215/3187]
2026-03-12 16:04:10 - INFO - ✓ Crossroads School for Arts & Sciences    [1216/3187]
2026-03-12 16:04:10 - INFO - ✓ Il Giardino Montessori                   [1217/3187]
2026-03-12 16:04:10 - INFO - ✓ Garden of Angels School                  [1218/3187]
2026-03-12 16:04:10 - INFO - ✓ Life Grove, LLC.                         [1219/3187]
2026-03-12 16:04:11 - INFO - ✓ Lighthouse Christian Academy             [1220/3187]
2026-03-12 16:04:11 - INFO - ✓ Lighthouse Church School                 [1221/3187]
2026-03-12 16:04:11 - INFO - ✓ McKinna Learning Academy                 [1222/3187]
2026-03-12 16:04:12 - INFO - ✓ MUSE Global School                       [1223/3187]
2026-03-12 16:04:12 - INFO - ✓ New Roads School                         [1224/3187]
2026-03-12 16:04:13 - INFO - ✓ Our Lady of Malibu                       [1225/3187]
2026-03-12 16:04:13 - INFO - ✓ Pacifica Christian High School           [1226/3187]
2026-03-12 16:04:14 - INFO - ✓ PS1 Pluralistic School                   [1227/3187]
2026-03-12 16:04:14 - INFO - ✓ Saint Monica Catholic High School        [1228/3187]
2026-03-12 16:04:14 - INFO - ✓ Santa Monica Montessori School           [1229/3187]
2026-03-12 16:04:14 - INFO - ✓ SmartStart Academy                       [1230/3187]
2026-03-12 16:04:15 - INFO - ✓ SmartStart Developmental Learning Center [1231/3187]
2026-03-12 16:04:15 - INFO - ✓ St Monica Catholic Elementary School     [1232/3187]
2026-03-12 16:04:15 - INFO - ✓ St. Anne Elementary                      [1233/3187]
2026-03-12 16:04:15 - INFO - ✓ Sycamore Community School                [1234/3187]
2026-03-12 16:04:16 - INFO - ✓ Sycamore School                          [1235/3187]
2026-03-12 16:04:17 - INFO - ✓ The Gray Academy                         [1236/3187]
2026-03-12 16:04:17 - INFO - ✓ Alpha-Kidz International                 [1237/3187]
2026-03-12 16:04:17 - INFO - ✓ CAlkids Learning Academy                 [1238/3187]
2026-03-12 16:04:17 - INFO - ✓ Legacy Christian Academy                 [1239/3187]
2026-03-12 16:04:18 - INFO - ✓ Fusion Academy Pasadena                  [1240/3187]
2026-03-12 16:04:18 - INFO - ✓ Holy Family Catholic School              [1241/3187]
2026-03-12 16:04:18 - INFO - ✓ Institute for the Redesign of Learning,  [1242/3187]
2026-03-12 16:04:19 - INFO - ✓ Cornerstone Christian                    [1243/3187]
2026-03-12 16:04:19 - INFO - ✓ Santa Clarita Christian                  [1244/3187]
2026-03-12 16:04:19 - INFO - ✓ Ark Christian Academy                    [1245/3187]
2026-03-12 16:04:20 - INFO - ✓ St. Luke Catholic School                 [1246/3187]
2026-03-12 16:04:20 - INFO - ✓ Ambassador High School                   [1247/3187]
2026-03-12 16:04:21 - INFO - ✓ Bishop Montgomery High                   [1248/3187]
2026-03-12 16:04:21 - INFO - ✓ Branch of Hope School                    [1249/3187]
2026-03-12 16:04:21 - INFO - ✓ Bread of Life Church School              [1250/3187]
2026-03-12 16:04:22 - INFO - ✓ Center For Learning Unlimited            [1251/3187]
2026-03-12 16:04:22 - INFO - ✓ First Lutheran                           [1252/3187]
2026-03-12 16:04:22 - INFO - 💾 Saving checkpoint (120 processed)
2026-03-12 16:04:22 - INFO - ✓ Fresh Roots Forest School                [1253/3187]
2026-03-12 16:04:23 - INFO - ✓ Hickory Tree School                      [1254/3187]
2026-03-12 16:04:23 - INFO - ✓ Lighthouse Academy                       [1255/3187]
2026-03-12 16:04:24 - INFO - ✓ Mr. J's Academy                          [1256/3187]
2026-03-12 16:04:24 - INFO - ✓ Nativity Catholic Elementary             [1257/3187]
2026-03-12 16:04:24 - INFO - ✓ Playhouse School                         [1258/3187]
2026-03-12 16:04:24 - INFO - ✓ Riviera Hall Lutheran School             [1259/3187]
2026-03-12 16:04:25 - INFO - ✓ South Bay Christian School               [1260/3187]
2026-03-12 16:04:25 - INFO - ✓ South Bay High School                    [1261/3187]
2026-03-12 16:04:26 - INFO - ✓ St. Catherine Laboure Elementary         [1262/3187]
2026-03-12 16:04:26 - INFO - ✓ St. James Elementary                     [1263/3187]
2026-03-12 16:04:26 - INFO - ✓ Switzer Learning Center                  [1264/3187]
2026-03-12 16:04:26 - INFO - ✓ Epiphany Catholic                        [1265/3187]
2026-03-12 16:04:27 - INFO - ✓ ALLAIS SCHOOL                            [1266/3187]
2026-03-12 16:04:28 - INFO - ✓ Kingdom Seed Academy                     [1267/3187]
2026-03-12 16:04:28 - INFO - ✓ Institute of Knowledge                   [1268/3187]
2026-03-12 16:04:28 - INFO - ✓ Learning Tree Walnut Education Center    [1269/3187]
2026-03-12 16:04:29 - INFO - ✓ LiMai Montessori Academy                 [1270/3187]
2026-03-12 16:04:29 - INFO - 💾 Saving checkpoint (135 processed)
2026-03-12 16:04:29 - INFO - ✓ Triple-I Academy                         [1271/3187]
2026-03-12 16:04:29 - INFO - ✓ NeoVerge Dream School                    [1272/3187]
2026-03-12 16:04:29 - INFO - ✓ South Hills Academy                      [1273/3187]
2026-03-12 16:04:29 - INFO - ✓ Small Wonders Preschool & Learning Cente [1274/3187]
2026-03-12 16:04:30 - INFO - ✓ B'nai Ha Aliyah - Children of Ascent Aca [1275/3187]
2026-03-12 16:04:31 - INFO - ✓ Hadley                                   [1276/3187]
2026-03-12 16:04:31 - INFO - ✓ Freedom Christian Academy                [1277/3187]
2026-03-12 16:04:31 - INFO - ✓ St. Christopher Parish School            [1278/3187]
2026-03-12 16:04:31 - INFO - ✓ Keystone Montessori Preschool Whittier   [1279/3187]
2026-03-12 16:04:31 - INFO - 💾 Saving checkpoint (135 processed)
2026-03-12 16:04:32 - INFO - ✓ Risingstar Christian Academy             [1280/3187]
2026-03-12 16:04:32 - INFO - 💾 Saving checkpoint (120 processed)
2026-03-12 16:04:32 - INFO - ✓ Oxford Pentecostal Academy               [1281/3187]
2026-03-12 16:04:33 - INFO - ✓ St. Mary of the Assumption Elementary    [1282/3187]
2026-03-12 16:04:33 - INFO - ✓ The Broadoaks School of Whittier College [1283/3187]
2026-03-12 16:04:33 - INFO - ✓ Whittier Friends School                  [1284/3187]
2026-03-12 16:04:33 - INFO - ✓ Keystone Academy                         [1285/3187]
2026-03-12 16:04:33 - INFO - 💾 Saving checkpoint (135 processed)
2026-03-12 16:04:34 - INFO - ✓ St. Paul High School                     [1286/3187]
2026-03-12 16:04:35 - INFO - ✓ Beach Cities Montessori School           [1287/3187]
2026-03-12 16:04:35 - INFO - 💾 Saving checkpoint (135 processed)
2026-03-12 16:04:35 - INFO - ✓ Lighthouse Christian Academy             [1288/3187]
2026-03-12 16:04:35 - INFO - ✓ Chowchilla Adventist School              [1289/3187]
2026-03-12 16:04:36 - INFO - ✓ Maat K12                                 [1290/3187]
2026-03-12 16:04:36 - INFO - ✓ Imladris Living School                   [1291/3187]
2026-03-12 16:04:37 - INFO - ✓ Sunrise Academy                          [1292/3187]
2026-03-12 16:04:37 - INFO - ✓ Foothill Christian Academy               [1293/3187]
2026-03-12 16:04:38 - INFO - ✓ Crossroads Christian School              [1294/3187]
2026-03-12 16:04:38 - INFO - ✓ St. Joachim Elementary                   [1295/3187]
2026-03-12 16:04:38 - INFO - ✓ Hobbit Hollow Acres Academy              [1296/3187]
2026-03-12 16:04:39 - INFO - ✓ Chronos Academy                          [1297/3187]
2026-03-12 16:04:39 - INFO - ✓ Lycee Francais de San Francisco (Sausali [1298/3187]
2026-03-12 16:04:40 - INFO - ✓ Marin Country Day School                 [1299/3187]
2026-03-12 16:04:40 - INFO - ✓ Laih Family Home School                  [1300/3187]
2026-03-12 16:04:40 - INFO - ✓ Marin Montessori School                  [1301/3187]
2026-03-12 16:04:40 - INFO - ✓ Marin Primary and Middle School          [1302/3187]
2026-03-12 16:04:41 - INFO - ✓ OAc San Francisco                        [1303/3187]
2026-03-12 16:04:41 - INFO - ✓ St. Patrick School                       [1304/3187]
2026-03-12 16:04:42 - INFO - ✓ Marin Horizon School                     [1305/3187]
2026-03-12 16:04:42 - INFO - ✓ Mount Tamalpais School                   [1306/3187]
2026-03-12 16:04:42 - INFO - ✓ North Bridge Academy                     [1307/3187]
2026-03-12 16:04:43 - INFO - ✓ Pacific Preparatory School               [1308/3187]
2026-03-12 16:04:43 - INFO - ✓ BOOST of Cypress School                  [1309/3187]
2026-03-12 16:04:43 - INFO - ✓ GATE Academy                             [1310/3187]
2026-03-12 16:04:44 - INFO - ✓ Mark Day School                          [1311/3187]
2026-03-12 16:04:45 - INFO - ✓ Montessori de Terra Linda                [1312/3187]
2026-03-12 16:04:45 - INFO - ✓ Remnant Christian School                 [1313/3187]
2026-03-12 16:04:45 - INFO - ✓ Saint Isabella School                    [1314/3187]
2026-03-12 16:04:45 - INFO - ✓ Marin Waldorf School                     [1315/3187]
2026-03-12 16:04:45 - INFO - 💾 Saving checkpoint (135 processed)
2026-03-12 16:04:46 - INFO - ✓ Good Shepherd Lutheran School            [1316/3187]
2026-03-12 16:04:46 - INFO - ✓ Hummingbirds Collaborative School        [1317/3187]
2026-03-12 16:04:46 - INFO - ✓ Marin Christian Academy Main Campus      [1318/3187]
2026-03-12 16:04:47 - INFO - ✓ Marin Christian Academy North Campus     [1319/3187]
2026-03-12 16:04:47 - INFO - ✓ Our Lady of Loretto                      [1320/3187]
2026-03-12 16:04:47 - INFO - ✓ Saint Hilary School                      [1321/3187]
2026-03-12 16:04:48 - INFO - ✓ Irene M. Hunt School / Side by Side      [1322/3187]
2026-03-12 16:04:48 - INFO - ✓ Oak Hill School                          [1323/3187]
2026-03-12 16:04:49 - INFO - ✓ St. Anselm School                        [1324/3187]
2026-03-12 16:04:49 - INFO - ✓ Star Academy                             [1325/3187]
2026-03-12 16:04:49 - INFO - ✓ Brandeis Hillel Day School - Marin       [1326/3187]
2026-03-12 16:04:49 - INFO - ✓ Fusion Academy Marin                     [1327/3187]
2026-03-12 16:04:50 - INFO - ✓ Golden Hills Academy                     [1328/3187]
2026-03-12 16:04:50 - INFO - ✓ Saint Raphael Elementary                 [1329/3187]
2026-03-12 16:04:50 - INFO - 💾 Saving checkpoint (135 processed)
2026-03-12 16:04:51 - INFO - ✓ The Helix School                         [1330/3187]
2026-03-12 16:04:51 - INFO - ✓ Marin Academy                            [1331/3187]
2026-03-12 16:04:51 - INFO - ✓ Star Academy - Shoreline                 [1332/3187]
2026-03-12 16:04:51 - INFO - ✓ Winston Preparatory School               [1333/3187]
2026-03-12 16:04:52 - INFO - ✓ The New Village School                   [1334/3187]
2026-03-12 16:04:53 - INFO - ✓ Headlands Preparatory School             [1335/3187]
2026-03-12 16:04:53 - INFO - ✓ Marin Catholic High School               [1336/3187]
2026-03-12 16:04:53 - INFO - ✓ San Domenico School                      [1337/3187]
2026-03-12 16:04:53 - INFO - ✓ The Branson School                       [1338/3187]
2026-03-12 16:04:54 - INFO - ✓ Victory Baptist Christian School         [1339/3187]
2026-03-12 16:04:54 - INFO - ✓ Forager                                  [1340/3187]
2026-03-12 16:04:55 - INFO - ✓ Noyo Hill Private School                 [1341/3187]
2026-03-12 16:04:55 - INFO - ✓ Montessori del Mar Community School      [1342/3187]
2026-03-12 16:04:55 - INFO - ✓ San Jose Sanchez Del Rio Catholic School [1343/3187]
2026-03-12 16:04:56 - INFO - ✓ Mountain Academy                         [1344/3187]
2026-03-12 16:04:56 - INFO - ✓ Deep Valley Christian                    [1345/3187]
2026-03-12 16:04:57 - INFO - ✓ Instilling Goodness Developing Virtue Sc [1346/3187]
2026-03-12 16:04:57 - INFO - ✓ St. Mary of the Angels                   [1347/3187]
2026-03-12 16:04:57 - INFO - ✓ The Waldorf School of Mendocino County   [1348/3187]
2026-03-12 16:04:58 - INFO - ✓ Ukiah Junior Academy                     [1349/3187]
2026-03-12 16:04:58 - INFO - ✓ Grace Mennonite School                   [1350/3187]
2026-03-12 16:04:58 - INFO - 💾 Saving checkpoint (135 processed)
2026-03-12 16:04:59 - INFO - ✓ Landmark Christian                       [1351/3187]
2026-03-12 16:04:59 - INFO - ✓ St. Anthony                              [1352/3187]
2026-03-12 16:04:59 - INFO - 💾 Saving checkpoint (120 processed)
2026-03-12 16:04:59 - INFO - ✓ Our Lady of Miracles                     [1353/3187]
2026-03-12 16:05:00 - INFO - ✓ Longview Mennonite School                [1354/3187]
2026-03-12 16:05:00 - INFO - ✓ Los Banos Adventist Christian School     [1355/3187]
2026-03-12 16:05:00 - INFO - ✓ Harvest Christian School                 [1356/3187]
2026-03-12 16:05:00 - INFO - ✓ Our Lady of Fatima                       [1357/3187]
2026-03-12 16:05:01 - INFO - ✓ Our Lady of Mercy                        [1358/3187]
2026-03-12 16:05:01 - INFO - ✓ St. Paul Lutheran School                 [1359/3187]
2026-03-12 16:05:01 - INFO - ✓ Stone Ridge Christian Elementary School  [1360/3187]
2026-03-12 16:05:02 - INFO - ✓ Pacific Academy Center                   [1361/3187]
2026-03-12 16:05:02 - INFO - ✓ Gospel Defenders Christian Academy       [1362/3187]
2026-03-12 16:05:03 - INFO - ✓ Stone Ridge Christian School             [1363/3187]
2026-03-12 16:05:03 - INFO - ✓ DAD FOR LEARNING                         [1364/3187]
2026-03-12 16:05:04 - INFO - ✓ Modoc Vineyard Academy                   [1365/3187]
2026-03-12 16:05:04 - INFO - ✓ Pedro Valley                             [1366/3187]
2026-03-12 16:05:04 - INFO - ✓ Eastside Academy                         [1367/3187]
2026-03-12 16:05:05 - INFO - ✓ All Saints' Episcopal Day School         [1368/3187]
2026-03-12 16:05:05 - INFO - ✓ Stevenson School Carmel Campus           [1369/3187]
2026-03-12 16:05:05 - INFO - ✓ Hillsview Christian Academic School      [1370/3187]
2026-03-12 16:05:06 - INFO - ✓ Classical Christian Academy Monterey Bay [1371/3187]
2026-03-12 16:05:06 - INFO - ✓ Chartwell School                         [1372/3187]
2026-03-12 16:05:06 - INFO - ✓ Monterey Bay Christian School            [1373/3187]
2026-03-12 16:05:07 - INFO - ✓ Peninsula Adventist School               [1374/3187]
2026-03-12 16:05:07 - INFO - ✓ San Carlos Elementary                    [1375/3187]
2026-03-12 16:05:08 - INFO - ✓ Santa Catalina School                    [1376/3187]
2026-03-12 16:05:08 - INFO - ✓ Seaside Christian Academy                [1377/3187]
2026-03-12 16:05:08 - INFO - ✓ Sojourner Academy                        [1378/3187]
2026-03-12 16:05:09 - INFO - ✓ Stevenson School Pebble Beach            [1379/3187]
2026-03-12 16:05:09 - INFO - ✓ Trinity Christian High School            [1380/3187]
2026-03-12 16:05:09 - INFO - ✓ Prunedale Christian Academy              [1381/3187]
2026-03-12 16:05:09 - INFO - ✓ Anthem Christian School                  [1382/3187]
2026-03-12 16:05:10 - INFO - ✓ Madonna del Sasso School                 [1383/3187]
2026-03-12 16:05:10 - INFO - ✓ Sacred Heart School                      [1384/3187]
2026-03-12 16:05:11 - INFO - ✓ Notre Dame High School                   [1385/3187]
2026-03-12 16:05:11 - INFO - ✓ Palma High School                        [1386/3187]
2026-03-12 16:05:11 - INFO - ✓ The York School                          [1387/3187]
2026-03-12 16:05:12 - INFO - ✓ Hills View Christian School              [1388/3187]
2026-03-12 16:05:12 - INFO - ✓ Pacific Union College Elementary School  [1389/3187]
2026-03-12 16:05:12 - INFO - ✓ Blue Oak School                          [1390/3187]
2026-03-12 16:05:13 - INFO - ✓ Calvary Baptist Christian Academy        [1391/3187]
2026-03-12 16:05:13 - INFO - ✓ Hopewell Baptist Christian Academy       [1392/3187]
2026-03-12 16:05:13 - INFO - ✓ Justin-Siena                             [1393/3187]
2026-03-12 16:05:13 - INFO - ✓ Kolbe Academy                            [1394/3187]
2026-03-12 16:05:14 - INFO - ✓ Kolbe Academy and Trinity Prep           [1395/3187]
2026-03-12 16:05:14 - INFO - ✓ La Sagrada Familia Catholic Internationa [1396/3187]
2026-03-12 16:05:15 - INFO - ✓ Napa Christian Campus of Education       [1397/3187]
2026-03-12 16:05:15 - INFO - ✓ St. Apollinaris Elementary School        [1398/3187]
2026-03-12 16:05:16 - INFO - ✓ St. John's Lutheran Elementary           [1399/3187]
2026-03-12 16:05:16 - INFO - 💾 Saving checkpoint (135 processed)
2026-03-12 16:05:16 - INFO - ✓ Sunrise Montessori of Napa Valley        [1400/3187]
2026-03-12 16:05:16 - INFO - ✓ Veritas Christian Academy                [1401/3187]
2026-03-12 16:05:17 - INFO - ✓ Foothills Adventist Elementary School    [1402/3187]
2026-03-12 16:05:17 - INFO - ✓ Pacific Union College Preparatory School [1403/3187]
2026-03-12 16:05:17 - INFO - ✓ St. Helena Montessori School             [1404/3187]
2026-03-12 16:05:17 - INFO - ✓ Wolf Mountain Christian School           [1405/3187]
2026-03-12 16:05:18 - INFO - ✓ Mount St. Mary Academy                   [1406/3187]
2026-03-12 16:05:18 - INFO - ✓ Echo Ridge Christian School              [1407/3187]
2026-03-12 16:05:19 - INFO - ✓ Christian Encounter High School          [1408/3187]
2026-03-12 16:05:19 - INFO - ✓ Mountain Valley School                   [1409/3187]
2026-03-12 16:05:20 - INFO - ✓ Forest Lake Christian School             [1410/3187]
2026-03-12 16:05:20 - INFO - ✓ Ananda Living Wisdom School              [1411/3187]
2026-03-12 16:05:21 - INFO - ✓ Fairmont Schools, Historic Anaheim Campu [1412/3187]
2026-03-12 16:05:22 - INFO - ✓ Creative learning Academy                [1413/3187]
2026-03-12 16:05:22 - INFO - ✓ digiTIES                                 [1414/3187]
2026-03-12 16:05:22 - INFO - ✓ Montessori Education Center              [1415/3187]
2026-03-12 16:05:22 - INFO - ✓ Montessori Learning Center               [1416/3187]
2026-03-12 16:05:23 - INFO - ✓ Prince of Peace Lutheran                 [1417/3187]
2026-03-12 16:05:23 - INFO - ✓ Sapolu Destined Academy                  [1418/3187]
2026-03-12 16:05:23 - INFO - 💾 Saving checkpoint (150 processed)
2026-03-12 16:05:23 - INFO - ✓ St. Justin Martyr                        [1419/3187]
2026-03-12 16:05:24 - INFO - ✓ The Montessori Academy of Anaheim        [1420/3187]
2026-03-12 16:05:24 - INFO - ✓ The Islamic Education School             [1421/3187]
2026-03-12 16:05:25 - INFO - ✓ Zion Lutheran Elementary                 [1422/3187]
2026-03-12 16:05:25 - INFO - ✓ Acaciawood Preparatory Academy           [1423/3187]
2026-03-12 16:05:26 - INFO - ✓ Anaheim Discovery Christian SChool       [1424/3187]
2026-03-12 16:05:26 - INFO - ✓ Fairmont International School            [1425/3187]
2026-03-12 16:05:26 - INFO - ✓ Fairmont Preparatory Academy             [1426/3187]
2026-03-12 16:05:26 - INFO - 💾 Saving checkpoint (135 processed)
2026-03-12 16:05:27 - INFO - ✓ Servite High School                      [1427/3187]
2026-03-12 16:05:27 - INFO - 💾 Saving checkpoint (150 processed)
2026-03-12 16:05:27 - INFO - ✓ The Upward Bound School Inc. Doing Busin [1428/3187]
2026-03-12 16:05:27 - INFO - ✓ St. Catherine's Academy                  [1429/3187]
2026-03-12 16:05:28 - INFO - ✓ Wisdom Mission School                    [1430/3187]
2026-03-12 16:05:28 - INFO - ✓ Christ Lutheran                          [1431/3187]
2026-03-12 16:05:28 - INFO - ✓ Grace Christian Academy                  [1432/3187]
2026-03-12 16:05:28 - INFO - ✓ MONTESSORI OF BREA INC.                  [1433/3187]
2026-03-12 16:05:28 - INFO - 💾 Saving checkpoint (150 processed)
2026-03-12 16:05:29 - INFO - ✓ Heights Christian Schools, Brea          [1434/3187]
2026-03-12 16:05:30 - INFO - ✓ Veritas Classical Academy                [1435/3187]
2026-03-12 16:05:30 - INFO - ✓ St. Angela Merici Elementary             [1436/3187]
2026-03-12 16:05:30 - INFO - ✓ Beacon Day School                        [1437/3187]
2026-03-12 16:05:31 - INFO - ✓ LiMai Montessori Academy                 [1438/3187]
2026-03-12 16:05:31 - INFO - ✓ St. Pius V Catholic School               [1439/3187]
2026-03-12 16:05:31 - INFO - ✓ Academy on the Hills                     [1440/3187]
2026-03-12 16:05:32 - INFO - ✓ Aliso Viejo Christian                    [1441/3187]
2026-03-12 16:05:32 - INFO - ✓ Armenta Learning Academy                 [1442/3187]
2026-03-12 16:05:32 - INFO - ✓ Capistrano Valley Christian Schools      [1443/3187]
2026-03-12 16:05:33 - INFO - ✓ Community Christian Schools dba RSM Chri [1444/3187]
2026-03-12 16:05:33 - INFO - ✓ Fairmont Schools Inc. - San Juan Capistr [1445/3187]
2026-03-12 16:05:33 - INFO - ✓ Foundations Cognitive Schools            [1446/3187]
2026-03-12 16:05:34 - INFO - ✓ Fusion Academy - Aliso Viejo             [1447/3187]
2026-03-12 16:05:34 - INFO - ✓ Fusion Academy - Anaheim Hills           [1448/3187]
2026-03-12 16:05:35 - INFO - ✓ Gray Academy Orange County               [1449/3187]
2026-03-12 16:05:35 - INFO - ✓ JSerra Catholic High School              [1450/3187]
2026-03-12 16:05:35 - INFO - 💾 Saving checkpoint (150 processed)
2026-03-12 16:05:35 - INFO - ✓ KIE Montessori                           [1451/3187]
2026-03-12 16:05:36 - INFO - ✓ Laguna Niguel Jr. Academy                [1452/3187]
2026-03-12 16:05:36 - INFO - ✓ Laguna Niguel Montessori Center          [1453/3187]
2026-03-12 16:05:36 - INFO - ✓ LiMai Montessori Academy RSM             [1454/3187]
2026-03-12 16:05:37 - INFO - ✓ Marguerite Christian School              [1455/3187]
2026-03-12 16:05:37 - INFO - ✓ Mission Basilica School                  [1456/3187]
2026-03-12 16:05:37 - INFO - ✓ Mission Lutheran School                  [1457/3187]
2026-03-12 16:05:38 - INFO - ✓ Monarch Bay Montessori Academy           [1458/3187]
2026-03-12 16:05:38 - INFO - ✓ Montessori of Ladera Ranch               [1459/3187]
2026-03-12 16:05:39 - INFO - ✓ Rancho Viejo School                      [1460/3187]
2026-03-12 16:05:39 - INFO - ✓ San Clemente Christian School            [1461/3187]
2026-03-12 16:05:40 - INFO - ✓ St. Anne School                          [1462/3187]
2026-03-12 16:05:40 - INFO - ✓ St. Edward the Confessor Parish School   [1463/3187]
2026-03-12 16:05:40 - INFO - ✓ St. Junipero Serra Catholic School       [1464/3187]
2026-03-12 16:05:41 - INFO - ✓ St. Margaret's Episcopal School          [1465/3187]
2026-03-12 16:05:41 - INFO - ✓ ST. MARY'S SCHOOL                        [1466/3187]
2026-03-12 16:05:41 - INFO - 💾 Saving checkpoint (150 processed)
2026-03-12 16:05:41 - INFO - ✓ Stoneybrooke Christian School            [1467/3187]
2026-03-12 16:05:42 - INFO - ✓ Stratford School Laguna Niguel           [1468/3187]
2026-03-12 16:05:42 - INFO - ✓ Sunflower Montessori                     [1469/3187]
2026-03-12 16:05:43 - INFO - ✓ Talega Preparatory Academy               [1470/3187]
2026-03-12 16:05:43 - INFO - ✓ The Discovery Preparatory School         [1471/3187]
2026-03-12 16:05:44 - INFO - ✓ The Johnson Academy                      [1472/3187]
2026-03-12 16:05:44 - INFO - ✓ St. Michael's Christian Academy          [1473/3187]
2026-03-12 16:05:44 - INFO - ✓ THE Togethership                         [1474/3187]
2026-03-12 16:05:45 - INFO - ✓ West River Academy                       [1475/3187]
2026-03-12 16:05:45 - INFO - ✓ Bethel Baptist Academy                   [1476/3187]
2026-03-12 16:05:45 - INFO - ✓ Stratford School                         [1477/3187]
2026-03-12 16:05:45 - INFO - ✓ Cypress Montessori Academy               [1478/3187]
2026-03-12 16:05:46 - INFO - ✓ Linden Oaks                              [1479/3187]
2026-03-12 16:05:46 - INFO - ✓ DEL SOL SCHOOL, INC                      [1480/3187]
2026-03-12 16:05:46 - INFO - 💾 Saving checkpoint (150 processed)
2026-03-12 16:05:47 - INFO - ✓ Grace Christian School of Cypress        [1481/3187]
2026-03-12 16:05:47 - INFO - ✓ Hebron Mission School                    [1482/3187]
2026-03-12 16:05:47 - INFO - ✓ SCG Christian                            [1483/3187]
2026-03-12 16:05:48 - INFO - ✓ St. Irenaeus Catholic Elementary         [1484/3187]
2026-03-12 16:05:48 - INFO - ✓ Elm Tree Academy                         [1485/3187]
2026-03-12 16:05:48 - INFO - ✓ Davidson Learning Center                 [1486/3187]
2026-03-12 16:05:49 - INFO - ✓ Fountain Valley Montessori Center        [1487/3187]
2026-03-12 16:05:49 - INFO - ✓ The Pegasus School                       [1488/3187]
2026-03-12 16:05:50 - INFO - ✓ Arborland Montessori-Hughes Campus       [1489/3187]
2026-03-12 16:05:50 - INFO - ✓ Eastside Christian School                [1490/3187]
2026-03-12 16:05:51 - INFO - ✓ IvyCrest Montessori Private School       [1491/3187]
2026-03-12 16:05:52 - INFO - ✓ Kids Adventure Learning Center           [1492/3187]
2026-03-12 16:05:52 - INFO - ✓ Arborland Montessori                     [1493/3187]
2026-03-12 16:05:53 - INFO - ✓ St. Juliana Falconieri                   [1494/3187]
2026-03-12 16:05:53 - INFO - ✓ Stepping Stones Academy                  [1495/3187]
2026-03-12 16:05:53 - INFO - ✓ Honors Academy                           [1496/3187]
2026-03-12 16:05:53 - INFO - ✓ Rosary Academy                           [1497/3187]
2026-03-12 16:05:53 - INFO - 💾 Saving checkpoint (150 processed)
2026-03-12 16:05:54 - INFO - ✓ Rossier Park School                      [1498/3187]
2026-03-12 16:05:54 - INFO - ✓ Gram Interactive School                  [1499/3187]
2026-03-12 16:05:55 - INFO - ✓ Whittier Christian High                  [1500/3187]
2026-03-12 16:05:55 - INFO - ✓ American Elite Education                 [1501/3187]
2026-03-12 16:05:56 - INFO - ✓ Ari Guiragos Minassian Armenian School   [1502/3187]
2026-03-12 16:05:56 - INFO - ✓ Bethel Baptist School                    [1503/3187]
2026-03-12 16:05:56 - INFO - ✓ Chapman Montessori School                [1504/3187]
2026-03-12 16:05:57 - INFO - ✓ Covenant Christian Academy               [1505/3187]
2026-03-12 16:05:57 - INFO - ✓ King of Kings Christian Academy          [1506/3187]
2026-03-12 16:05:58 - INFO - ✓ Montessori Greenhouse Schools, LLC       [1507/3187]
2026-03-12 16:05:58 - INFO - ✓ Olive Crest Academy - North              [1508/3187]
2026-03-12 16:05:58 - INFO - ✓ Orange Crescent                          [1509/3187]
2026-03-12 16:05:58 - INFO - 💾 Saving checkpoint (135 processed)
2026-03-12 16:05:58 - INFO - ✓ Orange School                            [1510/3187]
2026-03-12 16:05:59 - INFO - ✓ Pacific Coast Satellite Academy          [1511/3187]
2026-03-12 16:05:59 - INFO - ✓ Padre Pio Academy                        [1512/3187]
2026-03-12 16:05:59 - INFO - ✓ Santa Clara Nursery School               [1513/3187]
2026-03-12 16:06:00 - INFO - ✓ St. Barbara Elementary                   [1514/3187]
2026-03-12 16:06:01 - INFO - ✓ St. Columban                             [1515/3187]
2026-03-12 16:06:01 - INFO - ✓ Village Bible Academy                    [1516/3187]
2026-03-12 16:06:02 - INFO - ✓ Orangewood Academy                       [1517/3187]
2026-03-12 16:06:03 - INFO - ✓ St. Simon and St. Jude Elementary        [1518/3187]
2026-03-12 16:06:04 - INFO - ✓ Holy Family Institute                    [1519/3187]
2026-03-12 16:06:04 - INFO - ✓ Patti's Preschool, Inc.                  [1520/3187]
2026-03-12 16:06:04 - INFO - ✓ Huntington Christian                     [1521/3187]
2026-03-12 16:06:04 - INFO - ✓ Fusion Academy Huntington Beach          [1522/3187]
2026-03-12 16:06:05 - INFO - ✓ Hope Christian Academy                   [1523/3187]
2026-03-12 16:06:05 - INFO - ✓ My First Montessori                      [1524/3187]
2026-03-12 16:06:05 - INFO - ✓ Prinberk High School                     [1525/3187]
2026-03-12 16:06:05 - INFO - ✓ AStudent Academy                         [1526/3187]
2026-03-12 16:06:06 - INFO - ✓ Bethel Classical Academy                 [1527/3187]
2026-03-12 16:06:06 - INFO - ✓ C4L Academy                              [1528/3187]
2026-03-12 16:06:07 - INFO - ✓ Crean Lutheran High School               [1529/3187]
2026-03-12 16:06:08 - INFO - ✓ Concord Preparatory School               [1530/3187]
2026-03-12 16:06:08 - INFO - ✓ Guide Academy/American School Academy    [1531/3187]
2026-03-12 16:06:08 - INFO - ✓ Franklin Academy                         [1532/3187]
2026-03-12 16:06:08 - INFO - ✓ Immersion Academy                        [1533/3187]
2026-03-12 16:06:10 - INFO - ✓ Jenny Hart Early Education Center        [1534/3187]
2026-03-12 16:06:10 - INFO - ✓ In STEPPS Academy                        [1535/3187]
2026-03-12 16:06:10 - INFO - ✓ Knowledge-First Empowerment Academy      [1536/3187]
2026-03-12 16:06:10 - INFO - ✓ Korean American Center                   [1537/3187]
2026-03-12 16:06:10 - INFO - ✓ Legacy International Online High School  [1538/3187]
2026-03-12 16:06:10 - INFO - ✓ LePort Montessori Irvine Spectrum        [1539/3187]
2026-03-12 16:06:11 - INFO - ✓ Mardan School of Educational Therapy     [1540/3187]
2026-03-12 16:06:11 - INFO - ✓ Milestones Montessori Of Irvine          [1541/3187]
2026-03-12 16:06:12 - INFO - ✓ Mary lou Academy                         [1542/3187]
2026-03-12 16:06:12 - INFO - 💾 Saving checkpoint (150 processed)
2026-03-12 16:06:12 - INFO - ✓ New Horizon School Irvine                [1543/3187]
2026-03-12 16:06:13 - INFO - ✓ Northwood Montessori School of Irvine    [1544/3187]
2026-03-12 16:06:13 - INFO - ✓ Oakridge School                          [1545/3187]
2026-03-12 16:06:14 - INFO - ✓ Pacific Academy                          [1546/3187]
2026-03-12 16:06:14 - INFO - ✓ New Horizon School Irvine Upper Campus   [1547/3187]
2026-03-12 16:06:14 - INFO - ✓ Pacific International Academy            [1548/3187]
2026-03-12 16:06:14 - INFO - ✓ Ronald Reagan Secondary School           [1549/3187]
2026-03-12 16:06:14 - INFO - ✓ Saddleback Christian Academy             [1550/3187]
2026-03-12 16:06:15 - INFO - ✓ Southern California Preperatory  School  [1551/3187]
2026-03-12 16:06:15 - INFO - ✓ The Conrad Academy                       [1552/3187]
2026-03-12 16:06:15 - INFO - ✓ The Craig School                         [1553/3187]
2026-03-12 16:06:16 - INFO - ✓ Triple-I Academy                         [1554/3187]
2026-03-12 16:06:16 - INFO - ✓ Tumble 'N Grow                           [1555/3187]
2026-03-12 16:06:17 - INFO - ✓ Turtle Rock Preschool, Kindergarten & Ac [1556/3187]
2026-03-12 16:06:17 - INFO - ✓ TVT Community Day School                 [1557/3187]
2026-03-12 16:06:18 - INFO - ✓ Village Montessori School of Irvine      [1558/3187]
2026-03-12 16:06:18 - INFO - ✓ Woodbridge Children's School             [1559/3187]
2026-03-12 16:06:18 - INFO - ✓ Wolf valley of the arts                  [1560/3187]
2026-03-12 16:06:18 - INFO - ✓ Westpark Montessori School of Irvine     [1561/3187]
2026-03-12 16:06:19 - INFO - ✓ Cleta Harder Developmental School        [1562/3187]
2026-03-12 16:06:20 - INFO - ✓ Committed Christian School               [1563/3187]
2026-03-12 16:06:20 - INFO - ✓ L'Heritage Francais                      [1564/3187]
2026-03-12 16:06:21 - INFO - ✓ New Life Academy                         [1565/3187]
2026-03-12 16:06:21 - INFO - ✓ University of California FCE             [1566/3187]
2026-03-12 16:06:21 - INFO - ✓ University Montessori School of Irvine   [1567/3187]
2026-03-12 16:06:21 - INFO - ✓ American Institute of the Gifted and Tal [1568/3187]
2026-03-12 16:06:22 - INFO - ✓ Anneliese Schools                        [1569/3187]
2026-03-12 16:06:22 - INFO - ✓ Anneliese Schools                        [1570/3187]
2026-03-12 16:06:23 - INFO - ✓ BLACKWELL LLC                            [1571/3187]
2026-03-12 16:06:23 - INFO - ✓ B-GREATNESS,LLC                          [1572/3187]
2026-03-12 16:06:23 - INFO - ✓ MENTAL UNIVERSE LLC                      [1573/3187]
2026-03-12 16:06:23 - INFO - ✓ Atlas Crest Academy                      [1574/3187]
2026-03-12 16:06:25 - INFO - ✓ Homeschool Learning Services             [1575/3187]
2026-03-12 16:06:25 - INFO - 💾 Saving checkpoint (165 processed)
2026-03-12 16:06:25 - INFO - ✓ St. Hedwig Elementary                    [1576/3187]
2026-03-12 16:06:25 - INFO - 💾 Saving checkpoint (150 processed)
2026-03-12 16:06:25 - INFO - ✓ PRIMANTI MONTESSORI ACADEMY              [1577/3187]
2026-03-12 16:06:25 - INFO - ✓ Anaheim Magnolia Christian School        [1578/3187]
2026-03-12 16:06:26 - INFO - ✓ Montessori House of Children             [1579/3187]
2026-03-12 16:06:26 - INFO - ✓ CORE Academy                             [1580/3187]
2026-03-12 16:06:26 - INFO - ✓ Brood of Bees                            [1581/3187]
2026-03-12 16:06:26 - INFO - 💾 Saving checkpoint (165 processed)
2026-03-12 16:06:26 - INFO - ✓ 2e4Me Academy                            [1582/3187]
2026-03-12 16:06:27 - INFO - ✓ Carden Hall, Inc                         [1583/3187]
2026-03-12 16:06:27 - INFO - ✓ Christ Lutheran Elementary               [1584/3187]
2026-03-12 16:06:27 - INFO - 💾 Saving checkpoint (165 processed)
2026-03-12 16:06:28 - INFO - ✓ Harbor Day School                        [1585/3187]
2026-03-12 16:06:28 - INFO - ✓ Heritage Montessori School               [1586/3187]
2026-03-12 16:06:29 - INFO - ✓ ISEA - International                     [1587/3187]
2026-03-12 16:06:29 - INFO - ✓ International Christian Montessori Acade [1588/3187]
2026-03-12 16:06:29 - INFO - ✓ Newport Christian School                 [1589/3187]
2026-03-12 16:06:30 - INFO - ✓ Pacific Academy                          [1590/3187]
2026-03-12 16:06:30 - INFO - ✓ Our Lady Queen of Angels School          [1591/3187]
2026-03-12 16:06:30 - INFO - ✓ Montessori Harbor Mesa Elementary        [1592/3187]
2026-03-12 16:06:30 - INFO - ✓ Pacifica Christian High School-Orange Co [1593/3187]
2026-03-12 16:06:31 - INFO - ✓ Page Academy-Costa Mesa                  [1594/3187]
2026-03-12 16:06:32 - INFO - ✓ Renascence School International          [1595/3187]
2026-03-12 16:06:32 - INFO - ✓ Sage Hill School                         [1596/3187]
2026-03-12 16:06:33 - INFO - ✓ St. Joachim                              [1597/3187]
2026-03-12 16:06:33 - INFO - ✓ St. John the Baptist Elementary          [1598/3187]
2026-03-12 16:06:33 - INFO - ✓ Villages Preparatory                     [1599/3187]
2026-03-12 16:06:33 - INFO - ✓ Waldorf School of Orange County          [1600/3187]
2026-03-12 16:06:34 - INFO - ✓ Woodbridge Academy                       [1601/3187]
2026-03-12 16:06:34 - INFO - ✓ Carden Conservatory                      [1602/3187]
2026-03-12 16:06:34 - INFO - ✓ Grace Lutheran School, Huntington Beach  [1603/3187]
2026-03-12 16:06:35 - INFO - ✓ LePort Schools - Huntington Harbor       [1604/3187]
2026-03-12 16:06:35 - INFO - ✓ Liberty Christian School                 [1605/3187]
2026-03-12 16:06:35 - INFO - ✓ Montessori Child Development Center      [1606/3187]
2026-03-12 16:06:36 - INFO - ✓ Saint Bonaventure School                 [1607/3187]
2026-03-12 16:06:36 - INFO - ✓ Prinberk Academy                         [1608/3187]
2026-03-12 16:06:36 - INFO - 💾 Saving checkpoint (165 processed)
2026-03-12 16:06:36 - INFO - ✓ Adelphia Classical Christian Academy     [1609/3187]
2026-03-12 16:06:37 - INFO - ✓ AmeriMont Academy                        [1610/3187]
2026-03-12 16:06:37 - INFO - ✓ Anaheim Hills Monterssori                [1611/3187]
2026-03-12 16:06:37 - INFO - 💾 Saving checkpoint (165 processed)
2026-03-12 16:06:38 - INFO - ✓ Christ Cathedral Academy                 [1612/3187]
2026-03-12 16:06:38 - INFO - ✓ Bloomington Pre-University Education     [1613/3187]
2026-03-12 16:06:38 - INFO - ✓ Covenant Christian School                [1614/3187]
2026-03-12 16:06:39 - INFO - ✓ ECE 4 Autism                             [1615/3187]
2026-03-12 16:06:39 - INFO - ✓ ECE 4 Autism, Chapman                    [1616/3187]
2026-03-12 16:06:39 - INFO - ✓ Elevate Learning Center                  [1617/3187]
2026-03-12 16:06:40 - INFO - ✓ Evergreen Christian School               [1618/3187]
2026-03-12 16:06:40 - INFO - ✓ Hephatha Lutheran School                 [1619/3187]
2026-03-12 16:06:40 - INFO - ✓ Holy Family Elementary                   [1620/3187]
2026-03-12 16:06:41 - INFO - ✓ La Purisima Catholic School              [1621/3187]
2026-03-12 16:06:41 - INFO - ✓ Lutheran High School of Orange County    [1622/3187]
2026-03-12 16:06:42 - INFO - ✓ Nobis Montessori                         [1623/3187]
2026-03-12 16:06:42 - INFO - 💾 Saving checkpoint (165 processed)
2026-03-12 16:06:42 - INFO - ✓ International School of Orange County    [1624/3187]
2026-03-12 16:06:42 - INFO - ✓ Heritage Montessori School               [1625/3187]
2026-03-12 16:06:43 - INFO - ✓ Rossier Elementary/Middle Spectrum Schoo [1626/3187]
2026-03-12 16:06:43 - INFO - ✓ Oakridge Private                         [1627/3187]
2026-03-12 16:06:43 - INFO - ✓ Salem Lutheran                           [1628/3187]
2026-03-12 16:06:44 - INFO - ✓ Selassie Homeschool                      [1629/3187]
2026-03-12 16:06:44 - INFO - ✓ Spirit Academy                           [1630/3187]
2026-03-12 16:06:45 - INFO - ✓ St. John's Lutheran School               [1631/3187]
2026-03-12 16:06:45 - INFO - ✓ St. Norbert Catholic School              [1632/3187]
2026-03-12 16:06:45 - INFO - ✓ St. Paul's Lutheran                      [1633/3187]
2026-03-12 16:06:46 - INFO - ✓ The Open School                          [1634/3187]
2026-03-12 16:06:46 - INFO - ✓ The Thomas Academy                       [1635/3187]
2026-03-12 16:06:47 - INFO - ✓ University High School of Business and L [1636/3187]
2026-03-12 16:06:47 - INFO - ✓ Agape Classical Christian Academy        [1637/3187]
2026-03-12 16:06:47 - INFO - ✓ AmeriMont Academy                        [1638/3187]
2026-03-12 16:06:48 - INFO - ✓ Calvary Chapel of Yorba Linda            [1639/3187]
2026-03-12 16:06:49 - INFO - ✓ Discovery Depot Child Care Center        [1640/3187]
2026-03-12 16:06:49 - INFO - ✓ E3/GraceOC Academy                       [1641/3187]
2026-03-12 16:06:49 - INFO - 💾 Saving checkpoint (165 processed)
2026-03-12 16:06:49 - INFO - ✓ Fairmont Private Schools, Anaheim Hills  [1642/3187]
2026-03-12 16:06:49 - INFO - ✓ Friends Christian School                 [1643/3187]
2026-03-12 16:06:50 - INFO - ✓ Heritage Oak Private Education           [1644/3187]
2026-03-12 16:06:50 - INFO - ✓ HOPE Christian PSP                       [1645/3187]
2026-03-12 16:06:50 - INFO - ✓ Independence Christian School            [1646/3187]
2026-03-12 16:06:51 - INFO - ✓ Integrity Christian School               [1647/3187]
2026-03-12 16:06:51 - INFO - ✓ Minaret Academy                          [1648/3187]
2026-03-12 16:06:52 - INFO - ✓ Royal Homeschool Academy                 [1649/3187]
2026-03-12 16:06:52 - INFO - ✓ St. Francis of Assisi                    [1650/3187]
2026-03-12 16:06:52 - INFO - ✓ St. Joseph Elementary                    [1651/3187]
2026-03-12 16:06:53 - INFO - ✓ Star Homeschool Academy                  [1652/3187]
2026-03-12 16:06:53 - INFO - ✓ Veritas Lux Academy                      [1653/3187]
2026-03-12 16:06:53 - INFO - ✓ Abiding Savior Lutheran School           [1654/3187]
2026-03-12 16:06:54 - INFO - ✓ CROWN Virtual Christian Academy          [1655/3187]
2026-03-12 16:06:54 - INFO - ✓ Foundation on the Rock                   [1656/3187]
2026-03-12 16:06:54 - INFO - ✓ Fulbright Montessori Academy             [1657/3187]
2026-03-12 16:06:54 - INFO - ✓ Fusion Academy Mission Viejo             [1658/3187]
2026-03-12 16:06:54 - INFO - 💾 Saving checkpoint (150 processed)
2026-03-12 16:06:55 - INFO - ✓ Grace Christian Schools                  [1659/3187]
2026-03-12 16:06:56 - INFO - ✓ Heritage Christian School                [1660/3187]
2026-03-12 16:06:56 - INFO - ✓ Heritage Christian School - JH/HS        [1661/3187]
2026-03-12 16:06:56 - INFO - ✓ Heritage Montessori School               [1662/3187]
2026-03-12 16:06:57 - INFO - ✓ Lake Forest Montessori School            [1663/3187]
2026-03-12 16:06:57 - INFO - ✓ Mission Viejo Christian School           [1664/3187]
2026-03-12 16:06:57 - INFO - ✓ Montessori on the Lake                   [1665/3187]
2026-03-12 16:06:57 - INFO - ✓ New Vista School                         [1666/3187]
2026-03-12 16:06:58 - INFO - ✓ Ocean View Nonpublic School              [1667/3187]
2026-03-12 16:06:58 - INFO - ✓ Pathway School, Inc.                     [1668/3187]
2026-03-12 16:06:58 - INFO - ✓ Pillars Academy                          [1669/3187]
2026-03-12 16:06:59 - INFO - ✓ Rahma Academy                            [1670/3187]
2026-03-12 16:06:59 - INFO - ✓ Robert H. Lange Preschool                [1671/3187]
2026-03-12 16:07:00 - INFO - ✓ Santa Margarita Catholic High School     [1672/3187]
2026-03-12 16:07:00 - INFO - ✓ St. John's Episcopal                     [1673/3187]
2026-03-12 16:07:01 - INFO - ✓ Stratford School                         [1674/3187]
2026-03-12 16:07:01 - INFO - ✓ The Geneva School                        [1675/3187]
2026-03-12 16:07:01 - INFO - ✓ Sonrisa School                           [1676/3187]
2026-03-12 16:07:01 - INFO - ✓ VanDamme Academy                         [1677/3187]
2026-03-12 16:07:02 - INFO - ✓ Calvary Chapel Private School Program    [1678/3187]
2026-03-12 16:07:02 - INFO - ✓ Calvary Chapel Schools                   [1679/3187]
2026-03-12 16:07:02 - INFO - ✓ Cristo Rey Orange County High School     [1680/3187]
2026-03-12 16:07:03 - INFO - ✓ Frontiers Academy                        [1681/3187]
2026-03-12 16:07:03 - INFO - ✓ Fusion Academy - Newport Beach           [1682/3187]
2026-03-12 16:07:04 - INFO - ✓ Mariners Christian                       [1683/3187]
2026-03-12 16:07:04 - INFO - ✓ Mater Dei High School                    [1684/3187]
2026-03-12 16:07:05 - INFO - ✓ Saint Annes Parish School                [1685/3187]
2026-03-12 16:07:05 - INFO - 💾 Saving checkpoint (165 processed)
2026-03-12 16:07:05 - INFO - ✓ Montessori International Academy         [1686/3187]
2026-03-12 16:07:05 - INFO - ✓ Francis Academy                          [1687/3187]
2026-03-12 16:07:05 - INFO - ✓ STORYBOOK PRESCHOOL & KINDERGARTEN       [1688/3187]
2026-03-12 16:07:06 - INFO - ✓ Sunflower Preschool & Kindergarten       [1689/3187]
2026-03-12 16:07:06 - INFO - ✓ Orange County Christian School           [1690/3187]
2026-03-12 16:07:06 - INFO - ✓ Beyond Today Sports Academy              [1691/3187]
2026-03-12 16:07:07 - INFO - ✓ Calvary Christian School                 [1692/3187]
2026-03-12 16:07:07 - INFO - ✓ Fairmont Private Schools                 [1693/3187]
2026-03-12 16:07:08 - INFO - ✓ Joseph of Cupertino Classical Academy    [1694/3187]
2026-03-12 16:07:08 - INFO - ✓ Newport Avenue Preschool and Kindergarte [1695/3187]
2026-03-12 16:07:08 - INFO - ✓ Port View Preparatory - TUSTIN           [1696/3187]
2026-03-12 16:07:09 - INFO - ✓ Red Hill Lutheran                        [1697/3187]
2026-03-12 16:07:10 - INFO - ✓ St. Cecilia Elementary                   [1698/3187]
2026-03-12 16:07:10 - INFO - ✓ The Camino School                        [1699/3187]
2026-03-12 16:07:10 - INFO - ✓ Saint Jeanne de Lestonnac School         [1700/3187]
2026-03-12 16:07:10 - INFO - ✓ The Prentice School                      [1701/3187]
2026-03-12 16:07:10 - INFO - ✓ Bethany Christian Academy                [1702/3187]
2026-03-12 16:07:11 - INFO - ✓ Blessed Sacrament School                 [1703/3187]
2026-03-12 16:07:11 - INFO - ✓ Little Light                             [1704/3187]
2026-03-12 16:07:12 - INFO - ✓ oc Montessori academy                    [1705/3187]
2026-03-12 16:07:12 - INFO - ✓ Westminster School Academy               [1706/3187]
2026-03-12 16:07:13 - INFO - ✓ Alpine Academy - Lakeview Campus         [1707/3187]
2026-03-12 16:07:13 - INFO - ✓ Alpine Academy                           [1708/3187]
2026-03-12 16:07:13 - INFO - ✓ Benchmark                                [1709/3187]
2026-03-12 16:07:13 - INFO - ✓ Autism Treatment Center                  [1710/3187]
2026-03-12 16:07:14 - INFO - ✓ Canyon State Academy                     [1711/3187]
2026-03-12 16:07:14 - INFO - ✓ Cardinal Cushing Centers                 [1712/3187]
2026-03-12 16:07:15 - INFO - ✓ Chaddock                                 [1713/3187]
2026-03-12 16:07:15 - INFO - ✓ Change Academy at the Lake of Ozarks (CA [1714/3187]
2026-03-12 16:07:15 - INFO - ✓ Hebrew Academy                           [1715/3187]
2026-03-12 16:07:15 - INFO - ✓ Chrysalis                                [1716/3187]
2026-03-12 16:07:16 - INFO - ✓ Cinnamon Hills Youth Crisis Center       [1717/3187]
2026-03-12 16:07:17 - INFO - ✓ Copper Hills Youth Center                [1718/3187]
2026-03-12 16:07:17 - INFO - ✓ Crimson Heights - St. George             [1719/3187]
2026-03-12 16:07:17 - INFO - ✓ Crimson Heights                          [1720/3187]
2026-03-12 16:07:17 - INFO - 💾 Saving checkpoint (165 processed)
2026-03-12 16:07:17 - INFO - ✓ Devereux Florida Viera Campus            [1721/3187]
2026-03-12 16:07:17 - INFO - 💾 Saving checkpoint (180 processed)
2026-03-12 16:07:17 - INFO - ✓ Devereux Georgia - Ackerman Academy      [1722/3187]
2026-03-12 16:07:18 - INFO - ✓ Discovery Ranch                          [1723/3187]
2026-03-12 16:07:18 - INFO - ✓ Discovery Ranch for Girls                [1724/3187]
2026-03-12 16:07:19 - INFO - ✓ Elevations Academy                       [1725/3187]
2026-03-12 16:07:19 - INFO - ✓ Falcon Ridge Ranch                       [1726/3187]
2026-03-12 16:07:19 - INFO - ✓ Gateway Academy                          [1727/3187]
2026-03-12 16:07:20 - INFO - ✓ Genesee Lake School                      [1728/3187]
2026-03-12 16:07:20 - INFO - 💾 Saving checkpoint (180 processed)
2026-03-12 16:07:20 - INFO - ✓ Havenwood Academy                        [1729/3187]
2026-03-12 16:07:21 - INFO - ✓ Heritage Schools, Inc.                   [1730/3187]
2026-03-12 16:07:21 - INFO - ✓ Heartspring                              [1731/3187]
2026-03-12 16:07:21 - INFO - ✓ Heritage Schools, Inc. - Homestead       [1732/3187]
2026-03-12 16:07:21 - INFO - ✓ Intermountain Children's Home & Services [1733/3187]
2026-03-12 16:07:21 - INFO - ✓ La Europa Academy                        [1734/3187]
2026-03-12 16:07:22 - INFO - ✓ Lakemary                                 [1735/3187]
2026-03-12 16:07:22 - INFO - ✓ Latham Anne McManus Center               [1736/3187]
2026-03-12 16:07:22 - INFO - ✓ Latham Centers, Inc.                     [1737/3187]
2026-03-12 16:07:23 - INFO - ✓ Monarch                                  [1738/3187]
2026-03-12 16:07:23 - INFO - ✓ Logan River Academy                      [1739/3187]
2026-03-12 16:07:24 - INFO - ✓ New Haven Residential Treatment Center - [1740/3187]
2026-03-12 16:07:24 - INFO - ✓ New Haven - Spanish Fork Campus          [1741/3187]
2026-03-12 16:07:24 - INFO - ✓ Noncertified Nonpublic                   [1742/3187]
2026-03-12 16:07:25 - INFO - ✓ Oxbow Academy                            [1743/3187]
2026-03-12 16:07:25 - INFO - ✓ Perkins School for the Blind             [1744/3187]
2026-03-12 16:07:25 - INFO - ✓ Provo Canyon                             [1745/3187]
2026-03-12 16:07:26 - INFO - ✓ Red Rock - Lava Heights Academy          [1746/3187]
2026-03-12 16:07:26 - INFO - ✓ Provo Canyon School - Springville Campus [1747/3187]
2026-03-12 16:07:26 - INFO - ✓ Sunrise Academy                          [1748/3187]
2026-03-12 16:07:27 - INFO - ✓ Solstice RTC/Fernwood Academy            [1749/3187]
2026-03-12 16:07:27 - INFO - ✓ Telos Academy                            [1750/3187]
2026-03-12 16:07:27 - INFO - ✓ Telos Academy - Geneva                   [1751/3187]
2026-03-12 16:07:28 - INFO - ✓ Triumph Academy                          [1752/3187]
2026-03-12 16:07:28 - INFO - 💾 Saving checkpoint (180 processed)
2026-03-12 16:07:28 - INFO - ✓ Turning Winds Academic Institute         [1753/3187]
2026-03-12 16:07:28 - INFO - ✓ Uinta Academy                            [1754/3187]
2026-03-12 16:07:29 - INFO - ✓ WayPoint Academy                         [1755/3187]
2026-03-12 16:07:29 - INFO - ✓ Youth Care - Pine Ridge Academy          [1756/3187]
2026-03-12 16:07:29 - INFO - 💾 Saving checkpoint (180 processed)
2026-03-12 16:07:29 - INFO - ✓ Legacy Christian School at Confluence Ch [1757/3187]
2026-03-12 16:07:30 - INFO - ✓ St. Joseph Catholic School               [1758/3187]
2026-03-12 16:07:30 - INFO - ✓ Green Meadows                            [1759/3187]
2026-03-12 16:07:31 - INFO - ✓ Immersion Academy                        [1760/3187]
2026-03-12 16:07:31 - INFO - ✓ Granite Bay Montessori                   [1761/3187]
2026-03-12 16:07:32 - INFO - ✓ Placer Learning Center                   [1762/3187]
2026-03-12 16:07:33 - INFO - ✓ Sacramento Jewish Academy                [1763/3187]
2026-03-12 16:07:33 - INFO - ✓ Loomis Gateway Academy                   [1764/3187]
2026-03-12 16:07:33 - INFO - ✓ Sierra Foothills Academy                 [1765/3187]
2026-03-12 16:07:33 - INFO - 💾 Saving checkpoint (180 processed)
2026-03-12 16:07:33 - INFO - ✓ Honchar                                  [1766/3187]
2026-03-12 16:07:34 - INFO - ✓ Live Oak Waldorf School                  [1767/3187]
2026-03-12 16:07:34 - INFO - ✓ Global SchoolONE                         [1768/3187]
2026-03-12 16:07:34 - INFO - ✓ Pine Hills Adventist Academy             [1769/3187]
2026-03-12 16:07:34 - INFO - ✓ Regency Baptist Academy                  [1770/3187]
2026-03-12 16:07:35 - INFO - ✓ California International School          [1771/3187]
2026-03-12 16:07:35 - INFO - ✓ Catherine Dior School                    [1772/3187]
2026-03-12 16:07:36 - INFO - ✓ Destiny Christian School                 [1773/3187]
2026-03-12 16:07:37 - INFO - ✓ Holy Cross Lutheran Academy              [1774/3187]
2026-03-12 16:07:37 - INFO - 💾 Saving checkpoint (180 processed)
2026-03-12 16:07:37 - INFO - ✓ Adventure Christian School               [1775/3187]
2026-03-12 16:07:37 - INFO - ✓ Kingdom Builder Academy                  [1776/3187]
2026-03-12 16:07:37 - INFO - ✓ Merryhill Elementary School              [1777/3187]
2026-03-12 16:07:38 - INFO - ✓ St. Rose Elementary                      [1778/3187]
2026-03-12 16:07:38 - INFO - ✓ St. Albans Country Day School            [1779/3187]
2026-03-12 16:07:38 - INFO - ✓ Gates of Learning Center                 [1780/3187]
2026-03-12 16:07:38 - INFO - ✓ ISchool                                  [1781/3187]
2026-03-12 16:07:38 - INFO - ✓ KEYSTONE SCHOOL CALIFORNIA               [1782/3187]
2026-03-12 16:07:40 - INFO - ✓ Lake Tahoe Preparatory School            [1783/3187]
2026-03-12 16:07:41 - INFO - ✓ Sugar Bowl Academy                       [1784/3187]
2026-03-12 16:07:41 - INFO - ✓ Wild River - Coldstream Campus           [1785/3187]
2026-03-12 16:07:41 - INFO - ✓ Tahoe Expedition Academy                 [1786/3187]
2026-03-12 16:07:41 - INFO - ✓ Christian Scholars Learning Academy      [1787/3187]
2026-03-12 16:07:41 - INFO - ✓ Wild River - Haskatasun                  [1788/3187]
2026-03-12 16:07:42 - INFO - ✓ Heritage Community Christian Schools Inc [1789/3187]
2026-03-12 16:07:42 - INFO - ✓ Resilience Preparatory Academy           [1790/3187]
2026-03-12 16:07:42 - INFO - ✓ Plumas Christian School                  [1791/3187]
2026-03-12 16:07:43 - INFO - ✓ Lyons Academy                            [1792/3187]
2026-03-12 16:07:43 - INFO - ✓ La Sierra Academy                        [1793/3187]
2026-03-12 16:07:44 - INFO - ✓ Calvary Christian School                 [1794/3187]
2026-03-12 16:07:44 - INFO - ✓ Monty's Montessori Academy               [1795/3187]
2026-03-12 16:07:45 - INFO - ✓ Allegiant Christian School               [1796/3187]
2026-03-12 16:07:45 - INFO - ✓ Applied Scholastics Online Academy       [1797/3187]
2026-03-12 16:07:45 - INFO - ✓ Belltower Montessori Academy             [1798/3187]
2026-03-12 16:07:45 - INFO - ✓ Bass Private School                      [1799/3187]
2026-03-12 16:07:45 - INFO - 💾 Saving checkpoint (180 processed)
2026-03-12 16:07:46 - INFO - ✓ Calvary Chapel Corona Christian Academy  [1800/3187]
2026-03-12 16:07:46 - INFO - ✓ CEAC COLLEGE PREPARATORY SCHOOL          [1801/3187]
2026-03-12 16:07:46 - INFO - ✓ Christian Heritage School Inc            [1802/3187]
2026-03-12 16:07:47 - INFO - ✓ Crossroads Christian School              [1803/3187]
2026-03-12 16:07:47 - INFO - ✓ Grace and Glory Academy                  [1804/3187]
2026-03-12 16:07:48 - INFO - ✓ Grace Christian School                   [1805/3187]
2026-03-12 16:07:49 - INFO - ✓ Mantellum Matris Academy                 [1806/3187]
2026-03-12 16:07:49 - INFO - ✓ Montessori School of Corona              [1807/3187]
2026-03-12 16:07:49 - INFO - 💾 Saving checkpoint (165 processed)
2026-03-12 16:07:49 - INFO - ✓ Mount Carmel Academy                     [1808/3187]
2026-03-12 16:07:49 - INFO - ✓ Morgan Academy                           [1809/3187]
2026-03-12 16:07:49 - INFO - ✓ Nathanael Homeschool Academy             [1810/3187]
2026-03-12 16:07:50 - INFO - ✓ St. Edward School                        [1811/3187]
2026-03-12 16:07:50 - INFO - ✓ Olive Branch Christian School            [1812/3187]
2026-03-12 16:07:50 - INFO - ✓ StoneBridge Christian Academy            [1813/3187]
2026-03-12 16:07:51 - INFO - ✓ Tempest International Academy            [1814/3187]
2026-03-12 16:07:51 - INFO - ✓ Turning Point Christian School           [1815/3187]
2026-03-12 16:07:53 - INFO - ✓ The Learning Center                      [1816/3187]
2026-03-12 16:07:53 - INFO - ✓ Willow Academy International             [1817/3187]
2026-03-12 16:07:53 - INFO - ✓ Al Vasquez Learning Center               [1818/3187]
2026-03-12 16:07:53 - INFO - ✓ Aleph Schoolhouse                        [1819/3187]
2026-03-12 16:07:53 - INFO - ✓ Brilliant Microschool                    [1820/3187]
2026-03-12 16:07:54 - INFO - ✓ Castleberry Home School                  [1821/3187]
2026-03-12 16:07:54 - INFO - ✓ Carson Academy                           [1822/3187]
2026-03-12 16:07:54 - INFO - ✓ Desert Adventist School                  [1823/3187]
2026-03-12 16:07:55 - INFO - ✓ Desert Christian                         [1824/3187]
2026-03-12 16:07:55 - INFO - ✓ Desert Christian Academy                 [1825/3187]
2026-03-12 16:07:56 - INFO - ✓ Doves Landing School                     [1826/3187]
2026-03-12 16:07:57 - INFO - ✓ La Quinta Christian Fellowship School    [1827/3187]
2026-03-12 16:07:57 - INFO - ✓ Montessori School of the Desert          [1828/3187]
2026-03-12 16:07:57 - INFO - ✓ Edgemont Prep Academy                    [1829/3187]
2026-03-12 16:07:57 - INFO - ✓ Morning Stars Learning Program           [1830/3187]
2026-03-12 16:07:57 - INFO - ✓ Our Lady of Perpetual Help Catholic Scho [1831/3187]
2026-03-12 16:07:57 - INFO - ✓ Palm Desert Learning Tree Center         [1832/3187]
2026-03-12 16:07:58 - INFO - ✓ Sacred Heart                             [1833/3187]
2026-03-12 16:07:58 - INFO - 💾 Saving checkpoint (180 processed)
2026-03-12 16:07:58 - INFO - ✓ Beardens                                 [1834/3187]
2026-03-12 16:07:59 - INFO - ✓ Boston school                            [1835/3187]
2026-03-12 16:08:00 - INFO - ✓ Calvary Chapel Academy                   [1836/3187]
2026-03-12 16:08:01 - INFO - ✓ C&C learning Academy                     [1837/3187]
2026-03-12 16:08:01 - INFO - ✓ Coachella Valley Arts Institute          [1838/3187]
2026-03-12 16:08:01 - INFO - ✓ DP Christian School                      [1839/3187]
2026-03-12 16:08:01 - INFO - ✓ Expanded Horizons Academy                [1840/3187]
2026-03-12 16:08:01 - INFO - ✓ Idyllwild MOntessori School              [1841/3187]
2026-03-12 16:08:01 - INFO - ✓ Idyllwild Arts Academy                   [1842/3187]
2026-03-12 16:08:01 - INFO - ✓ Lightways Academy                        [1843/3187]
2026-03-12 16:08:02 - INFO - ✓ Olivet Academy                           [1844/3187]
2026-03-12 16:08:02 - INFO - ✓ Promises School K-12                     [1845/3187]
2026-03-12 16:08:03 - INFO - ✓ Rancho Veijo                             [1846/3187]
2026-03-12 16:08:04 - INFO - ✓ Spectrum Center Hemet                    [1847/3187]
2026-03-12 16:08:05 - INFO - ✓ Summit Academy                           [1848/3187]
2026-03-12 16:08:05 - INFO - ✓ St. John's Lutheran                      [1849/3187]
2026-03-12 16:08:05 - INFO - ✓ Escuela de Amigos                        [1850/3187]
2026-03-12 16:08:05 - INFO - ✓ Liberty Christian Academy                [1851/3187]
2026-03-12 16:08:05 - INFO - ✓ Our Lady of Good Success Academy         [1852/3187]
2026-03-12 16:08:05 - INFO - ✓ Wright Academy                           [1853/3187]
2026-03-12 16:08:06 - INFO - ✓ Spectrum Center Schools - Jurupa Element [1854/3187]
2026-03-12 16:08:06 - INFO - ✓ Bundy Canyon Christian School            [1855/3187]
2026-03-12 16:08:06 - INFO - ✓ California Lutheran Academy              [1856/3187]
2026-03-12 16:08:08 - INFO - ✓ Cornerstone Christian                    [1857/3187]
2026-03-12 16:08:09 - INFO - ✓ Doulos Christian Academy                 [1858/3187]
2026-03-12 16:08:09 - INFO - ✓ Expectations Academy                     [1859/3187]
2026-03-12 16:08:09 - INFO - ✓ Earthlight Academy of Science and Discov [1860/3187]
2026-03-12 16:08:09 - INFO - ✓ Grace Christian School of Temecula Valle [1861/3187]
2026-03-12 16:08:09 - INFO - ✓ Grace Christian School of Wildomar       [1862/3187]
2026-03-12 16:08:09 - INFO - ✓ Hope Learning Academy                    [1863/3187]
2026-03-12 16:08:10 - INFO - ✓ Lambs Christian                          [1864/3187]
2026-03-12 16:08:10 - INFO - ✓ Lefebvre Family Home School              [1865/3187]
2026-03-12 16:08:11 - INFO - ✓ Libereco                                 [1866/3187]
2026-03-12 16:08:11 - INFO - ✓ Murrieta Springs Adventist Christian Sch [1867/3187]
2026-03-12 16:08:12 - INFO - ✓ TREE OF KNOWLEDGE                        [1868/3187]
2026-03-12 16:08:12 - INFO - ✓ Revival Homeschool                       [1869/3187]
2026-03-12 16:08:12 - INFO - ✓ Revival Highschool                       [1870/3187]
2026-03-12 16:08:12 - INFO - 💾 Saving checkpoint (180 processed)
2026-03-12 16:08:13 - INFO - ✓ Jan Peterson Child Development Center    [1871/3187]
2026-03-12 16:08:13 - INFO - ✓ Calvary Chapel Christian                 [1872/3187]
2026-03-12 16:08:13 - INFO - 💾 Saving checkpoint (195 processed)
2026-03-12 16:08:13 - INFO - ✓ St. Thomas Academy                       [1873/3187]
2026-03-12 16:08:14 - INFO - ✓ Valley Christian Academy                 [1874/3187]
2026-03-12 16:08:14 - INFO - ✓ Valley Adventist Christian School        [1875/3187]
2026-03-12 16:08:14 - INFO - ✓ Calvary Murrieta Christian Academy       [1876/3187]
2026-03-12 16:08:14 - INFO - ✓ Calvary Murrieta Christian School        [1877/3187]
2026-03-12 16:08:15 - INFO - ✓ Grace Christian School                   [1878/3187]
2026-03-12 16:08:15 - INFO - ✓ Holy Martyrs Academy                     [1879/3187]
2026-03-12 16:08:15 - INFO - 💾 Saving checkpoint (195 processed)
2026-03-12 16:08:16 - INFO - ✓ Oak Grove Center / Jack Weaver           [1880/3187]
2026-03-12 16:08:17 - INFO - ✓ Anderlyn Academy                         [1881/3187]
2026-03-12 16:08:17 - INFO - ✓ DUC Learning Center                      [1882/3187]
2026-03-12 16:08:17 - INFO - ✓ Palm Valley School                       [1883/3187]
2026-03-12 16:08:18 - INFO - ✓ King's Schools of the Desert             [1884/3187]
2026-03-12 16:08:18 - INFO - ✓ Desert Chapel Christian                  [1885/3187]
2026-03-12 16:08:18 - INFO - ✓ St. Theresa Catholic School              [1886/3187]
2026-03-12 16:08:18 - INFO - ✓ Xavier College Preparatory High School   [1887/3187]
2026-03-12 16:08:19 - INFO - ✓ Miss Johnson Education Department        [1888/3187]
2026-03-12 16:08:19 - INFO - ✓ Grace Preparatory School                 [1889/3187]
2026-03-12 16:08:19 - INFO - ✓ St. James Catholic School                [1890/3187]
2026-03-12 16:08:20 - INFO - ✓ HIGHLEVEL LLC                            [1891/3187]
2026-03-12 16:08:20 - INFO - ✓ IMMANUEL HOUSE INSTITUTE OF HIGHER LEARN [1892/3187]
2026-03-12 16:08:20 - INFO - ✓ Oak Grove at The Ranch                   [1893/3187]
2026-03-12 16:08:21 - INFO - ✓ Beacon Day School Riverside              [1894/3187]
2026-03-12 16:08:21 - INFO - ✓ Dynamic Hope Schools Riverside           [1895/3187]
2026-03-12 16:08:21 - INFO - ✓ Bethel Christian Schools                 [1896/3187]
2026-03-12 16:08:22 - INFO - ✓ Harvest Christian School                 [1897/3187]
2026-03-12 16:08:22 - INFO - ✓ Islamic Academy of Riverside             [1898/3187]
2026-03-12 16:08:23 - INFO - ✓ Notre Dame High School                   [1899/3187]
2026-03-12 16:08:23 - INFO - ✓ Olive Branch Academy                     [1900/3187]
2026-03-12 16:08:23 - INFO - 💾 Saving checkpoint (195 processed)
2026-03-12 16:08:24 - INFO - ✓ Immanuel Lutheran Elementary             [1901/3187]
2026-03-12 16:08:24 - INFO - ✓ Our Lady of Perpetual Help               [1902/3187]
2026-03-12 16:08:24 - INFO - ✓ Riverside Montessori Academy             [1903/3187]
2026-03-12 16:08:24 - INFO - ✓ Maria Home School                        [1904/3187]
2026-03-12 16:08:25 - INFO - ✓ Saint Catherine of Alexandria School     [1905/3187]
2026-03-12 16:08:25 - INFO - ✓ Riverside Montessori Academy             [1906/3187]
2026-03-12 16:08:26 - INFO - ✓ St. Thomas the Apostle                   [1907/3187]
2026-03-12 16:08:26 - INFO - ✓ Stoneridge Academy Riverside             [1908/3187]
2026-03-12 16:08:27 - INFO - ✓ St Francis de Sales School               [1909/3187]
2026-03-12 16:08:27 - INFO - 💾 Saving checkpoint (195 processed)
2026-03-12 16:08:27 - INFO - ✓ The Kingdom of Light Homeschool          [1910/3187]
2026-03-12 16:08:27 - INFO - ✓ Unity Educational Academy                [1911/3187]
2026-03-12 16:08:27 - INFO - ✓ We Kare Daycare                          [1912/3187]
2026-03-12 16:08:27 - INFO - 💾 Saving checkpoint (195 processed)
2026-03-12 16:08:28 - INFO - ✓ We Kare Daycare                          [1913/3187]
2026-03-12 16:08:28 - INFO - ✓ Woodcrest Christian School               [1914/3187]
2026-03-12 16:08:28 - INFO - ✓ Caldera Street School                    [1915/3187]
2026-03-12 16:08:29 - INFO - ✓ Forgiven Family Academy                  [1916/3187]
2026-03-12 16:08:29 - INFO - ✓ We Kare Daycare                          [1917/3187]
2026-03-12 16:08:30 - INFO - ✓ Alpha Omega Christian                    [1918/3187]
2026-03-12 16:08:30 - INFO - ✓ Noli Indian School                       [1919/3187]
2026-03-12 16:08:30 - INFO - ✓ Saint Jude Mission School                [1920/3187]
2026-03-12 16:08:31 - INFO - ✓ St. Hyacinth Academy                     [1921/3187]
2026-03-12 16:08:32 - INFO - ✓ Atelier School                           [1922/3187]
2026-03-12 16:08:32 - INFO - ✓ Big Springs School Temecula              [1923/3187]
2026-03-12 16:08:32 - INFO - ✓ ABC Child Care Village                   [1924/3187]
2026-03-12 16:08:32 - INFO - ✓ ABC Child Care Center                    [1925/3187]
2026-03-12 16:08:33 - INFO - ✓ Linfield Christian School                [1926/3187]
2026-03-12 16:08:33 - INFO - ✓ Pechanga School                          [1927/3187]
2026-03-12 16:08:33 - INFO - 💾 Saving checkpoint (195 processed)
2026-03-12 16:08:33 - INFO - ✓ Peppertree Montessori - Temecula         [1928/3187]
2026-03-12 16:08:34 - INFO - ✓ Rancho Christian School                  [1929/3187]
2026-03-12 16:08:34 - INFO - ✓ Saint Jeanne de Lestonnac                [1930/3187]
2026-03-12 16:08:34 - INFO - ✓ Success Solutions Private School         [1931/3187]
2026-03-12 16:08:35 - INFO - ✓ Temecula Montessori                      [1932/3187]
2026-03-12 16:08:35 - INFO - ✓ The University of America High School    [1933/3187]
2026-03-12 16:08:36 - INFO - ✓ Trinity Lutheran Kindergarten            [1934/3187]
2026-03-12 16:08:36 - INFO - ✓ Van Avery Prep                           [1935/3187]
2026-03-12 16:08:37 - INFO - ✓ Vineyard Country School                  [1936/3187]
2026-03-12 16:08:37 - INFO - ✓ California Ranch School                  [1937/3187]
2026-03-12 16:08:37 - INFO - ✓ Wild Roots Holistic Learning Center      [1938/3187]
2026-03-12 16:08:37 - INFO - ✓ Lake Placid                              [1939/3187]
2026-03-12 16:08:38 - INFO - ✓ Keys Ubuntu Academy                      [1940/3187]
2026-03-12 16:08:38 - INFO - ✓ Al-Arqam Islamic School & College Prepar [1941/3187]
2026-03-12 16:08:39 - INFO - ✓ American Christian Academy - Ext         [1942/3187]
2026-03-12 16:08:39 - INFO - ✓ Bradshaw Christian School                [1943/3187]
2026-03-12 16:08:39 - INFO - 💾 Saving checkpoint (195 processed)
2026-03-12 16:08:40 - INFO - ✓ Jerusalem Arise Christian Academy        [1944/3187]
2026-03-12 16:08:40 - INFO - ✓ Heidelberg Christian Academy             [1945/3187]
2026-03-12 16:08:40 - INFO - ✓ King's Academy                           [1946/3187]
2026-03-12 16:08:40 - INFO - ✓ Merryhill School Calvine                 [1947/3187]
2026-03-12 16:08:41 - INFO - ✓ Mountain Valley School - Bar Du          [1948/3187]
2026-03-12 16:08:41 - INFO - ✓ Mountain Valley School - Gerber          [1949/3187]
2026-03-12 16:08:41 - INFO - ✓ St. Charles Borromeo                     [1950/3187]
2026-03-12 16:08:41 - INFO - ✓ St Elizabeth Ann Seton Catholic School   [1951/3187]
2026-03-12 16:08:42 - INFO - ✓ St. Peter's Lutheran School              [1952/3187]
2026-03-12 16:08:42 - INFO - ✓ Wilson Academy Online                    [1953/3187]
2026-03-12 16:08:43 - INFO - ✓ Wilton Christian                         [1954/3187]
2026-03-12 16:08:43 - INFO - ✓ World Preparatory Academy                [1955/3187]
2026-03-12 16:08:44 - INFO - ✓ Aubins Christian Education               [1956/3187]
2026-03-12 16:08:44 - INFO - ✓ Cadence Academy                          [1957/3187]
2026-03-12 16:08:44 - INFO - ✓ Capitol Academy                          [1958/3187]
2026-03-12 16:08:44 - INFO - ✓ CCHAT Center–Sacramento                  [1959/3187]
2026-03-12 16:08:45 - INFO - ✓ Folsom Educational Academy               [1960/3187]
2026-03-12 16:08:45 - INFO - 💾 Saving checkpoint (180 processed)
2026-03-12 16:08:45 - INFO - ✓ Folsom Prep Academy                      [1961/3187]
2026-03-12 16:08:46 - INFO - ✓ Fusion Academy Folsom                    [1962/3187]
2026-03-12 16:08:46 - INFO - ✓ IHS Christian School                     [1963/3187]
2026-03-12 16:08:47 - INFO - ✓ Old School Home School                   [1964/3187]
2026-03-12 16:08:47 - INFO - ✓ River City Christian                     [1965/3187]
2026-03-12 16:08:47 - INFO - ✓ St. John Notre Dame                      [1966/3187]
2026-03-12 16:08:48 - INFO - ✓ St. John Vianney Catholic School         [1967/3187]
2026-03-12 16:08:48 - INFO - ✓ Zohor Academy USA                        [1968/3187]
2026-03-12 16:08:48 - INFO - ✓ Galt Adventist Christian School          [1969/3187]
2026-03-12 16:08:49 - INFO - ✓ Mayflower Academy                        [1970/3187]
2026-03-12 16:08:49 - INFO - ✓ Jimenez Academy                          [1971/3187]
2026-03-12 16:08:49 - INFO - ✓ READ Academy of Sacramento               [1972/3187]
2026-03-12 16:08:49 - INFO - ✓ Shawna Huston                            [1973/3187]
2026-03-12 16:08:50 - INFO - ✓ 21st Century STEM Academy                [1974/3187]
2026-03-12 16:08:50 - INFO - ✓ Dar-ul-Madinah                           [1975/3187]
2026-03-12 16:08:51 - INFO - ✓ American Pinnacle Academy                [1976/3187]
2026-03-12 16:08:51 - INFO - ✓ Apex International School                [1977/3187]
2026-03-12 16:08:51 - INFO - 💾 Saving checkpoint (195 processed)
2026-03-12 16:08:52 - INFO - ✓ Bergamo Montessori School                [1978/3187]
2026-03-12 16:08:52 - INFO - ✓ Calvary Christian School                 [1979/3187]
2026-03-12 16:08:52 - INFO - ✓ Camellia Waldorf                         [1980/3187]
2026-03-12 16:08:53 - INFO - ✓ Capital Innovations Academy              [1981/3187]
2026-03-12 16:08:53 - INFO - ✓ Capitol Elementary                       [1982/3187]
2026-03-12 16:08:53 - INFO - ✓ Christian Brothers High School           [1983/3187]
2026-03-12 16:08:53 - INFO - ✓ Courtyard Private School                 [1984/3187]
2026-03-12 16:08:53 - INFO - ✓ Cristo Rey High School                   [1985/3187]
2026-03-12 16:08:54 - INFO - ✓ Giving Back 2 Kids Lab School, LLC       [1986/3187]
2026-03-12 16:08:55 - INFO - ✓ Holy Spirit Parish School                [1987/3187]
2026-03-12 16:08:56 - INFO - ✓ Homeo-Balance Academy                    [1988/3187]
2026-03-12 16:08:56 - INFO - ✓ International American Institute LLC     [1989/3187]
2026-03-12 16:08:56 - INFO - ✓ Destiny Christian Academy                [1990/3187]
2026-03-12 16:08:56 - INFO - ✓ Kadiant LLC - Land Park Campus           [1991/3187]
2026-03-12 16:08:57 - INFO - ✓ Iugo World Academy                       [1992/3187]
2026-03-12 16:08:57 - INFO - ✓ Merryhill School                         [1993/3187]
2026-03-12 16:08:57 - INFO - ✓ Malcolm X Academy for Afrikan Education  [1994/3187]
2026-03-12 16:08:57 - INFO - ✓ Northern California Preparatory          [1995/3187]
2026-03-12 16:08:58 - INFO - ✓ PAX Academy                              [1996/3187]
2026-03-12 16:08:58 - INFO - ✓ Point Quest Education, Inc.              [1997/3187]
2026-03-12 16:08:59 - INFO - ✓ Riverside School Inc., dba Brookfield Sc [1998/3187]
2026-03-12 16:08:59 - INFO - ✓ Rise International School                [1999/3187]
2026-03-12 16:09:00 - INFO - ✓ Sacred Heart Parish School               [2000/3187]
2026-03-12 16:09:00 - INFO - ✓ Saint Mary School                        [2001/3187]
2026-03-12 16:09:01 - INFO - ✓ Sierra School of Sacramento              [2002/3187]
2026-03-12 16:09:01 - INFO - ✓ St. Patrick SUCCEED Academy              [2003/3187]
2026-03-12 16:09:01 - INFO - ✓ St. Francis Catholic High School         [2004/3187]
2026-03-12 16:09:02 - INFO - ✓ St. Robert Catholic School               [2005/3187]
2026-03-12 16:09:02 - INFO - ✓ St. Francis of Assisi Elementary School  [2006/3187]
2026-03-12 16:09:02 - INFO - ✓ Academy of Classic Education LLC         [2007/3187]
2026-03-12 16:09:03 - INFO - ✓ Academy of Private Classic Education     [2008/3187]
2026-03-12 16:09:03 - INFO - ✓ Aldar Academy                            [2009/3187]
2026-03-12 16:09:04 - INFO - ✓ Almondale Academy                        [2010/3187]
2026-03-12 16:09:04 - INFO - ✓ Claire's Montessori International Academ [2011/3187]
2026-03-12 16:09:05 - INFO - ✓ House of Bread Christian Academy         [2012/3187]
2026-03-12 16:09:05 - INFO - ✓ Gabriele Academy International           [2013/3187]
2026-03-12 16:09:05 - INFO - ✓ Heritage Elementary School               [2014/3187]
2026-03-12 16:09:06 - INFO - ✓ Jackson Family Homeschool                [2015/3187]
2026-03-12 16:09:06 - INFO - ✓ Jesuit High School                       [2016/3187]
2026-03-12 16:09:06 - INFO - ✓ Odyssey Learning Center                  [2017/3187]
2026-03-12 16:09:06 - INFO - ✓ Orangevale SDA School                    [2018/3187]
2026-03-12 16:09:07 - INFO - ✓ Our Lady of the Assumption School        [2019/3187]
2026-03-12 16:09:07 - INFO - ✓ Pacific High School                      [2020/3187]
2026-03-12 16:09:07 - INFO - ✓ Presentation of the Blessed Virgin Mary  [2021/3187]
2026-03-12 16:09:07 - INFO - 💾 Saving checkpoint (210 processed)
2026-03-12 16:09:08 - INFO - ✓ Sacramento Adventist Academy             [2022/3187]
2026-03-12 16:09:08 - INFO - ✓ Sacramento Country Day School            [2023/3187]
2026-03-12 16:09:08 - INFO - 💾 Saving checkpoint (195 processed)
2026-03-12 16:09:08 - INFO - ✓ Pyavka Family Academy                    [2024/3187]
2026-03-12 16:09:09 - INFO - ✓ Shalom School                            [2025/3187]
2026-03-12 16:09:09 - INFO - ✓ Serenity Stars                           [2026/3187]
2026-03-12 16:09:09 - INFO - ✓ Sacramento Waldorf School                [2027/3187]
2026-03-12 16:09:10 - INFO - ✓ St. Ignatius School                      [2028/3187]
2026-03-12 16:09:11 - INFO - ✓ St. John the Evangelist                  [2029/3187]
2026-03-12 16:09:11 - INFO - ✓ St. Mark's Lutheran Elementary           [2030/3187]
2026-03-12 16:09:11 - INFO - 💾 Saving checkpoint (210 processed)
2026-03-12 16:09:11 - INFO - ✓ St. Mel                                  [2031/3187]
2026-03-12 16:09:11 - INFO - ✓ St. Michael's Episcopal Day School       [2032/3187]
2026-03-12 16:09:12 - INFO - ✓ Summit Christian School                  [2033/3187]
2026-03-12 16:09:12 - INFO - ✓ St. Philomene Dual Language School       [2034/3187]
2026-03-12 16:09:13 - INFO - ✓ Valley Christian Academy                 [2035/3187]
2026-03-12 16:09:14 - INFO - ✓ Chesterton Academy of Sacramento         [2036/3187]
2026-03-12 16:09:14 - INFO - ✓ Victory Christian Elementary             [2037/3187]
2026-03-12 16:09:14 - INFO - ✓ Victory Christian                        [2038/3187]
2026-03-12 16:09:14 - INFO - ✓ Cornerstone Christian School             [2039/3187]
2026-03-12 16:09:15 - INFO - ✓ Mustard Seed                             [2040/3187]
2026-03-12 16:09:15 - INFO - ✓ More Life Christian Academy              [2041/3187]
2026-03-12 16:09:15 - INFO - ✓ Nehemiah Christian Academy               [2042/3187]
2026-03-12 16:09:15 - INFO - ✓ Sacramento Christian School              [2043/3187]
2026-03-12 16:09:16 - INFO - ✓ Sacramento Baptist School                [2044/3187]
2026-03-12 16:09:16 - INFO - ✓ Trinity Christian School                 [2045/3187]
2026-03-12 16:09:16 - INFO - 💾 Saving checkpoint (210 processed)
2026-03-12 16:09:17 - INFO - ✓ Branson Academy, Inc.                    [2046/3187]
2026-03-12 16:09:17 - INFO - ✓ Calvary Christian                        [2047/3187]
2026-03-12 16:09:18 - INFO - ✓ Hollister Adventist Christian School     [2048/3187]
2026-03-12 16:09:18 - INFO - ✓ Little Tree Community- A Wildflower Mont [2049/3187]
2026-03-12 16:09:18 - INFO - ✓ Sacred Heart Parish School               [2050/3187]
2026-03-12 16:09:18 - INFO - ✓ Taber Academy                            [2051/3187]
2026-03-12 16:09:19 - INFO - ✓ Dynamic Hope Schools - Adelanto          [2052/3187]
2026-03-12 16:09:19 - INFO - ✓ Alta Loma Christian                      [2053/3187]
2026-03-12 16:09:20 - INFO - ✓ Ansaar Academy                           [2054/3187]
2026-03-12 16:09:20 - INFO - ✓ St. Peter and St Paul Catholic School    [2055/3187]
2026-03-12 16:09:20 - INFO - ✓ Apple Valley Christian Academy           [2056/3187]
2026-03-12 16:09:21 - INFO - ✓ Victor Valley Desert Christian           [2057/3187]
2026-03-12 16:09:21 - INFO - ✓ Amory Academic Academy                   [2058/3187]
2026-03-12 16:09:21 - INFO - ✓ Berean Christian School                  [2059/3187]
2026-03-12 16:09:22 - INFO - ✓ Calvary Chapel Big Bear Christian School [2060/3187]
2026-03-12 16:09:22 - INFO - 💾 Saving checkpoint (210 processed)
2026-03-12 16:09:22 - INFO - ✓ Amazing Stars Academy United             [2061/3187]
2026-03-12 16:09:22 - INFO - ✓ Big Bear Christian School                [2062/3187]
2026-03-12 16:09:23 - INFO - ✓ American Christian Military Academy Of E [2063/3187]
2026-03-12 16:09:23 - INFO - 💾 Saving checkpoint (210 processed)
2026-03-12 16:09:23 - INFO - ✓ Ontario Christian High                   [2064/3187]
2026-03-12 16:09:24 - INFO - ✓ Wesley College Preparatory School        [2065/3187]
2026-03-12 16:09:24 - INFO - ✓ Aquinas International Academy            [2066/3187]
2026-03-12 16:09:24 - INFO - ✓ Chino Valley Christian Academy           [2067/3187]
2026-03-12 16:09:25 - INFO - ✓ Heights Christian Schools, Ramona Campus [2068/3187]
2026-03-12 16:09:25 - INFO - ✓ Kingdom Generation School                [2069/3187]
2026-03-12 16:09:25 - INFO - ✓ Loving Savior of the Hills Lutheran Scho [2070/3187]
2026-03-12 16:09:26 - INFO - ✓ Montessori Academy of Chino              [2071/3187]
2026-03-12 16:09:26 - INFO - ✓ Montessori School of Chino Hills         [2072/3187]
2026-03-12 16:09:26 - INFO - ✓ Prestige STEM Academy                    [2073/3187]
2026-03-12 16:09:27 - INFO - ✓ St. Margaret Mary                        [2074/3187]
2026-03-12 16:09:27 - INFO - ✓ Sunshine Montessori School               [2075/3187]
2026-03-12 16:09:28 - INFO - ✓ United Family Schooling                  [2076/3187]
2026-03-12 16:09:28 - INFO - ✓ VICTORY BAPTIST ACADEMY                  [2077/3187]
2026-03-12 16:09:28 - INFO - 💾 Saving checkpoint (210 processed)
2026-03-12 16:09:28 - INFO - ✓ Colton Christian School                  [2078/3187]
2026-03-12 16:09:29 - INFO - ✓ Liberty Christian Academy                [2079/3187]
2026-03-12 16:09:29 - INFO - ✓ Sierra School of East Valley             [2080/3187]
2026-03-12 16:09:29 - INFO - ✓ The Rock Christian School                [2081/3187]
2026-03-12 16:09:30 - INFO - ✓ Fountain of Truth Christian Academy      [2082/3187]
2026-03-12 16:09:30 - INFO - ✓ Fröhlich International Preparatory Acade [2083/3187]
2026-03-12 16:09:31 - INFO - ✓ Rancho Christian Academy                 [2084/3187]
2026-03-12 16:09:31 - INFO - ✓ The Joshua Center Christian Academy      [2085/3187]
2026-03-12 16:09:32 - INFO - ✓ United Christian Academy                 [2086/3187]
2026-03-12 16:09:32 - INFO - ✓ Etiwanda Academy                         [2087/3187]
2026-03-12 16:09:32 - INFO - ✓ Sacred Heart Parish School               [2088/3187]
2026-03-12 16:09:33 - INFO - ✓ St. Mary's Montessori School             [2089/3187]
2026-03-12 16:09:33 - INFO - ✓ Water of Life Christian School           [2090/3187]
2026-03-12 16:09:34 - INFO - ✓ Ronald Reagan Secondary School           [2091/3187]
2026-03-12 16:09:34 - INFO - ✓ Altus Academy                            [2092/3187]
2026-03-12 16:09:34 - INFO - ✓ Spectrum Center Schools-Chino Hills      [2093/3187]
2026-03-12 16:09:35 - INFO - ✓ Mountain View Christian Preschool and Ki [2094/3187]
2026-03-12 16:09:35 - INFO - 💾 Saving checkpoint (210 processed)
2026-03-12 16:09:35 - INFO - ✓ Resurrection Academy                     [2095/3187]
2026-03-12 16:09:35 - INFO - ✓ Scholarshine Montessori                  [2096/3187]
2026-03-12 16:09:36 - INFO - ✓ Spectrum Center Fontana                  [2097/3187]
2026-03-12 16:09:36 - INFO - ✓ St. Joseph's Academy                     [2098/3187]
2026-03-12 16:09:36 - INFO - ✓ T.R.U.T.H. Chriatian Academy             [2099/3187]
2026-03-12 16:09:37 - INFO - ✓ Desert View School                       [2100/3187]
2026-03-12 16:09:37 - INFO - 💾 Saving checkpoint (195 processed)
2026-03-12 16:09:38 - INFO - ✓ Hesperia Christian                       [2101/3187]
2026-03-12 16:09:38 - INFO - ✓ Inspire Academy                          [2102/3187]
2026-03-12 16:09:38 - INFO - ✓ Just 4 Kids Academy                      [2103/3187]
2026-03-12 16:09:38 - INFO - ✓ New Life Christian Academy               [2104/3187]
2026-03-12 16:09:39 - INFO - ✓ Apostolic Christian Academy              [2105/3187]
2026-03-12 16:09:39 - INFO - ✓ CUSTODIO HOME ACADEMY                    [2106/3187]
2026-03-12 16:09:39 - INFO - ✓ Joshua Springs Academy                   [2107/3187]
2026-03-12 16:09:39 - INFO - ✓ Joshua Springs Christian School          [2108/3187]
2026-03-12 16:09:40 - INFO - ✓ Sunnyside                                [2109/3187]
2026-03-12 16:09:41 - INFO - ✓ Montecito Baptist School                 [2110/3187]
2026-03-12 16:09:41 - INFO - ✓ Kuhlman Academy                          [2111/3187]
2026-03-12 16:09:41 - INFO - ✓ Port View Preparatory - Ontario          [2112/3187]
2026-03-12 16:09:42 - INFO - ✓ Needles SDA School                       [2113/3187]
2026-03-12 16:09:42 - INFO - ✓ NotYourRegularChurch                     [2114/3187]
2026-03-12 16:09:42 - INFO - ✓ George Washington International School   [2115/3187]
2026-03-12 16:09:43 - INFO - ✓ Hunter Academies                         [2116/3187]
2026-03-12 16:09:43 - INFO - ✓ International Montessori School          [2117/3187]
2026-03-12 16:09:43 - INFO - ✓ Kraft Academy                            [2118/3187]
2026-03-12 16:09:43 - INFO - ✓ Ontario Christian Elementary             [2119/3187]
2026-03-12 16:09:44 - INFO - ✓ Orion International Academy              [2120/3187]
2026-03-12 16:09:45 - INFO - ✓ San Antonio Christian School             [2121/3187]
2026-03-12 16:09:45 - INFO - ✓ St. George                               [2122/3187]
2026-03-12 16:09:45 - INFO - 💾 Saving checkpoint (210 processed)
2026-03-12 16:09:45 - INFO - ✓ Choices Life Plan Mentoring Program      [2123/3187]
2026-03-12 16:09:46 - INFO - ✓ Ahrens Child Care Center                 [2124/3187]
2026-03-12 16:09:46 - INFO - ✓ Arrowhead Christian Academy-Upper School [2125/3187]
2026-03-12 16:09:46 - INFO - ✓ California University Preparatory Academ [2126/3187]
2026-03-12 16:09:47 - INFO - ✓ Barton House Playschool                  [2127/3187]
2026-03-12 16:09:47 - INFO - ✓ Christ the King Lutheran Childcare Cente [2128/3187]
2026-03-12 16:09:47 - INFO - ✓ Citrus Valley Christian Academy PSP      [2129/3187]
2026-03-12 16:09:47 - INFO - ✓ Deeper Roots Academy                     [2130/3187]
2026-03-12 16:09:48 - INFO - ✓ Hope Center Academy                      [2131/3187]
2026-03-12 16:09:49 - INFO - ✓ Hope Christian School                    [2132/3187]
2026-03-12 16:09:49 - INFO - ✓ Loma Linda Academy                       [2133/3187]
2026-03-12 16:09:49 - INFO - ✓ Montessori in Redlands                   [2134/3187]
2026-03-12 16:09:49 - INFO - ✓ Mentone SDA School                       [2135/3187]
2026-03-12 16:09:50 - INFO - ✓ Packinghouse Christian Academy           [2136/3187]
2026-03-12 16:09:50 - INFO - ✓ Orange Grove Academy                     [2137/3187]
2026-03-12 16:09:50 - INFO - ✓ Phase3 Lab School                        [2138/3187]
2026-03-12 16:09:51 - INFO - ✓ Sacred Heart Academy                     [2139/3187]
2026-03-12 16:09:51 - INFO - ✓ Redlands Adventist Academy               [2140/3187]
2026-03-12 16:09:52 - INFO - ✓ Spurgeon Academy                         [2141/3187]
2026-03-12 16:09:53 - INFO - ✓ Valley Preparatory School                [2142/3187]
2026-03-12 16:09:54 - INFO - ✓ Westside Christian School                [2143/3187]
2026-03-12 16:09:54 - INFO - ✓ Windsor Hills Academy                    [2144/3187]
2026-03-12 16:09:54 - INFO - ✓ Calvary Chapel Rialto Christian School   [2145/3187]
2026-03-12 16:09:56 - INFO - ✓ St. Catherine of Siena School            [2146/3187]
2026-03-12 16:09:56 - INFO - ✓ Mt. Calvary Lutheran Early Education Cen [2147/3187]
2026-03-12 16:09:56 - INFO - ✓ Lake Arrowhead Christian School          [2148/3187]
2026-03-12 16:09:56 - INFO - ✓ 16:19 Academy                            [2149/3187]
2026-03-12 16:09:56 - INFO - ✓ Lighthouse Christian Academy             [2150/3187]
2026-03-12 16:09:57 - INFO - ✓ Aquinas High School                      [2151/3187]
2026-03-12 16:09:58 - INFO - ✓ Dikaios Christian Academy                [2152/3187]
2026-03-12 16:09:59 - INFO - ✓ Montessori Learning Center INK           [2153/3187]
2026-03-12 16:09:59 - INFO - ✓ Holy Rosary Academy                      [2154/3187]
2026-03-12 16:09:59 - INFO - ✓ Gateway Education Center                 [2155/3187]
2026-03-12 16:10:00 - INFO - ✓ Precious Hearts Academy                  [2156/3187]
2026-03-12 16:10:01 - INFO - ✓ Our Lady of the Assumption Elementary    [2157/3187]
2026-03-12 16:10:01 - INFO - ✓ Owls & Acorns Academy                    [2158/3187]
2026-03-12 16:10:02 - INFO - ✓ Sierra School at San Bernardino City     [2159/3187]
2026-03-12 16:10:02 - INFO - ✓ Ironwood Christian Academy               [2160/3187]
2026-03-12 16:10:02 - INFO - ✓ St. Adelaide School                      [2161/3187]
2026-03-12 16:10:04 - INFO - ✓ Foothill Christian Academy of Upland     [2162/3187]
2026-03-12 16:10:04 - INFO - ✓ Carden Arbor View School                 [2163/3187]
2026-03-12 16:10:05 - INFO - ✓ Grace Christian School                   [2164/3187]
2026-03-12 16:10:05 - INFO - ✓ Montessori Academy of Upland             [2165/3187]
2026-03-12 16:10:05 - INFO - ✓ St. Joseph Elementary                    [2166/3187]
2026-03-12 16:10:06 - INFO - ✓ Western Christian High School            [2167/3187]
2026-03-12 16:10:06 - INFO - 💾 Saving checkpoint (225 processed)
2026-03-12 16:10:06 - INFO - ✓ Heritage Christian Academy               [2168/3187]
2026-03-12 16:10:06 - INFO - ✓ Kraft Kids School                        [2169/3187]
2026-03-12 16:10:07 - INFO - ✓ Victor Valley SDA School                 [2170/3187]
2026-03-12 16:10:07 - INFO - ✓ Zion Lutheran School and Preschool       [2171/3187]
2026-03-12 16:10:08 - INFO - ✓ Learn Academy Victorville                [2172/3187]
2026-03-12 16:10:09 - INFO - ✓ Victor Valley Christian                  [2173/3187]
2026-03-12 16:10:10 - INFO - ✓ Mesa Grande Academy                      [2174/3187]
2026-03-12 16:10:10 - INFO - ✓ Alpine Farm Academy                      [2175/3187]
2026-03-12 16:10:10 - INFO - ✓ Wildwood Christian Academy               [2176/3187]
2026-03-12 16:10:10 - INFO - ✓ Christian Elementary East                [2177/3187]
2026-03-12 16:10:11 - INFO - ✓ Christian Elementary West                [2178/3187]
2026-03-12 16:10:11 - INFO - ✓ El Cajon SDA School                      [2179/3187]
2026-03-12 16:10:11 - INFO - 💾 Saving checkpoint (225 processed)
2026-03-12 16:10:11 - INFO - ✓ Holy Trinity Elementary                  [2180/3187]
2026-03-12 16:10:12 - INFO - ✓ oychenie                                 [2181/3187]
2026-03-12 16:10:12 - INFO - ✓ Padre Pio Preparatory Academy            [2182/3187]
2026-03-12 16:10:14 - INFO - ✓ Saint Kieran Catholic School             [2183/3187]
2026-03-12 16:10:15 - INFO - ✓ Seeds of Hope Academy                    [2184/3187]
2026-03-12 16:10:15 - INFO - ✓ Accelerated Academics                    [2185/3187]
2026-03-12 16:10:15 - INFO - 💾 Saving checkpoint (210 processed)
2026-03-12 16:10:15 - INFO - ✓ Army and Navy Academy                    [2186/3187]
2026-03-12 16:10:15 - INFO - ✓ Carlsbad Christian Academy               [2187/3187]
2026-03-12 16:10:16 - INFO - ✓ Pacific Ridge School                     [2188/3187]
2026-03-12 16:10:16 - INFO - ✓ Coastal Sage Montessori                  [2189/3187]
2026-03-12 16:10:16 - INFO - ✓ Redeemer by the Sea Lutheran Kindergarte [2190/3187]
2026-03-12 16:10:16 - INFO - ✓ St. Patrick Catholic                     [2191/3187]
2026-03-12 16:10:16 - INFO - ✓ Berean Bible Baptist Academy             [2192/3187]
2026-03-12 16:10:18 - INFO - ✓ Bonita Learning Academy                  [2193/3187]
2026-03-12 16:10:19 - INFO - ✓ Calvary Christian Academy                [2194/3187]
2026-03-12 16:10:20 - INFO - ✓ Christian Elementary South Bay           [2195/3187]
2026-03-12 16:10:20 - INFO - ✓ Green Hills Bilingual Learning Academy   [2196/3187]
2026-03-12 16:10:21 - INFO - ✓ Messenger Heights Academy                [2197/3187]
2026-03-12 16:10:22 - INFO - ✓ Keynote Montessori                       [2198/3187]
2026-03-12 16:10:22 - INFO - ✓ Mater Dei Catholic Elementary            [2199/3187]
2026-03-12 16:10:22 - INFO - ✓ Christ Church Day School                 [2200/3187]
2026-03-12 16:10:22 - INFO - ✓ Mindful Montessori School                [2201/3187]
2026-03-12 16:10:22 - INFO - ✓ St. Pius X                               [2202/3187]
2026-03-12 16:10:22 - INFO - ✓ St. Rose of Lima                         [2203/3187]
2026-03-12 16:10:23 - INFO - ✓ Sacred Heart Parish School               [2204/3187]
2026-03-12 16:10:24 - INFO - ✓ Right to Dream Academy San Diego         [2205/3187]
2026-03-12 16:10:24 - INFO - ✓ Notre Dame Academy                       [2206/3187]
2026-03-12 16:10:25 - INFO - ✓ San Diego Jewish Academy                 [2207/3187]
2026-03-12 16:10:25 - INFO - 💾 Saving checkpoint (225 processed)
2026-03-12 16:10:26 - INFO - ✓ Lingua Natal                             [2208/3187]
2026-03-12 16:10:26 - INFO - ✓ Encinitas Country Day School             [2209/3187]
2026-03-12 16:10:27 - INFO - ✓ La Costa Valley Preschool and Kindergart [2210/3187]
2026-03-12 16:10:27 - INFO - 💾 Saving checkpoint (225 processed)
2026-03-12 16:10:28 - INFO - ✓ Saint John School                        [2211/3187]
2026-03-12 16:10:28 - INFO - ✓ The Rhoades School                       [2212/3187]
2026-03-12 16:10:28 - INFO - ✓ Arrow Academy                            [2213/3187]
2026-03-12 16:10:28 - INFO - ✓ Adventureland Christian Preschool        [2214/3187]
2026-03-12 16:10:28 - INFO - ✓ Calvary Preparatory Academy              [2215/3187]
2026-03-12 16:10:29 - INFO - ✓ Calvin Christian School of Escondido     [2216/3187]
2026-03-12 16:10:29 - INFO - 💾 Saving checkpoint (225 processed)
2026-03-12 16:10:30 - INFO - ✓ Escondido Christian School               [2217/3187]
2026-03-12 16:10:32 - INFO - ✓ Grace Christian School                   [2218/3187]
2026-03-12 16:10:33 - INFO - ✓ Valor Academy                            [2219/3187]
2026-03-12 16:10:33 - INFO - 💾 Saving checkpoint (225 processed)
2026-03-12 16:10:34 - INFO - ✓ Kings Academy                            [2220/3187]
2026-03-12 16:10:34 - INFO - ✓ St. Mary School                          [2221/3187]
2026-03-12 16:10:35 - INFO - ✓ Helling Christian School                 [2222/3187]
2026-03-12 16:10:35 - INFO - ✓ Escondido Adventist Academy              [2223/3187]
2026-03-12 16:10:36 - INFO - ✓ Alpha and Omega Academy                  [2224/3187]
2026-03-12 16:10:36 - INFO - ✓ Grace Academy                            [2225/3187]
2026-03-12 16:10:36 - INFO - ✓ Ideal School                             [2226/3187]
2026-03-12 16:10:36 - INFO - ✓ St. Peter the Apostle Catholic School    [2227/3187]
2026-03-12 16:10:36 - INFO - ✓ Topview Academy                          [2228/3187]
2026-03-12 16:10:38 - INFO - ✓ Zion Christian Preschool & Kindergarten  [2229/3187]
2026-03-12 16:10:38 - INFO - ✓ Hope City                                [2230/3187]
2026-03-12 16:10:39 - INFO - ✓ Brookshire International Academy         [2231/3187]
2026-03-12 16:10:40 - INFO - ✓ Foothills Christian High School          [2232/3187]
2026-03-12 16:10:40 - INFO - ✓ Foothills Christian Middle School        [2233/3187]
2026-03-12 16:10:40 - INFO - ✓ Christian Junior/Senior High School      [2234/3187]
2026-03-12 16:10:42 - INFO - ✓ Fred Finch Youth Center                  [2235/3187]
2026-03-12 16:10:43 - INFO - ✓ Acton Academy San Diego East             [2236/3187]
2026-03-12 16:10:43 - INFO - ✓ An-Nur Learning Academy                  [2237/3187]
2026-03-12 16:10:43 - INFO - ✓ Bottles to Books Primary School          [2238/3187]
2026-03-12 16:10:44 - INFO - ✓ Elevation of Wolves Academy              [2239/3187]
2026-03-12 16:10:45 - INFO - ✓ Heartland Christian Homeschool Center, I [2240/3187]
2026-03-12 16:10:45 - INFO - ✓ Christ Lutheran Elementary               [2241/3187]
2026-03-12 16:10:45 - INFO - ✓ Kempton Elementary - filing error        [2242/3187]
2026-03-12 16:10:45 - INFO - 💾 Saving checkpoint (225 processed)
2026-03-12 16:10:47 - INFO - ✓ Journey Christian                        [2243/3187]
2026-03-12 16:10:47 - INFO - ✓ Our Lady of Grace                        [2244/3187]
2026-03-12 16:10:47 - INFO - ✓ Mt. Helix Academy                        [2245/3187]
2026-03-12 16:10:52 - INFO - ✓ Trinity Christian School                 [2246/3187]
2026-03-12 16:10:54 - INFO - ✓ Foothills Christian Elementary School    [2247/3187]
2026-03-12 16:10:54 - INFO - ✓ VBA Center for Behavior Change           [2248/3187]
2026-03-12 16:10:55 - INFO - ✓ St. John of the Cross School             [2249/3187]
2026-03-12 16:10:55 - INFO - ✓ Risen K=12                               [2250/3187]
2026-03-12 16:10:55 - INFO - 💾 Saving checkpoint (210 processed)
2026-03-12 16:10:56 - INFO - ✓ Santa Sophia Academy                     [2251/3187]
2026-03-12 16:10:58 - INFO - ✓ St. Martin of Tours Academy              [2252/3187]
2026-03-12 16:10:58 - INFO - ✓ Shepherd of the Hills Lutheran           [2253/3187]
2026-03-12 16:10:58 - INFO - ✓ Learning Academy, The                    [2254/3187]
2026-03-12 16:10:58 - INFO - ✓ Tecate Christian                         [2255/3187]
2026-03-12 16:10:59 - INFO - ✓ Bethel Academy                           [2256/3187]
2026-03-12 16:11:00 - INFO - ✓ Faithful Ambassadors Bible Baptist Acade [2257/3187]
2026-03-12 16:11:00 - INFO - ✓ San Diego Academy                        [2258/3187]
2026-03-12 16:11:02 - INFO - ✓ St. Mary Star of the Sea Elementary      [2259/3187]
2026-03-12 16:11:02 - INFO - ✓ TERI- The Learning Academy               [2260/3187]
2026-03-12 16:11:03 - INFO - ✓ Amazing Grace Christian School           [2261/3187]
2026-03-12 16:11:03 - INFO - ✓ The Academy at Miracosta                 [2262/3187]
2026-03-12 16:11:03 - INFO - ✓ Oceanside Adventist Elementary           [2263/3187]
2026-03-12 16:11:03 - INFO - ✓ Amazing Grace online School              [2264/3187]
2026-03-12 16:11:03 - INFO - ✓ Abdulaziz Family                         [2265/3187]
2026-03-12 16:11:06 - INFO - ✓ LifeBridge Academy                       [2266/3187]
2026-03-12 16:11:06 - INFO - ✓ Legacy Montessori School                 [2267/3187]
2026-03-12 16:11:06 - INFO - ✓ Country Montessori School of Poway       [2268/3187]
2026-03-12 16:11:07 - INFO - ✓ Lifetime Montessori School               [2269/3187]
2026-03-12 16:11:07 - INFO - ✓ Maranatha Christian Schools              [2270/3187]
2026-03-12 16:11:07 - INFO - ✓ NewBridge School                         [2271/3187]
2026-03-12 16:11:07 - INFO - 💾 Saving checkpoint (225 processed)
2026-03-12 16:11:07 - INFO - ✓ Praxis Elite Sports Academy              [2272/3187]
2026-03-12 16:11:08 - INFO - ✓ Montessori Child Development Center      [2273/3187]
2026-03-12 16:11:08 - INFO - ✓ St. Michael's School                     [2274/3187]
2026-03-12 16:11:08 - INFO - ✓ St. Gregory the Great Catholic School    [2275/3187]
2026-03-12 16:11:10 - INFO - ✓ The Cambridge School                     [2276/3187]
2026-03-12 16:11:11 - INFO - ✓ The Koonings Center                      [2277/3187]
2026-03-12 16:11:11 - INFO - ✓ Montessori Children's Elementary         [2278/3187]
2026-03-12 16:11:11 - INFO - ✓ Ramona Faith Academy                     [2279/3187]
2026-03-12 16:11:12 - INFO - ✓ Thomsen Learning Center                  [2280/3187]
2026-03-12 16:11:12 - INFO - ✓ ACES 2020 LLC, DBA: Aces Academy         [2281/3187]
2026-03-12 16:11:12 - INFO - ✓ All Hallows Academy                      [2282/3187]
2026-03-12 16:11:12 - INFO - ✓ Academy of Our Lady of Peace             [2283/3187]
2026-03-12 16:11:13 - INFO - ✓ Aseltine School                          [2284/3187]
2026-03-12 16:11:15 - INFO - ✓ Bright Horizon Academy                   [2285/3187]
2026-03-12 16:11:15 - INFO - ✓ Bishop's School, The                     [2286/3187]
2026-03-12 16:11:16 - INFO - ✓ Chabad Hebrew Academy                    [2287/3187]
2026-03-12 16:11:16 - INFO - ✓ Child's Primary, The                     [2288/3187]
2026-03-12 16:11:16 - INFO - ✓ Children's Creative and Performing Arts  [2289/3187]
2026-03-12 16:11:17 - INFO - ✓ Children's Workshop                      [2290/3187]
2026-03-12 16:11:17 - INFO - ✓ Christ the Cornerstone Lutheran Academy  [2291/3187]
2026-03-12 16:11:17 - INFO - ✓ City Tree Christian                      [2292/3187]
2026-03-12 16:11:17 - INFO - ✓ Clairemont Christian Academy             [2293/3187]
2026-03-12 16:11:20 - INFO - ✓ Coastal Christian Academy                [2294/3187]
2026-03-12 16:11:20 - INFO - ✓ Community School of San Diego High Schoo [2295/3187]
2026-03-12 16:11:20 - INFO - ✓ Cook Education Center                    [2296/3187]
2026-03-12 16:11:20 - INFO - ✓ Cristo Rey San Diego High School         [2297/3187]
2026-03-12 16:11:21 - INFO - ✓ Community School of San Diego            [2298/3187]
2026-03-12 16:11:21 - INFO - ✓ CWB Academy                              [2299/3187]
2026-03-12 16:11:21 - INFO - ✓ Fusion Academy                           [2300/3187]
2026-03-12 16:11:21 - INFO - ✓ Francis Parker School                    [2301/3187]
2026-03-12 16:11:21 - INFO - ✓ Day Prep                                 [2302/3187]
2026-03-12 16:11:24 - INFO - ✓ Fusion Academy San Diego Scripps Ranch   [2303/3187]
2026-03-12 16:11:24 - INFO - ✓ Gillispie School                         [2304/3187]
2026-03-12 16:11:25 - INFO - ✓ Grace Christian Schools-Mission Valley C [2305/3187]
2026-03-12 16:11:25 - INFO - ✓ Good Shepherd Catholic School            [2306/3187]
2026-03-12 16:11:25 - INFO - ✓ Greenfield EDU                           [2307/3187]
2026-03-12 16:11:26 - INFO - ✓ Heritage Christian School of San Diego   [2308/3187]
2026-03-12 16:11:26 - INFO - ✓ Horizons in Education                    [2309/3187]
2026-03-12 16:11:26 - INFO - ✓ Japanese Academy of San Diego            [2310/3187]
2026-03-12 16:11:26 - INFO - ✓ Islamic School of Theology               [2311/3187]
2026-03-12 16:11:28 - INFO - ✓ Kreuger Academy                          [2312/3187]
2026-03-12 16:11:29 - INFO - ✓ LAT Online School Inc                    [2313/3187]
2026-03-12 16:11:29 - INFO - ✓ La Jolla Country Day School              [2314/3187]
2026-03-12 16:11:29 - INFO - 💾 Saving checkpoint (240 processed)
2026-03-12 16:11:29 - INFO - ✓ Le Lycée Français de San Diego           [2315/3187]
2026-03-12 16:11:30 - INFO - ✓ Mission Bay Montessori Academy           [2316/3187]
2026-03-12 16:11:30 - INFO - ✓ Masons best                              [2317/3187]
2026-03-12 16:11:30 - INFO - ✓ Mission Valley Academy                   [2318/3187]
2026-03-12 16:11:31 - INFO - ✓ Maria Montessori School                  [2319/3187]
2026-03-12 16:11:32 - INFO - ✓ Mt. Erie Christian Academy               [2320/3187]
2026-03-12 16:11:33 - INFO - ✓ Montessori School of San Diego           [2321/3187]
2026-03-12 16:11:33 - INFO - ✓ Nativity Prep Academy                    [2322/3187]
2026-03-12 16:11:34 - INFO - ✓ Nazareth School of San Diego             [2324/3187]
2026-03-12 16:11:34 - INFO - ✓ Our Lady's School                        [2324/3187]
2026-03-12 16:11:34 - INFO - ✓ Saint Charles Borromeo Academy           [2325/3187]
2026-03-12 16:11:34 - INFO - ✓ Reformation Lutheran Church and School   [2326/3187]
2026-03-12 16:11:35 - INFO - ✓ Refugio de Amor Academy                  [2327/3187]
2026-03-12 16:11:35 - INFO - ✓ Sam and Rose Stein Education Center      [2328/3187]
2026-03-12 16:11:36 - INFO - ✓ San Diego Center for Children Academy    [2329/3187]
2026-03-12 16:11:37 - INFO - ✓ San Diego French-American School         [2330/3187]
2026-03-12 16:11:37 - INFO - 💾 Saving checkpoint (240 processed)
2026-03-12 16:11:40 - INFO - ✓ Scripps Montessori                       [2331/3187]
2026-03-12 16:11:40 - INFO - ✓ Sierra School Of San Diego               [2332/3187]
2026-03-12 16:11:41 - INFO - ✓ Soille San Diego Hebrew Day              [2333/3187]
2026-03-12 16:11:41 - INFO - ✓ Southern California Yeshiva High School  [2334/3187]
2026-03-12 16:11:41 - INFO - ✓ School of the Madeleine                  [2335/3187]
2026-03-12 16:11:41 - INFO - 💾 Saving checkpoint (225 processed)
2026-03-12 16:11:41 - INFO - ✓ Srinivasan School                        [2336/3187]
2026-03-12 16:11:41 - INFO - ✓ St Therese Academy                       [2337/3187]
2026-03-12 16:11:42 - INFO - ✓ St. Augustine High School                [2338/3187]
2026-03-12 16:11:42 - INFO - ✓ St. Columba Catholic School              [2339/3187]
2026-03-12 16:11:44 - INFO - ✓ St. Didacus  School                      [2340/3187]
2026-03-12 16:11:45 - INFO - ✓ St. Katharine Drexel Academy             [2341/3187]
2026-03-12 16:11:46 - INFO - ✓ St. Patrick School                       [2342/3187]
2026-03-12 16:11:46 - INFO - ✓ St. Vincent de Paul                      [2343/3187]
2026-03-12 16:11:46 - INFO - ✓ St. Paul's Lutheran                      [2344/3187]
2026-03-12 16:11:46 - INFO - ✓ St. Rita's School                        [2345/3187]
2026-03-12 16:11:46 - INFO - ✓ Beacon Christian Academy                 [2346/3187]
2026-03-12 16:11:47 - INFO - ✓ Stella Maris Academy                     [2347/3187]
2026-03-12 16:11:47 - INFO - ✓ Sun & Moon                               [2348/3187]
2026-03-12 16:11:47 - INFO - 💾 Saving checkpoint (240 processed)
2026-03-12 16:11:47 - INFO - ✓ Tabernacle Christian Academy             [2349/3187]
2026-03-12 16:11:49 - INFO - ✓ Take wing high school                    [2350/3187]
2026-03-12 16:11:49 - INFO - ✓ The Evans School                         [2351/3187]
2026-03-12 16:11:50 - INFO - ✓ The Rock Academy                         [2352/3187]
2026-03-12 16:11:50 - INFO - 💾 Saving checkpoint (240 processed)
2026-03-12 16:11:51 - INFO - ✓ The Waldorf School of San Diego          [2353/3187]
2026-03-12 16:11:51 - INFO - ✓ True Faith Academy                       [2354/3187]
2026-03-12 16:11:51 - INFO - ✓ Urban Skills Center                      [2355/3187]
2026-03-12 16:11:51 - INFO - ✓ Via Talentum Academy                     [2356/3187]
2026-03-12 16:11:52 - INFO - ✓ Warren-Walker School                     [2357/3187]
2026-03-12 16:11:52 - INFO - ✓ Torah High Schools of San Diego          [2358/3187]
2026-03-12 16:11:52 - INFO - ✓ Willow Ridge Academy                     [2359/3187]
2026-03-12 16:11:55 - INFO - ✓ Zensei Education                         [2360/3187]
2026-03-12 16:11:55 - INFO - ✓ Cal Coast Academy                        [2361/3187]
2026-03-12 16:11:56 - INFO - ✓ Cathedral Catholic High School           [2362/3187]
2026-03-12 16:11:57 - INFO - ✓ Fusion Academy, Solana Beach             [2363/3187]
2026-03-12 16:11:58 - INFO - ✓ Grauer School, The                       [2364/3187]
2026-03-12 16:11:58 - INFO - ✓ Norton High School                       [2365/3187]
2026-03-12 16:11:58 - INFO - ✓ High Bluff Academy                       [2366/3187]
2026-03-12 16:11:59 - INFO - ✓ Ocean Breeze Academy                     [2367/3187]
2026-03-12 16:11:59 - INFO - ✓ Pacific Academy                          [2368/3187]
2026-03-12 16:11:59 - INFO - 💾 Saving checkpoint (240 processed)
2026-03-12 16:11:59 - INFO - ✓ Santa Fe Christian Schools               [2369/3187]
2026-03-12 16:12:01 - INFO - ✓ The Winston School of San Diego          [2370/3187]
2026-03-12 16:12:01 - INFO - ✓ North County Christian School            [2371/3187]
2026-03-12 16:12:03 - INFO - ✓ Saint Joseph Academy                     [2372/3187]
2026-03-12 16:12:03 - INFO - ✓ TERI, INC. The Country School            [2373/3187]
2026-03-12 16:12:04 - INFO - ✓ Valley Christian                         [2374/3187]
2026-03-12 16:12:04 - INFO - ✓ Our Lady of Mount Carmel School          [2375/3187]
2026-03-12 16:12:04 - INFO - ✓ Highland Prince Academy - HPA Educationa [2376/3187]
2026-03-12 16:12:04 - INFO - ✓ Del Mar Pines School                     [2377/3187]
2026-03-12 16:12:04 - INFO - ✓ Horizon Prep                             [2378/3187]
2026-03-12 16:12:06 - INFO - ✓ LePort Montessori Solana Beach           [2379/3187]
2026-03-12 16:12:07 - INFO - ✓ Nativity School, The                     [2380/3187]
2026-03-12 16:12:08 - INFO - ✓ St. James Academy                        [2381/3187]
2026-03-12 16:12:08 - INFO - ✓ Ocean View Christian Academy             [2382/3187]
2026-03-12 16:12:08 - INFO - ✓ St. Charles Elementary                   [2383/3187]
2026-03-12 16:12:09 - INFO - ✓ Innovative online academy                [2384/3187]
2026-03-12 16:12:09 - INFO - 💾 Saving checkpoint (240 processed)
2026-03-12 16:12:09 - INFO - ✓ Mater Dei Catholic High School           [2385/3187]
2026-03-12 16:12:09 - INFO - ✓ The A List Academy                       [2386/3187]
2026-03-12 16:12:10 - INFO - ✓ Victory Christian Academy                [2387/3187]
2026-03-12 16:12:10 - INFO - ✓ Ambleside Academy                        [2388/3187]
2026-03-12 16:12:11 - INFO - ✓ Arrow Academy                            [2389/3187]
2026-03-12 16:12:11 - INFO - 💾 Saving checkpoint (225 processed)
2026-03-12 16:12:12 - INFO - ✓ Morning Star Ranch Training Program      [2390/3187]
2026-03-12 16:12:12 - INFO - ✓ Big Tree Little Preschool Kindergarten   [2391/3187]
2026-03-12 16:12:13 - INFO - ✓ California Accelerated Learning (CAL) Pr [2392/3187]
2026-03-12 16:12:14 - INFO - ✓ Golden Grove Academy                     [2393/3187]
2026-03-12 16:12:14 - INFO - ✓ Kid's Town Montessori School             [2394/3187]
2026-03-12 16:12:14 - INFO - ✓ Montessori School of Oceanside           [2395/3187]
2026-03-12 16:12:15 - INFO - ✓ Empowered Academics                      [2396/3187]
2026-03-12 16:12:16 - INFO - ✓ New Haven School                         [2397/3187]
2026-03-12 16:12:16 - INFO - ✓ Sanderling Waldorf School                [2398/3187]
2026-03-12 16:12:18 - INFO - ✓ Village Gate Children's Academy          [2399/3187]
2026-03-12 16:12:18 - INFO - ✓ St. Francis of Assisi                    [2400/3187]
2026-03-12 16:12:18 - INFO - ✓ Vista Training Program                   [2401/3187]
2026-03-12 16:12:19 - INFO - ✓ Vista Christian                          [2402/3187]
2026-03-12 16:12:19 - INFO - ✓ Tri-City Christian Schools               [2403/3187]
2026-03-12 16:12:19 - INFO - ✓ Meadows-Livingstone School               [2404/3187]
2026-03-12 16:12:19 - INFO - ✓ Adda Clevenger School                    [2405/3187]
2026-03-12 16:12:20 - INFO - ✓ Aloha Micro Academy                      [2406/3187]
2026-03-12 16:12:20 - INFO - ✓ Alpha School San Francisco               [2407/3187]
2026-03-12 16:12:21 - INFO - ✓ Alta Vista School                        [2408/3187]
2026-03-12 16:12:22 - INFO - ✓ Andrews family home school               [2409/3187]
2026-03-12 16:12:22 - INFO - ✓ Archbishop Riordan High School           [2410/3187]
2026-03-12 16:12:23 - INFO - ✓ Arise Educational Center                 [2411/3187]
2026-03-12 16:12:23 - INFO - ✓ Bertrand D Hsu American & Chinese Bicult [2412/3187]
2026-03-12 16:12:23 - INFO - ✓ Bais Menacham Yeshiva Day School         [2413/3187]
2026-03-12 16:12:23 - INFO - 💾 Saving checkpoint (240 processed)
2026-03-12 16:12:24 - INFO - ✓ Bloomington Pre-University Education     [2414/3187]
2026-03-12 16:12:24 - INFO - ✓ Brightworks School                       [2415/3187]
2026-03-12 16:12:24 - INFO - ✓ Brilliant Microschool                    [2416/3187]
2026-03-12 16:12:25 - INFO - ✓ Cathedral School for Boys                [2417/3187]
2026-03-12 16:12:26 - INFO - ✓ Children's Day School                    [2418/3187]
2026-03-12 16:12:27 - INFO - ✓ Chinese American International School- 1 [2419/3187]
2026-03-12 16:12:27 - INFO - ✓ Convent & Stuart Hall, Schools of the Sa [2420/3187]
2026-03-12 16:12:27 - INFO - 💾 Saving checkpoint (240 processed)
2026-03-12 16:12:28 - INFO - ✓ Cornerstone Academy-Silver Campus        [2421/3187]
2026-03-12 16:12:29 - INFO - ✓ Cornerstone Academy–Cambridge Campus     [2422/3187]
2026-03-12 16:12:29 - INFO - ✓ De Marillac Academy                      [2423/3187]
2026-03-12 16:12:29 - INFO - ✓ Donum Dei Classical Academy              [2424/3187]
2026-03-12 16:12:30 - INFO - ✓ Drew School                              [2425/3187]
2026-03-12 16:12:30 - INFO - ✓ Eclipse Academy                          [2426/3187]
2026-03-12 16:12:32 - INFO - ✓ Ecole Notre Dame Des Victoires           [2427/3187]
2026-03-12 16:12:32 - INFO - ✓ Edgewood Community School                [2428/3187]
2026-03-12 16:12:33 - INFO - ✓ Enlighten Academy                        [2429/3187]
2026-03-12 16:12:33 - INFO - ✓ Eureka Learning Center                   [2430/3187]
2026-03-12 16:12:34 - INFO - ✓ Fusion Academy San Francisco             [2431/3187]
2026-03-12 16:12:34 - INFO - ✓ German International School of Silicon V [2432/3187]
2026-03-12 16:12:35 - INFO - ✓ Holy Name Elementary                     [2433/3187]
2026-03-12 16:12:35 - INFO - ✓ ICA Cristo Rey Academy                   [2434/3187]
2026-03-12 16:12:38 - INFO - ✓ Kahlon Family Services School            [2435/3187]
2026-03-12 16:12:38 - INFO - ✓ Jewish Community High School of the Bay  [2436/3187]
2026-03-12 16:12:39 - INFO - ✓ Diegueno Country School                  [2437/3187]
2026-03-12 16:12:39 - INFO - ✓ Hillwood Academic Day                    [2438/3187]
2026-03-12 16:12:39 - INFO - ✓ Katherine Michiels School                [2439/3187]
2026-03-12 16:12:39 - INFO - ✓ Katherine Delmar Burke School            [2440/3187]
2026-03-12 16:12:40 - INFO - ✓ Kittredge School                         [2441/3187]
2026-03-12 16:12:40 - INFO - ✓ KZV Armenian School                      [2442/3187]
2026-03-12 16:12:40 - INFO - ✓ La Scuola International School           [2443/3187]
2026-03-12 16:12:41 - INFO - ✓ Lakeside Presbyterian Center for Childre [2444/3187]
2026-03-12 16:12:47 - INFO - ✓ Lick-Wilmerding High School              [2445/3187]
2026-03-12 16:12:47 - INFO - ✓ Live Oak School                          [2446/3187]
2026-03-12 16:12:47 - INFO - ✓ Millennium School of San Francisco       [2447/3187]
2026-03-12 16:12:47 - INFO - ✓ Lavenia Rochelle Academy                 [2448/3187]
2026-03-12 16:12:48 - INFO - ✓ Lycee Francais de San Francisco (Ashbury [2449/3187]
2026-03-12 16:12:48 - INFO - ✓ Mission Montessori                       [2450/3187]
2026-03-12 16:12:48 - INFO - ✓ My City School                           [2451/3187]
2026-03-12 16:12:48 - INFO - ✓ Meadows-livingstone school               [2452/3187]
2026-03-12 16:12:48 - INFO - ✓ Lycee Francais de San Francisco (Ortega) [2453/3187]
2026-03-12 16:12:48 - INFO - ✓ Mission Dolores Academy                  [2454/3187]
2026-03-12 16:12:52 - INFO - ✓ Nativity                                 [2455/3187]
2026-03-12 16:12:54 - INFO - ✓ Our Lady of the Visitacion Elementary    [2456/3187]
2026-03-12 16:12:54 - INFO - ✓ Proof School                             [2457/3187]
2026-03-12 16:12:54 - INFO - ✓ Presidio Hill School                     [2458/3187]
2026-03-12 16:12:54 - INFO - ✓ Nomad                                    [2459/3187]
2026-03-12 16:12:54 - INFO - ✓ Rise University Preparatory              [2460/3187]
2026-03-12 16:12:54 - INFO - ✓ Presidio Knolls School                   [2461/3187]
2026-03-12 16:12:54 - INFO - 💾 Saving checkpoint (255 processed)
2026-03-12 16:12:54 - INFO - ✓ Red Bridge                               [2463/3187]
2026-03-12 16:12:54 - INFO - ✓ Sacred Heart Cathedral Preparatory       [2463/3187]
2026-03-12 16:12:55 - INFO - ✓ Saint Brigid Academy                     [2464/3187]
2026-03-12 16:12:58 - INFO - ✓ Saint Monica School                      [2465/3187]
2026-03-12 16:13:00 - INFO - ✓ San Francisco Adventist School           [2466/3187]
2026-03-12 16:13:01 - INFO - ✓ San Francisco Islamic School             [2467/3187]
2026-03-12 16:13:01 - INFO - 💾 Saving checkpoint (255 processed)
2026-03-12 16:13:01 - INFO - ✓ San Francisco City Academy               [2468/3187]
2026-03-12 16:13:02 - INFO - ✓ San Francisco Christian School           [2469/3187]
2026-03-12 16:13:02 - INFO - ✓ San Francisco High School of the Arts    [2470/3187]
2026-03-12 16:13:02 - INFO - 💾 Saving checkpoint (240 processed)
2026-03-12 16:13:02 - INFO - ✓ San Francisco Friends School             [2471/3187]
2026-03-12 16:13:02 - INFO - ✓ San Francisco Day School                 [2472/3187]
2026-03-12 16:13:02 - INFO - ✓ San Francisco School, The                [2474/3187]
2026-03-12 16:13:02 - INFO - ✓ San Francisco Pacific Academy            [2474/3187]
2026-03-12 16:13:16 - INFO - ✓ San Francisco Schoolhouse                [2475/3187]
2026-03-12 16:13:17 - WARNING - ✗ San Francisco University High School     [2476/3187]
2026-03-12 16:17:28 - INFO - ================================================================================
2026-03-12 16:17:28 - INFO - ULTIMATE SCHOOL SCRAPER - PART 2: DETAILED INFO (10 PARALLEL WORKERS)
2026-03-12 16:17:28 - INFO - WITH CHECKPOINT SUPPORT - SAVES EVERY 15 ITEMS
2026-03-12 16:17:28 - INFO - ================================================================================
2026-03-12 16:17:28 - INFO - Found 10 existing checkpoint(s) - will resume from where left off
2026-03-12 16:17:28 - INFO - Loading schools from schools_basic_data.json...
2026-03-12 16:17:28 - INFO - Loaded 3187 schools
2026-03-12 16:17:28 - INFO - 3187 schools have detail links
2026-03-12 16:17:28 - INFO - Starting 10 parallel workers...
2026-03-12 16:17:28 - INFO - Checkpoint directory: checkpoints/
2026-03-12 16:17:28 - INFO - Checkpoint interval: every 15 items
2026-03-12 16:17:28 - INFO - ================================================================================
2026-03-12 16:17:28 - INFO - [Worker 2] Loaded checkpoint: 240 already processed
2026-03-12 16:17:28 - INFO - [Worker 1] Loaded checkpoint: 255 already processed
2026-03-12 16:17:28 - INFO - [Worker 5] Loaded checkpoint: 240 already processed
2026-03-12 16:17:28 - INFO - Resuming from checkpoint - 240 schools already processed
2026-03-12 16:17:28 - INFO - [Worker 3] Loaded checkpoint: 240 already processed
2026-03-12 16:17:28 - INFO - Resuming from checkpoint - 255 schools already processed
2026-03-12 16:17:28 - INFO - [Worker 4] Loaded checkpoint: 255 already processed
2026-03-12 16:17:28 - INFO - [Worker 6] Loaded checkpoint: 240 already processed
2026-03-12 16:17:28 - INFO - Resuming from checkpoint - 240 schools already processed
2026-03-12 16:17:28 - INFO - [Worker 7] Loaded checkpoint: 240 already processed
2026-03-12 16:17:28 - INFO - Resuming from checkpoint - 240 schools already processed
2026-03-12 16:17:28 - INFO - Resuming from checkpoint - 255 schools already processed
2026-03-12 16:17:28 - INFO - Resuming from checkpoint - 240 schools already processed
2026-03-12 16:17:28 - INFO - [Worker 8] Loaded checkpoint: 240 already processed
2026-03-12 16:17:28 - INFO - ⊙ Skipping (already processed): St. Philip Neri Elementary              
2026-03-12 16:17:28 - INFO - Resuming from checkpoint - 240 schools already processed
2026-03-12 16:17:28 - INFO - [Worker 10] Loaded checkpoint: 240 already processed
2026-03-12 16:17:28 - INFO - [Worker 9] Loaded checkpoint: 225 already processed
2026-03-12 16:17:28 - INFO - Resuming from checkpoint - 240 schools already processed
2026-03-12 16:17:28 - INFO - Resuming from checkpoint - 225 schools already processed
2026-03-12 16:17:28 - INFO - Resuming from checkpoint - 240 schools already processed
2026-03-12 16:17:39 - INFO - ✓ The Child Unique Montessori School/Monte [1/3187]
2026-03-12 16:17:39 - INFO - ✓ Saint Joseph Notre Dame High School      [2/3187]
2026-03-12 16:17:39 - INFO - ✓ The Phillips Academy                     [3/3187]
2026-03-12 16:17:40 - INFO - ✓ EnCompass Four Corners School            [4/3187]
2026-03-12 16:17:40 - INFO - ✓ Coastline Christian Schools              [5/3187]
2026-03-12 16:17:40 - INFO - ✓ Bayhill High                             [6/3187]
2026-03-12 16:17:40 - INFO - ✓ Tilden Preparatory School                [7/3187]
2026-03-12 16:17:40 - INFO - ✓ St. Joseph Elementary                    [8/3187]
2026-03-12 16:17:40 - INFO - ✓ Kids Elite                               [9/3187]
2026-03-12 16:17:40 - INFO - ✓ American International Montessori School [10/3187]
2026-03-12 16:17:44 - INFO - ✓ Berkwood Hedge School                    [11/3187]
2026-03-12 16:17:45 - INFO - ✓ Center for Early Intervention on Deafnes [12/3187]
2026-03-12 16:17:45 - INFO - ✓ Ecole Bilingue De Berkeley               [13/3187]
2026-03-12 16:17:46 - INFO - ✓ Black Pine Circle School                 [14/3187]
2026-03-12 16:17:46 - INFO - ✓ Emerge Berkeley Christian Academy        [15/3187]
2026-03-12 16:17:46 - INFO - ✓ MarWell                                  [16/3187]
2026-03-12 16:17:46 - INFO - ✓ Fusion Academy Berkeley                  [17/3187]
2026-03-12 16:17:46 - INFO - ✓ Crowden School                           [18/3187]
2026-03-12 16:17:46 - INFO - ✓ Maybeck High School                      [19/3187]
2026-03-12 16:17:46 - INFO - ✓ Saint Mary's College High School         [20/3187]
2026-03-12 16:17:49 - INFO - ✓ School of the Madeleine                  [21/3187]
2026-03-12 16:17:50 - INFO - ✓ Shu Ren International School             [22/3187]
2026-03-12 16:17:50 - INFO - ⊙ Skipping (already processed): St. Raymond                             
2026-03-12 16:17:50 - INFO - ✓ The Academy School                       [23/3187]
2026-03-12 16:17:51 - INFO - ✓ The Berkeley School                      [24/3187]
2026-03-12 16:17:51 - INFO - ✓ Walden Center & School                   [25/3187]
2026-03-12 16:17:51 - INFO - ✓ Redwood Christian Elementary             [26/3187]
2026-03-12 16:17:51 - INFO - ✓ Via Center                               [27/3187]
2026-03-12 16:17:51 - INFO - ✓ Our Lady of Grace School                 [28/3187]
2026-03-12 16:17:51 - INFO - ✓ OneSchool Global - San Francisco         [29/3187]
2026-03-12 16:17:51 - INFO - ✓ Brave Christian Elementary School        [30/3187]
2026-03-12 16:17:51 - INFO - ⊙ Skipping (already processed): Averroes High School                    
2026-03-12 16:17:53 - INFO - ✓ Brave Christian Middle / High School     [31/3187]
2026-03-12 16:17:53 - INFO - ✓ Stratford School Dublin                  [32/3187]
2026-03-12 16:17:54 - INFO - ✓ The Quarry Lane School                   [33/3187]
2026-03-12 16:17:55 - INFO - ✓ Escuela Bilingüe Internacional           [34/3187]
2026-03-12 16:17:55 - INFO - ✓ East Bay German International School     [35/3187]
2026-03-12 16:17:55 - INFO - ✓ BASIS Independent Fremont Upper School   [36/3187]
2026-03-12 16:17:56 - INFO - ✓ Benjamites Academy                       [37/3187]
2026-03-12 16:17:56 - INFO - ✓ Alsion Montessori Middle/High            [38/3187]
2026-03-12 16:17:56 - INFO - ✓ BASIS Independent Fremont                [39/3187]
2026-03-12 16:17:56 - INFO - ✓ Fremont Christian School                 [40/3187]
2026-03-12 16:17:57 - INFO - ✓ Holy Spirit School                       [41/3187]
2026-03-12 16:17:58 - INFO - ✓ Kiddoland Learning Center                [42/3187]
2026-03-12 16:17:58 - INFO - ✓ Ilm Academy                              [43/3187]
2026-03-12 16:17:59 - INFO - ✓ Prince of Peace Lutheran School          [44/3187]
2026-03-12 16:18:00 - INFO - ✓ Peace Terrace Academy                    [45/3187]
2026-03-12 16:18:00 - INFO - ✓ Montessori School of Fremont             [46/3187]
2026-03-12 16:18:00 - INFO - ✓ St. Joseph Elementary                    [47/3187]
2026-03-12 16:18:00 - INFO - ✓ Rivendell Academy of Fremont             [48/3187]
2026-03-12 16:18:00 - INFO - ✓ Stratford School                         [49/3187]
2026-03-12 16:18:00 - INFO - ✓ Stratford School                         [50/3187]
2026-03-12 16:18:01 - INFO - ✓ All Saints Catholic School               [51/3187]
2026-03-12 16:18:01 - INFO - ⊙ Skipping (already processed): Rising Star Sped Academy                
2026-03-12 16:18:02 - INFO - ✓ Bayside Adventist Christian School       [52/3187]
2026-03-12 16:18:02 - INFO - ✓ California Crosspoint Academy            [53/3187]
2026-03-12 16:18:03 - INFO - ✓ Grace Academy                            [54/3187]
2026-03-12 16:18:04 - INFO - ✓ Lea's Christian                          [55/3187]
2026-03-12 16:18:04 - INFO - ✓ Montessori Children's House of Hayward   [56/3187]
2026-03-12 16:18:05 - INFO - ✓ Moreau Catholic High School              [57/3187]
2026-03-12 16:18:05 - INFO - ✓ RISE East Bay                            [58/3187]
2026-03-12 16:18:05 - INFO - ✓ St. Bede School                          [59/3187]
2026-03-12 16:18:05 - INFO - ✓ Saint Clement Catholic School            [60/3187]
2026-03-12 16:18:05 - INFO - ✓ St. Joachim's Elementary                 [61/3187]
2026-03-12 16:18:05 - INFO - ✓ Stellar Preparatory High School          [62/3187]
2026-03-12 16:18:06 - INFO - ✓ Team Academy for Girls                   [63/3187]
2026-03-12 16:18:06 - INFO - ✓ Acton Academy East Bay                   [64/3187]
2026-03-12 16:18:06 - INFO - ⊙ Skipping (already processed): Mission Hills Middle School             
2026-03-12 16:18:07 - INFO - ✓ Celebration Life Academy                 [65/3187]
2026-03-12 16:18:07 - INFO - ✓ King's Classical Academy                 [66/3187]
2026-03-12 16:18:08 - INFO - ⊙ Skipping (already processed): Challenger School – Ardenwood           
2026-03-12 16:18:08 - INFO - ✓ Livermore Valley Academy                 [67/3187]
2026-03-12 16:18:08 - INFO - ✓ Our Savior Lutheran School               [68/3187]
2026-03-12 16:18:09 - INFO - ✓ Summa Academy                            [69/3187]
2026-03-12 16:18:09 - INFO - ✓ St. Michael School                       [70/3187]
2026-03-12 16:18:09 - INFO - ✓ Valley Montessori School                 [71/3187]
2026-03-12 16:18:09 - INFO - ✓ Verity Academy East Bay                  [72/3187]
2026-03-12 16:18:10 - INFO - ✓ Seneca Family of Agencies - Pathfinder A [73/3187]
2026-03-12 16:18:10 - INFO - ✓ Union City Christian School              [74/3187]
2026-03-12 16:18:11 - INFO - ✓ New Horizons School                      [75/3187]
2026-03-12 16:18:11 - INFO - ✓ St. Edward Parish                        [76/3187]
2026-03-12 16:18:12 - INFO - ✓ Stellar Academy for Dyslexics            [77/3187]
2026-03-12 16:18:13 - INFO - ✓ Challenger School - Newark               [78/3187]
2026-03-12 16:18:13 - INFO - ✓ Bentley School                           [79/3187]
2026-03-12 16:18:13 - INFO - ✓ Agnes Memorial Christian Academy         [80/3187]
2026-03-12 16:18:13 - INFO - ✓ Baywood Learning Centers                 [81/3187]
2026-03-12 16:18:13 - INFO - ✓ Aurora School                            [82/3187]
2026-03-12 16:18:13 - INFO - ✓ Berkeley Rose Waldorf School             [83/3187]
2026-03-12 16:18:13 - INFO - ⊙ Skipping (already processed): Holy Names High School                  
2026-03-12 16:18:14 - INFO - ✓ Bishop O'Dowd High School                [84/3187]
2026-03-12 16:18:14 - INFO - ⊙ Skipping (already processed): Mills College Children's School at North
2026-03-12 16:18:15 - INFO - ✓ Cristo Rey De La Salle East Bay High Sch [85/3187]
2026-03-12 16:18:15 - INFO - ✓ Escuela Bilingüe Internacional           [86/3187]
2026-03-12 16:18:15 - INFO - ✓ Deecolonize Academy                      [87/3187]
2026-03-12 16:18:16 - INFO - ✓ Head-Royce School                        [88/3187]
2026-03-12 16:18:16 - INFO - ✓ Fred Finch–Oakland Hills Academy         [89/3187]
2026-03-12 16:18:16 - INFO - ✓ Growing Light Montessori School          [90/3187]
2026-03-12 16:18:17 - INFO - ⊙ Skipping (already processed): Pear Tree Community School              
2026-03-12 16:18:17 - INFO - ✓ Julia Morgan School for Girls            [91/3187]
2026-03-12 16:18:17 - INFO - ✓ LAMBO Academy International              [92/3187]
2026-03-12 16:18:17 - INFO - ✓ Liberated Kids PSP                       [93/3187]
2026-03-12 16:18:17 - INFO - ⊙ Skipping (already processed): Spectrum Center, Camden Campus          
2026-03-12 16:18:18 - INFO - ✓ Muhammad University                      [94/3187]
2026-03-12 16:18:18 - INFO - ✓ Northern Light School                    [95/3187]
2026-03-12 16:18:19 - INFO - ✓ Park Day School                          [96/3187]
2026-03-12 16:18:19 - INFO - ✓ Pentecostal Way of Truth School Academy  [97/3187]
2026-03-12 16:18:20 - INFO - ✓ Redwood Day School                       [98/3187]
2026-03-12 16:18:21 - INFO - ✓ St Paul's Episcopal School               [99/3187]
2026-03-12 16:18:21 - INFO - ✓ Seneca Family of Agencies-Maya Angelou A [100/3187]
2026-03-12 16:18:21 - INFO - ✓ Saint Leo the Great School               [101/3187]
2026-03-12 16:18:21 - INFO - ✓ St. Andrew M.B.C. Private P. C. P. C.    [102/3187]
2026-03-12 16:18:21 - INFO - ✓ Oakland Hebrew Day School                [103/3187]
2026-03-12 16:18:21 - INFO - ✓ Patten Academy of Christian Education    [104/3187]
2026-03-12 16:18:22 - INFO - ✓ St. Elizabeth School Elementary (A Lumen [105/3187]
2026-03-12 16:18:22 - INFO - ✓ St. Theresa School                       [106/3187]
2026-03-12 16:18:23 - INFO - ✓ St. Vincent's Day Home                   [107/3187]
2026-03-12 16:18:23 - INFO - ✓ The College Preparatory School           [108/3187]
2026-03-12 16:18:24 - INFO - ✓ The FREEdom School LLC                   [109/3187]
2026-03-12 16:18:24 - INFO - ✓ Zoom_Excel LLC                           [110/3187]
2026-03-12 16:18:25 - INFO - ✓ ACELLUS - CARROLL                        [111/3187]
2026-03-12 16:18:26 - INFO - ✓ Big Minds                                [112/3187]
2026-03-12 16:18:26 - INFO - ✓ Cheder of the Bay Area                   [113/3187]
2026-03-12 16:18:26 - INFO - ✓ Corpus Christi Elementary                [114/3187]
2026-03-12 16:18:26 - INFO - ✓ Academia de Mi Abuela                    [115/3187]
2026-03-12 16:18:26 - INFO - ✓ Fusion Academy Pleasanton                [116/3187]
2026-03-12 16:18:27 - INFO - ✓ Lighthouse Baptist School                [117/3187]
2026-03-12 16:18:27 - INFO - ✓ Stratford MIddle School                  [118/3187]
2026-03-12 16:18:27 - INFO - ⊙ Skipping (already processed): St. Felicitas Catholic School           
2026-03-12 16:18:28 - INFO - ✓ Stratford School - Pleasanton            [119/3187]
2026-03-12 16:18:28 - INFO - ✓ Summa Academy                            [120/3187]
2026-03-12 16:18:29 - INFO - ✓ Summa Academy                            [121/3187]
2026-03-12 16:18:29 - INFO - ✓ Assumption                               [122/3187]
2026-03-12 16:18:30 - INFO - ✓ St. Leander                              [123/3187]
2026-03-12 16:18:30 - INFO - ✓ International Bible Baptist Academy      [124/3187]
2026-03-12 16:18:30 - INFO - ✓ Mission Hills School                     [125/3187]
2026-03-12 16:18:30 - INFO - ✓ Redwood Christian Middle School and High [126/3187]
2026-03-12 16:18:31 - INFO - ✓ Seneca Family of Agencies - James Baldwi [127/3187]
2026-03-12 16:18:31 - INFO - ✓ St. John Catholic School                 [128/3187]
2026-03-12 17:45:33 - INFO - ================================================================================
2026-03-12 17:45:33 - INFO - ULTIMATE SCHOOL SCRAPER - PART 2: DETAILED INFO (10 PARALLEL WORKERS)
2026-03-12 17:45:33 - INFO - WITH CHECKPOINT SUPPORT - SAVES EVERY 15 ITEMS
2026-03-12 17:45:33 - INFO - ================================================================================
2026-03-12 17:45:33 - INFO - Loading schools from schools_basic_data.json...
2026-03-12 17:45:34 - INFO - Loaded 3187 schools
2026-03-12 17:45:34 - INFO - 3187 schools have detail links
2026-03-12 17:45:34 - INFO - Starting 10 parallel workers...
2026-03-12 17:45:34 - INFO - Checkpoint directory: checkpoints/
2026-03-12 17:45:34 - INFO - Checkpoint interval: every 15 items
2026-03-12 17:45:34 - INFO - ================================================================================
2026-03-12 17:45:34 - INFO - Starting fresh - no checkpoint found
2026-03-12 17:45:34 - INFO - Starting fresh - no checkpoint found
2026-03-12 17:45:34 - INFO - Starting fresh - no checkpoint found
2026-03-12 17:45:34 - INFO - Starting fresh - no checkpoint found
2026-03-12 17:45:34 - INFO - Starting fresh - no checkpoint found
2026-03-12 17:45:34 - INFO - Starting fresh - no checkpoint found
2026-03-12 17:45:34 - INFO - Starting fresh - no checkpoint found
2026-03-12 17:45:34 - INFO - Starting fresh - no checkpoint found
2026-03-12 17:45:34 - INFO - Starting fresh - no checkpoint found
2026-03-12 17:45:34 - INFO - Starting fresh - no checkpoint found
2026-03-12 17:45:40 - INFO - ✓ The Child Unique Montessori School/Monte [1/3187]
2026-03-12 17:45:40 - INFO - ✓ Kids Elite                               [2/3187]
2026-03-12 17:45:40 - INFO - ✓ EnCompass Four Corners School            [3/3187]
2026-03-12 17:45:40 - INFO - ✓ American International Montessori School [4/3187]
2026-03-12 17:45:40 - INFO - ✓ Saint Joseph Notre Dame High School      [5/3187]
2026-03-12 17:45:40 - INFO - ✓ Coastline Christian Schools              [6/3187]
2026-03-12 17:45:40 - INFO - ✓ The Phillips Academy                     [7/3187]
2026-03-12 17:45:40 - INFO - ✓ St. Joseph Elementary                    [8/3187]
2026-03-12 17:45:40 - INFO - ✓ Tilden Preparatory School                [9/3187]
2026-03-12 17:45:42 - INFO - ✓ St. Philip Neri Elementary               [10/3187]
2026-03-12 17:45:42 - INFO - ✓ Bayhill High                             [11/3187]
2026-03-12 17:45:43 - INFO - ✓ Berkwood Hedge School                    [12/3187]
2026-03-12 17:45:44 - INFO - ✓ Center for Early Intervention on Deafnes [13/3187]
2026-03-12 17:45:45 - INFO - ✓ Black Pine Circle School                 [14/3187]
2026-03-12 17:45:45 - INFO - ✓ Crowden School                           [15/3187]
2026-03-12 17:45:45 - INFO - ✓ MarWell                                  [16/3187]
2026-03-12 17:45:45 - INFO - ✓ Fusion Academy Berkeley                  [17/3187]
2026-03-12 17:45:45 - INFO - ✓ Emerge Berkeley Christian Academy        [18/3187]
2026-03-12 17:45:45 - INFO - ✓ Ecole Bilingue De Berkeley               [19/3187]
2026-03-12 17:45:46 - INFO - ✓ Saint Mary's College High School         [20/3187]
2026-03-12 17:45:46 - INFO - ✓ Maybeck High School                      [21/3187]
2026-03-12 17:45:47 - INFO - ✓ School of the Madeleine                  [22/3187]
2026-03-12 17:45:47 - INFO - ✓ Shu Ren International School             [23/3187]
2026-03-12 17:45:48 - INFO - ✓ The Academy School                       [24/3187]
2026-03-12 17:45:49 - INFO - ✓ The Berkeley School                      [25/3187]
2026-03-12 17:45:49 - INFO - ✓ OneSchool Global - San Francisco         [26/3187]
2026-03-12 17:45:49 - INFO - ✓ Via Center                               [27/3187]
2026-03-12 17:45:50 - INFO - ✓ Our Lady of Grace School                 [28/3187]
2026-03-12 17:45:50 - INFO - ✓ Brave Christian Elementary School        [29/3187]
2026-03-12 17:45:50 - INFO - ✓ Redwood Christian Elementary             [30/3187]
2026-03-12 17:45:50 - INFO - ✓ St. Raymond                              [31/3187]
2026-03-12 17:45:51 - INFO - ✓ Brave Christian Middle / High School     [32/3187]
2026-03-12 17:45:51 - INFO - ✓ Stratford School Dublin                  [33/3187]
2026-03-12 17:45:53 - INFO - ✓ The Quarry Lane School                   [34/3187]
2026-03-12 17:45:53 - INFO - ✓ East Bay German International School     [35/3187]
2026-03-12 17:45:55 - INFO - ✓ Walden Center & School                   [36/3187]
2026-03-12 17:45:55 - INFO - ✓ Escuela Bilingüe Internacional           [37/3187]
2026-03-12 17:45:55 - INFO - ✓ Alsion Montessori Middle/High            [38/3187]
2026-03-12 17:45:55 - INFO - ✓ BASIS Independent Fremont                [39/3187]
2026-03-12 17:45:56 - INFO - ✓ Averroes High School                     [40/3187]
2026-03-12 17:45:56 - INFO - ✓ BASIS Independent Fremont Upper School   [41/3187]
2026-03-12 17:45:56 - INFO - ✓ Benjamites Academy                       [42/3187]
2026-03-12 17:45:56 - INFO - ✓ Fremont Christian School                 [43/3187]
2026-03-12 17:45:57 - INFO - ✓ Holy Spirit School                       [44/3187]
2026-03-12 17:45:57 - INFO - ✓ Ilm Academy                              [45/3187]
2026-03-12 17:45:59 - INFO - ✓ Kiddoland Learning Center                [46/3187]
2026-03-12 17:45:59 - INFO - ✓ Montessori School of Fremont             [47/3187]
2026-03-12 17:46:00 - INFO - ✓ Peace Terrace Academy                    [48/3187]
2026-03-12 17:46:00 - INFO - ✓ Prince of Peace Lutheran School          [49/3187]
2026-03-12 17:46:00 - INFO - ✓ Rivendell Academy of Fremont             [50/3187]
2026-03-12 17:46:01 - INFO - ✓ St. Joseph Elementary                    [51/3187]
2026-03-12 17:46:01 - INFO - ✓ Stratford School                         [52/3187]
2026-03-12 17:46:01 - INFO - ✓ Stratford School                         [53/3187]
2026-03-12 17:46:01 - INFO - ✓ Bayside Adventist Christian School       [54/3187]
2026-03-12 17:46:02 - INFO - ✓ All Saints Catholic School               [55/3187]
2026-03-12 17:46:03 - INFO - ✓ Grace Academy                            [56/3187]
2026-03-12 17:46:03 - INFO - ✓ California Crosspoint Academy            [57/3187]
2026-03-12 17:46:04 - INFO - ✓ Lea's Christian                          [58/3187]
2026-03-12 17:46:05 - INFO - ✓ Montessori Children's House of Hayward   [59/3187]
2026-03-12 17:46:06 - INFO - ✓ RISE East Bay                            [60/3187]
2026-03-12 17:46:06 - INFO - ✓ Rising Star Sped Academy                 [61/3187]
2026-03-12 17:46:06 - INFO - ✓ St. Bede School                          [62/3187]
2026-03-12 17:46:06 - INFO - ✓ St. Joachim's Elementary                 [63/3187]
2026-03-12 17:46:06 - INFO - ✓ Saint Clement Catholic School            [64/3187]
2026-03-12 17:46:07 - INFO - ✓ Stellar Preparatory High School          [65/3187]
2026-03-12 17:46:08 - INFO - ✓ Acton Academy East Bay                   [66/3187]
2026-03-12 17:46:08 - INFO - ✓ Team Academy for Girls                   [67/3187]
2026-03-12 17:46:08 - INFO - ✓ Celebration Life Academy                 [68/3187]
2026-03-12 17:46:08 - INFO - ✓ Moreau Catholic High School              [69/3187]
2026-03-12 17:46:09 - INFO - ✓ Livermore Valley Academy                 [70/3187]
2026-03-12 17:46:10 - INFO - ✓ Our Savior Lutheran School               [71/3187]
2026-03-12 17:46:10 - INFO - ✓ Summa Academy                            [72/3187]
2026-03-12 17:46:10 - INFO - ✓ St. Michael School                       [73/3187]
2026-03-12 17:46:11 - INFO - ✓ Valley Montessori School                 [74/3187]
2026-03-12 17:46:11 - INFO - ✓ Verity Academy East Bay                  [75/3187]
2026-03-12 17:46:11 - INFO - ✓ King's Classical Academy                 [76/3187]
2026-03-12 17:46:12 - INFO - ✓ Mission Hills Middle School              [77/3187]
2026-03-12 17:46:12 - INFO - ✓ Union City Christian School              [78/3187]
2026-03-12 17:46:12 - INFO - ✓ Seneca Family of Agencies - Pathfinder A [79/3187]
2026-03-12 17:46:12 - INFO - ✓ Challenger School - Newark               [80/3187]
2026-03-12 17:46:13 - INFO - ✓ Challenger School – Ardenwood            [81/3187]
2026-03-12 17:46:13 - INFO - ✓ New Horizons School                      [82/3187]
2026-03-12 17:46:14 - INFO - ✓ Stellar Academy for Dyslexics            [83/3187]
2026-03-12 17:46:15 - INFO - ✓ Agnes Memorial Christian Academy         [84/3187]
2026-03-12 17:46:15 - INFO - ✓ Baywood Learning Centers                 [85/3187]
2026-03-12 17:46:15 - INFO - ✓ Aurora School                            [86/3187]
2026-03-12 17:46:15 - INFO - ✓ St. Edward Parish                        [87/3187]
2026-03-12 17:46:16 - INFO - ✓ Berkeley Rose Waldorf School             [88/3187]
2026-03-12 17:46:16 - INFO - ✓ Bentley School                           [89/3187]
2026-03-12 17:46:16 - INFO - ✓ Cristo Rey De La Salle East Bay High Sch [90/3187]
2026-03-12 17:46:17 - INFO - ✓ Deecolonize Academy                      [91/3187]
2026-03-12 17:46:17 - INFO - ✓ Bishop O'Dowd High School                [92/3187]
2026-03-12 17:46:18 - INFO - ✓ Escuela Bilingüe Internacional           [93/3187]
2026-03-12 17:46:18 - INFO - ✓ Growing Light Montessori School          [94/3187]
2026-03-12 17:46:18 - INFO - ✓ Fred Finch–Oakland Hills Academy         [95/3187]
2026-03-12 17:46:18 - INFO - ✓ Head-Royce School                        [96/3187]
2026-03-12 17:46:19 - INFO - ✓ Holy Names High School                   [97/3187]
2026-03-12 17:46:19 - INFO - ✓ Julia Morgan School for Girls            [98/3187]
2026-03-12 17:46:19 - INFO - ✓ LAMBO Academy International              [99/3187]
2026-03-12 17:46:20 - INFO - ✓ Mills College Children's School at North [100/3187]
2026-03-12 17:46:20 - INFO - ✓ Muhammad University                      [101/3187]
2026-03-12 17:46:21 - INFO - ✓ Liberated Kids PSP                       [102/3187]
2026-03-12 17:46:22 - INFO - ✓ Park Day School                          [103/3187]
2026-03-12 17:46:22 - INFO - ✓ Northern Light School                    [104/3187]
2026-03-12 17:46:22 - INFO - ✓ Oakland Hebrew Day School                [105/3187]
2026-03-12 17:46:22 - INFO - ✓ Patten Academy of Christian Education    [106/3187]
2026-03-12 17:46:23 - INFO - ✓ Pear Tree Community School               [107/3187]
2026-03-12 17:46:23 - INFO - ✓ Pentecostal Way of Truth School Academy  [108/3187]
2026-03-12 17:46:23 - INFO - ✓ Redwood Day School                       [109/3187]
2026-03-12 17:46:23 - INFO - ✓ Saint Leo the Great School               [110/3187]
2026-03-12 17:46:24 - INFO - ✓ Seneca Family of Agencies-Maya Angelou A [111/3187]
2026-03-12 17:46:24 - INFO - ✓ Spectrum Center, Camden Campus           [112/3187]
2026-03-12 17:46:25 - INFO - ✓ St Paul's Episcopal School               [113/3187]
2026-03-12 17:46:25 - INFO - ✓ St. Andrew M.B.C. Private P. C. P. C.    [114/3187]
2026-03-12 17:46:26 - INFO - ✓ St. Elizabeth School Elementary (A Lumen [115/3187]
2026-03-12 17:46:26 - INFO - ✓ St. Theresa School                       [116/3187]
2026-03-12 17:46:26 - INFO - ✓ St. Vincent's Day Home                   [117/3187]
2026-03-12 17:46:27 - INFO - ✓ The College Preparatory School           [118/3187]
2026-03-12 17:46:27 - INFO - ✓ The FREEdom School LLC                   [119/3187]
2026-03-12 17:46:27 - INFO - ✓ Zoom_Excel LLC                           [120/3187]
2026-03-12 17:46:27 - INFO - ✓ Academia de Mi Abuela                    [121/3187]
2026-03-12 17:46:28 - INFO - ✓ Corpus Christi Elementary                [122/3187]
2026-03-12 17:46:28 - INFO - ✓ ACELLUS - CARROLL                        [123/3187]
2026-03-12 17:46:28 - INFO - ✓ Big Minds                                [124/3187]
2026-03-12 17:46:29 - INFO - ✓ Cheder of the Bay Area                   [125/3187]
2026-03-12 17:46:29 - INFO - ✓ Fusion Academy Pleasanton                [126/3187]
2026-03-12 17:46:29 - INFO - ✓ Lighthouse Baptist School                [127/3187]
2026-03-12 17:46:30 - INFO - ✓ Stratford School - Pleasanton            [128/3187]
2026-03-12 17:46:31 - INFO - ✓ Summa Academy                            [129/3187]
2026-03-12 17:46:31 - INFO - ✓ Stratford MIddle School                  [130/3187]
2026-03-12 17:46:31 - INFO - ✓ Summa Academy                            [131/3187]
2026-03-12 17:46:31 - INFO - ✓ Assumption                               [132/3187]
2026-03-12 17:46:31 - INFO - ✓ St. Leander                              [133/3187]
2026-03-12 17:46:32 - INFO - ✓ International Bible Baptist Academy      [134/3187]
2026-03-12 17:46:32 - INFO - ✓ Mission Hills School                     [135/3187]
2026-03-12 17:46:33 - INFO - ✓ Redwood Christian Middle School and High [136/3187]
2026-03-12 17:46:33 - INFO - ✓ Seneca Family of Agencies - James Baldwi [137/3187]
2026-03-12 17:46:34 - INFO - ✓ St. Felicitas Catholic School            [138/3187]
2026-03-12 17:46:34 - INFO - ✓ Woodroe Woods School                     [139/3187]
2026-03-12 17:46:34 - INFO - 💾 Saving checkpoint (15 processed)
2026-03-12 17:46:34 - INFO - ✓ St. John Catholic School                 [140/3187]
2026-03-12 17:46:34 - INFO - 💾 Saving checkpoint (15 processed)
2026-03-12 17:46:35 - INFO - ✓ Whispering Pines Christian School        [141/3187]
2026-03-12 17:46:35 - INFO - 💾 Saving checkpoint (15 processed)
2026-03-12 17:46:35 - INFO - ✓ Chrystian school of  Education           [142/3187]
2026-03-12 17:46:35 - INFO - 💾 Saving checkpoint (15 processed)
2026-03-12 17:46:35 - INFO - ✓ Community Christian School               [143/3187]
2026-03-12 17:46:35 - INFO - 💾 Saving checkpoint (15 processed)
2026-03-12 17:46:35 - INFO - ✓ Maranatha Christian School               [144/3187]
2026-03-12 17:46:35 - INFO - 💾 Saving checkpoint (15 processed)
2026-03-12 17:46:36 - INFO - ✓ Chico Oaks Adventist School              [145/3187]
2026-03-12 17:46:36 - INFO - ✓ HopeAcademy for Personalized Education   [146/3187]
2026-03-12 17:46:36 - INFO - 💾 Saving checkpoint (15 processed)
2026-03-12 17:46:36 - INFO - ✓ Notre Dame School                        [147/3187]
2026-03-12 17:46:36 - INFO - 💾 Saving checkpoint (15 processed)
2026-03-12 17:46:37 - INFO - ✓ Paradise Adventist Academy               [148/3187]
2026-03-12 17:46:37 - INFO - ✓ Pleasant Valley Baptist Schools          [149/3187]
2026-03-12 17:46:37 - INFO - ✓ Proverbs 9:9 Academy                     [150/3187]
2026-03-12 17:46:38 - INFO - ✓ Time4learning-Torres                     [151/3187]
2026-03-12 17:46:39 - INFO - ✓ Oroville Christian School                [152/3187]
2026-03-12 17:46:39 - INFO - ✓ Zanella Academy                          [153/3187]
2026-03-12 17:46:39 - INFO - ✓ Aubrey Jane Christian Academy            [154/3187]
2026-03-12 17:46:39 - INFO - 💾 Saving checkpoint (15 processed)
2026-03-12 17:46:39 - INFO - ✓ St. Thomas the Apostle                   [155/3187]
2026-03-12 17:46:40 - INFO - ✓ Feather River Adventist School           [156/3187]
2026-03-12 17:46:40 - INFO - ✓ Paradise Adventist Elementary School     [157/3187]
2026-03-12 17:46:41 - INFO - ✓ The Progressive Schoolhouse              [158/3187]
2026-03-12 17:46:41 - INFO - 💾 Saving checkpoint (15 processed)
2026-03-12 17:46:41 - INFO - ✓ Upward International Schools, Inc.       [159/3187]
2026-03-12 17:46:41 - INFO - ✓ Christian Heritage Academy               [160/3187]
2026-03-12 17:46:41 - INFO - ✓ BOONES Academy                           [161/3187]
2026-03-12 17:46:43 - INFO - ✓ Libertas Academy                         [162/3187]
2026-03-12 17:46:43 - INFO - ✓ Our Lady of Lourdes Parish               [163/3187]
2026-03-12 17:46:43 - INFO - ✓ Bentley School                           [164/3187]
2026-03-12 17:46:43 - INFO - ✓ Fusion Academy Walnut Creek Downtown     [165/3187]
2026-03-12 17:46:43 - INFO - ✓ Holden High School                       [166/3187]
2026-03-12 17:46:43 - INFO - ✓ Orinda Academy                           [167/3187]
2026-03-12 17:46:44 - INFO - ✓ Cornerstone Christian School             [168/3187]
2026-03-12 17:46:44 - INFO - ✓ Heritage Baptist Academy                 [169/3187]
2026-03-12 17:46:44 - INFO - ✓ Hilltop Christian School                 [170/3187]
2026-03-12 17:46:45 - INFO - ✓ Holy Rosary                              [171/3187]
2026-03-12 17:46:46 - INFO - ✓ Sierra School of Antioch - Fremont       [172/3187]
2026-03-12 17:46:47 - INFO - ✓ Spectrum Center, Antioch                 [173/3187]
2026-03-12 17:46:47 - INFO - ✓ Successful Independent Study High School [174/3187]
2026-03-12 17:46:47 - INFO - ✓ Brentwood Prep                           [175/3187]
2026-03-12 17:46:47 - INFO - ✓ American International School of Excelle [176/3187]
2026-03-12 17:46:47 - INFO - ✓ Celebration Center                       [177/3187]
2026-03-12 17:46:48 - INFO - ✓ Golden Hills Christian School            [178/3187]
2026-03-12 17:46:48 - INFO - ✓ All God's Children Christian School      [179/3187]
2026-03-12 17:46:48 - INFO - ✓ Vineyard Academy                         [180/3187]
2026-03-12 17:46:49 - INFO - ✓ Loe Hart School                          [181/3187]
2026-03-12 17:46:50 - INFO - ✓ New Light Education                      [182/3187]
2026-03-12 17:46:50 - INFO - ✓ King's Academy                           [183/3187]
2026-03-12 17:46:50 - INFO - ✓ St. Patrick School                       [184/3187]
2026-03-12 17:46:51 - INFO - ✓ Contra Costa Jewish Day School           [185/3187]
2026-03-12 17:46:51 - INFO - ✓ Diablo Valley Montessori                 [186/3187]
2026-03-12 17:46:51 - INFO - ✓ Meher Schools, The                       [187/3187]
2026-03-12 17:46:51 - INFO - ✓ The Springstone School                   [188/3187]
2026-03-12 17:46:52 - INFO - ✓ BUILDING Connections Academy Martinez    [189/3187]
2026-03-12 17:46:52 - INFO - ✓ St. Catherine of Siena                   [190/3187]
2026-03-12 17:46:53 - INFO - ✓ Radiant Blossom                          [191/3187]
2026-03-12 17:46:53 - INFO - ✓ St. Perpetua                             [192/3187]
2026-03-12 17:46:54 - INFO - ✓ The Saklan School                        [193/3187]
2026-03-12 17:46:54 - INFO - ✓ Above and Beyond Academy                 [194/3187]
2026-03-12 17:46:54 - INFO - ✓ Al Judiy Academy                         [195/3187]
2026-03-12 17:46:54 - INFO - ✓ Anova Center for Education, Contra Costa [196/3187]
2026-03-12 17:46:55 - INFO - ✓ Bay Christian School                     [197/3187]
2026-03-12 17:46:55 - INFO - ✓ Berean Christian High School             [198/3187]
2026-03-12 17:46:55 - INFO - ✓ Bridge Quest Academy                     [199/3187]
2026-03-12 17:46:56 - INFO - ✓ Building Connections Academy             [200/3187]
2026-03-12 17:46:56 - INFO - ✓ Carondelet High School                   [201/3187]
2026-03-12 17:46:57 - INFO - ✓ Christ the King Elementary               [202/3187]
2026-03-12 17:46:57 - INFO - ✓ Contra Costa Christian Schools           [203/3187]
2026-03-12 17:46:57 - INFO - ✓ CORE Education Academy                   [204/3187]
2026-03-12 17:46:58 - INFO - ✓ De La Salle High School of Concord       [205/3187]
2026-03-12 17:46:58 - INFO - ✓ Diablo Valley                            [206/3187]
2026-03-12 17:46:58 - INFO - ✓ Grayson Creek Academy                    [207/3187]
2026-03-12 17:46:58 - INFO - ✓ Hope Academy for Dyslexics               [208/3187]
2026-03-12 17:46:59 - INFO - ✓ King's Valley Christian School           [209/3187]
2026-03-12 17:46:59 - INFO - ✓ Noble Learning Academy LLC               [210/3187]
2026-03-12 17:47:00 - INFO - ✓ NorthCreek Academy                       [211/3187]
2026-03-12 17:47:01 - INFO - ✓ Orion Academy                            [212/3187]
2026-03-12 17:47:01 - INFO - ✓ Pleasant Hill Adventist Academy          [213/3187]
2026-03-12 17:47:02 - INFO - ✓ Queen of All Saints Elementary           [214/3187]
2026-03-12 17:47:02 - INFO - ✓ Fusion Academy Walnut Creek              [215/3187]
2026-03-12 17:47:02 - INFO - ✓ Saint Agnes                              [216/3187]
2026-03-12 17:47:02 - INFO - ✓ Saint Francis of Assisi                  [217/3187]
2026-03-12 17:47:02 - INFO - ✓ Sonder Creek Academy                     [218/3187]
2026-03-12 17:47:02 - INFO - ✓ Spectrum Center, Inc.-Valley Campus      [219/3187]
2026-03-12 17:47:03 - INFO - ✓ Tabernacle Christian, Inc.               [220/3187]
2026-03-12 17:47:03 - INFO - ✓ The Concordia School                     [221/3187]
2026-03-12 17:47:04 - INFO - ✓ Voyager Academy                          [222/3187]
2026-03-12 17:47:04 - INFO - ✓ The Macademy                             [223/3187]
2026-03-12 17:47:05 - INFO - ✓ Wellspring Educational Services Inc      [224/3187]
2026-03-12 17:47:06 - INFO - ✓ Ygnacio Valley Christian School          [225/3187]
2026-03-12 17:47:06 - INFO - ✓ Wood Rose Academy                        [226/3187]
2026-03-12 17:47:06 - INFO - ✓ Bolling Thompson Academy                 [227/3187]
2026-03-12 17:47:06 - INFO - ✓ Logos Christian Academy                  [228/3187]
2026-03-12 17:47:06 - INFO - ✓ Destiny Academy                          [229/3187]
2026-03-12 17:47:06 - INFO - ✓ Spectrum Center Delta Campus             [230/3187]
2026-03-12 17:47:07 - INFO - ✓ St. Peter Martyr Elementary              [231/3187]
2026-03-12 17:47:07 - INFO - ✓ Alkavain Academy                         [232/3187]
2026-03-12 17:47:08 - INFO - ✓ Blue Dot Academy                         [233/3187]
2026-03-12 17:47:09 - INFO - ✓ Dorris-Eaton School, The                 [234/3187]
2026-03-12 17:47:09 - INFO - ✓ Harper School                            [235/3187]
2026-03-12 17:47:09 - INFO - ✓ Homeschool                               [236/3187]
2026-03-12 17:47:10 - INFO - ✓ San Ramon Valley Christian Academy       [237/3187]
2026-03-12 17:47:10 - INFO - ✓ St. Isidore School                       [238/3187]
2026-03-12 17:47:10 - INFO - ✓ The Athenian School                      [239/3187]
2026-03-12 17:47:10 - INFO - ✓ Westside Academy                         [240/3187]
2026-03-12 17:47:10 - INFO - ✓ Building Connections Behavioral Health   [241/3187]
2026-03-12 17:47:11 - INFO - ✓ Cedar Life Academy                       [242/3187]
2026-03-12 17:47:11 - INFO - ✓ St. Mary of the Immaculate Conception    [243/3187]
2026-03-12 17:47:12 - INFO - ✓ Summa Academy - Mitchell                 [244/3187]
2026-03-12 17:47:12 - INFO - ✓ The Seven Hills School                   [245/3187]
2026-03-12 17:47:13 - INFO - ✓ Walnut Creek Christian Academy           [246/3187]
2026-03-12 17:47:13 - INFO - ✓ A Better Chance / California Autism Foun [247/3187]
2026-03-12 17:47:13 - INFO - ✓ Arlington Christian School               [248/3187]
2026-03-12 17:47:14 - INFO - ✓ Bethel Christian Academy                 [249/3187]
2026-03-12 17:47:14 - INFO - ✓ Big Minds                                [250/3187]
2026-03-12 17:47:14 - INFO - ✓ Big Minds Unschool Online                [251/3187]
2026-03-12 17:47:14 - INFO - ✓ Crestmont School                         [252/3187]
2026-03-12 17:47:15 - INFO - ✓ East Bay Montessori                      [253/3187]
2026-03-12 17:47:15 - INFO - ✓ El Sobrante Christian School             [254/3187]
2026-03-12 17:47:16 - INFO - ✓ La Cheim School, El Sobrante             [255/3187]
2026-03-12 17:47:16 - INFO - ✓ Golestan School                          [256/3187]
2026-03-12 17:47:16 - INFO - ✓ Prospect Sierra School                   [257/3187]
2026-03-12 17:47:17 - INFO - ✓ Salesian High School d/b/a Salesian Coll [258/3187]
2026-03-12 17:47:17 - INFO - ✓ Seneca Family of Agencies - Catalyst Aca [259/3187]
2026-03-12 17:47:17 - INFO - ✓ Spectrum Center Tara Hills Campus        [260/3187]
2026-03-12 17:47:18 - INFO - ✓ St. David School                         [261/3187]
2026-03-12 17:47:18 - INFO - ✓ St. John the Baptist School              [262/3187]
2026-03-12 17:47:18 - INFO - ✓ St. Joseph Elementary                    [263/3187]
2026-03-12 17:47:19 - INFO - ✓ St. Paul School                          [264/3187]
2026-03-12 17:47:19 - INFO - ✓ Viridis Academy                          [265/3187]
2026-03-12 17:47:20 - INFO - ✓ Wildcat Canyon Community School          [266/3187]
2026-03-12 17:47:20 - INFO - ✓ Crescent City SDA School                 [267/3187]
2026-03-12 17:47:21 - INFO - ✓ Holy Trinity School                      [268/3187]
2026-03-12 17:47:21 - INFO - ✓ GHS Academy                              [269/3187]
2026-03-12 17:47:21 - INFO - ✓ Point Quest Education - El Dorado Hills  [270/3187]
2026-03-12 17:47:21 - INFO - ✓ Providence Christian School              [271/3187]
2026-03-12 17:47:22 - INFO - ✓ St. Padre Pio Academy                    [272/3187]
2026-03-12 17:47:22 - INFO - ✓ Sequoia Gifted Academy                   [273/3187]
2026-03-12 17:47:22 - INFO - ✓ Blaise Pascal School                     [274/3187]
2026-03-12 17:47:23 - INFO - ✓ Opportunity Acres dba Independent Trails [275/3187]
2026-03-12 17:47:23 - INFO - ✓ Studia Nova                              [276/3187]
2026-03-12 17:47:23 - INFO - ✓ Summitview Academy                       [277/3187]
2026-03-12 17:47:24 - INFO - ✓ Tahoe Prep Academy                       [278/3187]
2026-03-12 17:47:24 - INFO - ✓ Marble Valley Academy                    [279/3187]
2026-03-12 17:47:25 - INFO - ✓ Heritage Oaks Academy                    [280/3187]
2026-03-12 17:47:25 - INFO - ✓ Roundtree Acadamy                        [281/3187]
2026-03-12 17:47:25 - INFO - ✓ El Dorado Adventist School               [282/3187]
2026-03-12 17:47:26 - INFO - ✓ Elephant Owl School of SAT Sciences      [283/3187]
2026-03-12 17:47:26 - INFO - ✓ Sierra View Academy                      [284/3187]
2026-03-12 17:47:26 - INFO - ✓ New Horizons Private School              [285/3187]
2026-03-12 17:47:27 - INFO - ✓ Belmont Private Academy                  [286/3187]
2026-03-12 17:47:27 - INFO - ✓ C&G                                      [287/3187]
2026-03-12 17:47:27 - INFO - 💾 Saving checkpoint (30 processed)
2026-03-12 17:47:28 - INFO - ✓ Charlie Keyan Armenian School            [288/3187]
2026-03-12 17:47:28 - INFO - 💾 Saving checkpoint (30 processed)
2026-03-12 17:47:28 - INFO - ✓ Clovis Christian School                  [289/3187]
2026-03-12 17:47:28 - INFO - 💾 Saving checkpoint (30 processed)
2026-03-12 17:47:28 - INFO - ✓ Fresno Christian Schools                 [290/3187]
2026-03-12 17:47:28 - INFO - 💾 Saving checkpoint (30 processed)
2026-03-12 17:47:28 - INFO - ✓ Graham Yalle Visual and Performing Arts  [291/3187]
2026-03-12 17:47:28 - INFO - 💾 Saving checkpoint (30 processed)
2026-03-12 17:47:29 - INFO - ✓ Logos Christian Conservatory             [292/3187]
2026-03-12 17:47:29 - INFO - ✓ Our Lady of Perpetual Help               [293/3187]
2026-03-12 17:47:29 - INFO - 💾 Saving checkpoint (30 processed)
2026-03-12 17:47:30 - INFO - ✓ Provident Academy                        [294/3187]
2026-03-12 17:47:30 - INFO - ✓ Sfumato                                  [295/3187]
2026-03-12 17:47:30 - INFO - 💾 Saving checkpoint (30 processed)
2026-03-12 17:47:30 - INFO - ✓ Sierra View Christian Academy            [296/3187]
2026-03-12 17:47:31 - INFO - ✓ Valley Crescent School                   [297/3187]
2026-03-12 17:47:31 - INFO - ✓ Spectrum Center Clovis                   [298/3187]
2026-03-12 17:47:31 - INFO - ✓ Faith Christian Academy                  [299/3187]
2026-03-12 17:47:32 - INFO - ✓ Faith Academy                            [300/3187]
2026-03-12 17:47:32 - INFO - ✓ WILSON HOME SCHOOL                       [301/3187]
2026-03-12 17:47:32 - INFO - 💾 Saving checkpoint (30 processed)
2026-03-12 17:47:32 - INFO - ✓ Access Read Academy                      [302/3187]
2026-03-12 17:47:33 - INFO - ✓ Al-Azhar Islamic Academy                 [303/3187]
2026-03-12 17:47:33 - INFO - 💾 Saving checkpoint (30 processed)
2026-03-12 17:47:33 - INFO - ✓ California Christian Academy, PSP        [304/3187]
2026-03-12 17:47:33 - INFO - ✓ Carden School of Fresno                  [305/3187]
2026-03-12 17:47:34 - INFO - ✓ Creative Alternative School              [306/3187]
2026-03-12 17:47:34 - INFO - ✓ Fairmont Private School of Fresno        [307/3187]
2026-03-12 17:47:35 - INFO - ✓ Faith Baptist Academy                    [308/3187]
2026-03-12 17:47:35 - INFO - ✓ Featherston Academy                      [309/3187]
2026-03-12 17:47:35 - INFO - ✓ Fresno Adventist Academy                 [310/3187]
2026-03-12 17:47:36 - INFO - ✓ Holy Cross Junior High                   [311/3187]
2026-03-12 17:47:36 - INFO - ✓ Fresno California Academy                [312/3187]
2026-03-12 17:47:36 - INFO - ✓ Innova School                            [313/3187]
2026-03-12 17:47:36 - INFO - ✓ Learn Academy, Fresno                    [314/3187]
2026-03-12 17:47:37 - INFO - ✓ Maverick Center for Dyslexia, inc.       [315/3187]
2026-03-12 17:47:38 - INFO - ✓ Our Fathers Home Academy Home of the Mar [316/3187]
2026-03-12 17:47:38 - INFO - ✓ Remnant Christian School                 [317/3187]
2026-03-12 17:47:38 - INFO - ✓ San Joaquin Memorial High                [318/3187]
2026-03-12 17:47:38 - INFO - ✓ St. Helen                                [319/3187]
2026-03-12 17:47:39 - INFO - ✓ The Fearless School                      [320/3187]
2026-03-12 17:47:40 - INFO - ✓ Truth Tabernacle Christian School        [321/3187]
2026-03-12 17:47:40 - INFO - ✓ Central Valley Christian Molokan School  [322/3187]
2026-03-12 17:47:40 - INFO - ✓ Immanuel Schools                         [323/3187]
2026-03-12 17:47:41 - INFO - ✓ Sequoia Christian School                 [324/3187]
2026-03-12 17:47:42 - INFO - ✓ St. Anthony                              [325/3187]
2026-03-12 17:47:42 - INFO - ✓ St. La Salle                             [326/3187]
2026-03-12 17:47:42 - INFO - ✓ Lighthouse Christian School              [327/3187]
2026-03-12 17:47:42 - INFO - ✓ Riverdale Assembly of God dba Riverdale  [328/3187]
2026-03-12 17:47:42 - INFO - ✓ Bethel Christian School                  [329/3187]
2026-03-12 17:47:43 - INFO - ✓ King's Corner                            [330/3187]
2026-03-12 17:47:43 - INFO - ✓ Fisher Academy                           [331/3187]
2026-03-12 17:47:43 - INFO - ✓ Sierra Heights Academy                   [332/3187]
2026-03-12 17:47:44 - INFO - ✓ Willow Creek Christian School            [333/3187]
2026-03-12 17:47:45 - INFO - ✓ The Uni of Liberty                       [334/3187]
2026-03-12 17:47:45 - INFO - ✓ Providence Christian School (dba)        [335/3187]
2026-03-12 17:47:45 - INFO - ✓ arcata christian school                  [336/3187]
2026-03-12 17:47:46 - INFO - ✓ Gospel Outreach School                   [337/3187]
2026-03-12 17:47:46 - INFO - ✓ Koinonia Academy PSP                     [338/3187]
2026-03-12 17:47:46 - INFO - ✓ Redwood Christian School                 [339/3187]
2026-03-12 17:47:47 - INFO - ✓ River Valley Christian                   [340/3187]
2026-03-12 17:47:47 - INFO - ✓ St. Bernard's Academy                    [341/3187]
2026-03-12 17:47:48 - INFO - ✓ Field to Forest                          [342/3187]
2026-03-12 17:47:48 - INFO - ✓ New Life Christian                       [343/3187]
2026-03-12 17:47:48 - INFO - ✓ Mistwood Educational Center              [344/3187]
2026-03-12 17:47:48 - INFO - ✓ Seaforth Montessori                      [345/3187]
2026-03-12 17:47:49 - INFO - ✓ Brawley Christian Academy                [346/3187]
2026-03-12 17:47:49 - INFO - ✓ Calexico Mission School                  [347/3187]
2026-03-12 17:47:50 - INFO - ✓ Our Lady of Guadalupe Academy            [348/3187]
2026-03-12 17:47:50 - INFO - ✓ Vincent Memorial Catholic High School    [349/3187]
2026-03-12 17:47:51 - INFO - ✓ Christian Home Academy                   [350/3187]
2026-03-12 17:47:51 - INFO - ✓ St. Marys School                         [351/3187]
2026-03-12 17:47:51 - INFO - ✓ A to Z Academy                           [352/3187]
2026-03-12 17:47:51 - INFO - ✓ Faith Academy                            [353/3187]
2026-03-12 17:47:52 - INFO - ✓ Vanguard Academy of Imperial Valley      [354/3187]
2026-03-12 17:47:52 - INFO - ✓ Valley Christian Heritage School         [355/3187]
2026-03-12 17:47:53 - INFO - ✓ Calvary Chapel Christian School El Centr [356/3187]
2026-03-12 17:47:53 - INFO - ✓ Discovery Point Kidz Elementary Academy  [357/3187]
2026-03-12 17:47:54 - INFO - ✓ Agapeland Christian Academy              [358/3187]
2026-03-12 17:47:54 - INFO - ✓ Bakersfield Adventist Academy            [359/3187]
2026-03-12 17:47:55 - INFO - ✓ Bethel Academy                           [360/3187]
2026-03-12 17:47:55 - INFO - ✓ Connections Academy By Pearson           [361/3187]
2026-03-12 17:47:55 - INFO - ✓ Heritage Christian School                [362/3187]
2026-03-12 17:47:56 - INFO - ✓ Our Lady of Guadalupe                    [363/3187]
2026-03-12 17:47:56 - INFO - ✓ Our Lady of Perpetual Help               [364/3187]
2026-03-12 17:47:56 - INFO - ✓ St. Francis                              [365/3187]
2026-03-12 17:47:57 - INFO - ✓ Stockdale Christian Elementary           [366/3187]
2026-03-12 17:47:57 - INFO - ✓ Tehillah Christian Academy               [367/3187]
2026-03-12 17:47:58 - INFO - ✓ The Shepherd's Academy                   [368/3187]
2026-03-12 17:47:58 - INFO - ✓ Valley Montessori Academy                [369/3187]
2026-03-12 17:47:58 - INFO - ✓ Legacy Christian Academy                 [370/3187]
2026-03-12 17:47:59 - INFO - ✓ Rosewall Christian Academy               [371/3187]
2026-03-12 17:47:59 - INFO - ✓ Bruce Good family                        [372/3187]
2026-03-12 17:47:59 - INFO - ✓ Homeschool Outpost                       [373/3187]
2026-03-12 17:48:00 - INFO - ✓ Christ Centered Church Bakersfield / Gid [374/3187]
2026-03-12 17:48:00 - INFO - ✓ Nigritian Academy                        [375/3187]
2026-03-12 17:48:01 - INFO - ✓ Bakersfield Christian High School        [376/3187]
2026-03-12 17:48:01 - INFO - ✓ Sports Outside the Box                   [377/3187]
2026-03-12 17:48:01 - INFO - ✓ Garces Memorial High                     [378/3187]
2026-03-12 17:48:02 - INFO - ✓ Olive Knolls Christian                   [379/3187]
2026-03-12 17:48:02 - INFO - ✓ Rock Harbor Academy                      [380/3187]
2026-03-12 17:48:03 - INFO - ✓ LOVE TO LEARN                            [381/3187]
2026-03-12 17:48:03 - INFO - ✓ Royal Beginnings                         [382/3187]
2026-03-12 17:48:03 - INFO - ✓ Oppimista School                         [383/3187]
2026-03-12 17:48:03 - INFO - ✓ St. John's Lutheran School Bakersfield   [384/3187]
2026-03-12 17:48:04 - INFO - ✓ Turner Christian Academy                 [385/3187]
2026-03-12 17:48:04 - INFO - ✓ Valley Achievement Center                [386/3187]
2026-03-12 17:48:05 - INFO - ✓ Free Will Christian Academy              [387/3187]
2026-03-12 17:48:05 - INFO - ✓ Stage’s Family School                    [388/3187]
2026-03-12 17:48:05 - INFO - ✓ Little Hands Academy                     [389/3187]
2026-03-12 17:48:06 - INFO - ✓ Providence Classical Academy             [390/3187]
2026-03-12 17:48:06 - INFO - ✓ Sunrise Academy                          [391/3187]
2026-03-12 17:48:07 - INFO - ✓ Balas Montessori Home School             [392/3187]
2026-03-12 17:48:07 - INFO - ✓ Calvary Christian School                 [393/3187]
2026-03-12 17:48:08 - INFO - ✓ Heritage Montessori School               [394/3187]
2026-03-12 17:48:08 - INFO - ✓ Immanuel Christian                       [395/3187]
2026-03-12 17:48:08 - INFO - ✓ Long Point Academy                       [396/3187]
2026-03-12 17:48:09 - INFO - ✓ Golden State Academy                     [397/3187]
2026-03-12 17:48:09 - INFO - ✓ Panamint Christian School                [398/3187]
2026-03-12 17:48:09 - INFO - ✓ Ridgecrest Adventist Elementary          [399/3187]
2026-03-12 17:48:10 - INFO - ✓ Ridgecrest Montessori Children's House   [400/3187]
2026-03-12 17:48:10 - INFO - ✓ Spectrum Center Sierra Sands             [401/3187]
2026-03-12 17:48:11 - INFO - ✓ St. Ann                                  [402/3187]
2026-03-12 17:48:11 - INFO - ✓ St. Thomas                               [403/3187]
2026-03-12 17:48:11 - INFO - ✓ Lifehouse Christian Academy              [404/3187]
2026-03-12 17:48:12 - INFO - ✓ Covenant Christian School                [405/3187]
2026-03-12 17:48:12 - INFO - 💾 Saving checkpoint (30 processed)
2026-03-12 17:48:12 - INFO - ✓ Heritage Oak School                      [406/3187]
2026-03-12 17:48:12 - INFO - ✓ Mountain Top Ranch                       [407/3187]
2026-03-12 17:48:12 - INFO - ✓ St John Bosco                            [408/3187]
2026-03-12 17:48:13 - INFO - ✓ Bethany Christian School                 [409/3187]
2026-03-12 17:48:13 - INFO - 💾 Saving checkpoint (45 processed)
2026-03-12 17:48:14 - INFO - ✓ North Kern Christian                     [410/3187]
2026-03-12 17:48:14 - INFO - 💾 Saving checkpoint (45 processed)
2026-03-12 17:48:14 - INFO - ✓ Armona Union Academy                     [411/3187]
2026-03-12 17:48:14 - INFO - ✓ Golden Grain Academy                     [412/3187]
2026-03-12 17:48:14 - INFO - 💾 Saving checkpoint (45 processed)
2026-03-12 17:48:14 - INFO - ✓ New Testament Baptist Schools            [413/3187]
2026-03-12 17:48:15 - INFO - ✓ St. Rose-McCarthy Catholic               [414/3187]
2026-03-12 17:48:16 - INFO - ✓ Kings Christian                          [415/3187]
2026-03-12 17:48:16 - INFO - ✓ Mary Immaculate Queen                    [416/3187]
2026-03-12 17:48:16 - INFO - 💾 Saving checkpoint (45 processed)
2026-03-12 17:48:17 - INFO - ✓ Hanford Christian School                 [417/3187]
2026-03-12 17:48:17 - INFO - ✓ Western Christian Academy                [418/3187]
2026-03-12 17:48:17 - INFO - ✓ Konocti Christian Academy                [419/3187]
2026-03-12 17:48:18 - INFO - ✓ Country Christian School                 [420/3187]
2026-03-12 17:48:18 - INFO - ✓ Wellspring Academy                       [421/3187]
2026-03-12 17:48:18 - INFO - ✓ Clearlake SDA Christian School           [422/3187]
2026-03-12 17:48:18 - INFO - 💾 Saving checkpoint (45 processed)
2026-03-12 17:48:18 - INFO - ✓ Zemorah Christian Academy                [423/3187]
2026-03-12 17:48:19 - INFO - ✓ Westlake SDA School                      [424/3187]
2026-03-12 17:48:19 - INFO - 💾 Saving checkpoint (45 processed)
2026-03-12 17:48:19 - INFO - ✓ Middletown Adventist School              [425/3187]
2026-03-12 17:48:19 - INFO - 💾 Saving checkpoint (45 processed)
2026-03-12 17:48:19 - INFO - ✓ McNutt Academy                           [426/3187]
2026-03-12 17:48:20 - INFO - ✓ Susanville Adventist Christian School    [427/3187]
2026-03-12 17:48:20 - INFO - ✓ Our Lady of Fatima                       [428/3187]
2026-03-12 17:48:21 - INFO - ✓ Valley Christian High School             [429/3187]
2026-03-12 17:48:22 - INFO - ✓ Alpha Shen Kindergarten                  [430/3187]
2026-03-12 17:48:22 - INFO - ✓ Valley Christian Middle School           [431/3187]
2026-03-12 17:48:22 - INFO - ✓ All Souls World Language Catholic School [432/3187]
2026-03-12 17:48:22 - INFO - ✓ American Institute of Mathematics and Sc [433/3187]
2026-03-12 17:48:22 - INFO - ✓ Angel's Montessori Preschool, Inc.       [434/3187]
2026-03-12 17:48:23 - INFO - ✓ Bell Tower Trilingual School             [435/3187]
2026-03-12 17:48:23 - INFO - ✓ Emmaus Lutheran                          [436/3187]
2026-03-12 17:48:23 - INFO - ✓ Foothill Preparatory School              [437/3187]
2026-03-12 17:48:24 - INFO - ✓ Happy DAy School Inc.                    [438/3187]
2026-03-12 17:48:24 - INFO - ✓ Lily's Garden Preschool and Kindergarten [439/3187]
2026-03-12 17:48:25 - INFO - ✓ Oneonta Montessori School                [440/3187]
2026-03-12 17:48:26 - INFO - ✓ St. Therese School                       [441/3187]
2026-03-12 17:48:26 - INFO - ✓ Sierra School of Alhambra                [442/3187]
2026-03-12 17:48:26 - INFO - ✓ St. Thomas More Catholic Elementary      [443/3187]
2026-03-12 17:48:27 - INFO - ✓ Academy of Divergent Learners            [444/3187]
2026-03-12 17:48:27 - INFO - ✓ Ramona Convent Secondary School          [445/3187]
2026-03-12 17:48:27 - INFO - ✓ Fabunni Private School                   [446/3187]
2026-03-12 17:48:27 - INFO - ✓ Holston Academy                          [447/3187]
2026-03-12 17:48:27 - INFO - ✓ Paraclete High School                    [448/3187]
2026-03-12 17:48:28 - INFO - ✓ W T Reynolds Academy                     [449/3187]
2026-03-12 17:48:29 - INFO - ✓ Arcadia Christian School                 [450/3187]
2026-03-12 17:48:29 - INFO - ✓ Arcadia Montessori School                [451/3187]
2026-03-12 17:48:30 - INFO - ✓ Arcadia College Preparatory              [452/3187]
2026-03-12 17:48:30 - INFO - ✓ Arroyo Pacific Academy                   [453/3187]
2026-03-12 17:48:30 - INFO - ✓ Barnhart School                          [454/3187]
2026-03-12 17:48:31 - INFO - ✓ Holy Angels                              [455/3187]
2026-03-12 17:48:31 - INFO - ✓ Auburn Academy                           [456/3187]
2026-03-12 17:48:31 - INFO - ✓ Our Lady of the Angels Academy           [457/3187]
2026-03-12 17:48:31 - INFO - ✓ Christbridge Academy                     [458/3187]
2026-03-12 17:48:31 - INFO - ✓ St. Frances of Rome                      [459/3187]
2026-03-12 17:48:33 - INFO - ✓ St. John the Baptist School              [460/3187]
2026-03-12 17:48:33 - INFO - ✓ Bishop Amat Memorial High                [461/3187]
2026-03-12 17:48:33 - INFO - ✓ St. Louis of France                      [462/3187]
2026-03-12 17:48:33 - INFO - ✓ East Valley Adventist School             [463/3187]
2026-03-12 17:48:34 - INFO - ✓ Adventist Union School                   [464/3187]
2026-03-12 17:48:34 - INFO - ✓ St. Bernard                              [465/3187]
2026-03-12 17:48:34 - INFO - ✓ Southland Christian Academy              [466/3187]
2026-03-12 17:48:35 - INFO - ✓ Valley Christian Elementary School       [467/3187]
2026-03-12 17:48:36 - INFO - ✓ Wonderland Montessori                    [468/3187]
2026-03-12 17:48:36 - INFO - ✓ Saint Joseph High School                 [469/3187]
2026-03-12 17:48:37 - INFO - ✓ Good Shepherd Catholic School            [470/3187]
2026-03-12 17:48:37 - INFO - ✓ Creative Day Academy                     [471/3187]
2026-03-12 17:48:37 - INFO - ✓ Harkham Hillel Hebrew Academy            [472/3187]
2026-03-12 17:48:37 - INFO - ✓ Global Citizen Leadership                [473/3187]
2026-03-12 17:48:37 - INFO - ✓ Hebrew Day School                        [474/3187]
2026-03-12 17:48:38 - INFO - ✓ Subject Virtual School                   [475/3187]
2026-03-12 17:48:38 - INFO - ✓ Arrow Montessori School of San Dimas     [476/3187]
2026-03-12 17:48:38 - INFO - ✓ Calvary Baptist Schools                  [477/3187]
2026-03-12 17:48:39 - INFO - ✓ Canyon View School                       [478/3187]
2026-03-12 17:48:40 - INFO - ✓ Damien High School                       [479/3187]
2026-03-12 17:48:40 - INFO - ✓ Haynes Family of Programs dba Bliss Acad [480/3187]
2026-03-12 17:48:41 - INFO - ✓ Holy Name of Mary                        [481/3187]
2026-03-12 17:48:41 - INFO - 💾 Saving checkpoint (45 processed)
2026-03-12 17:48:41 - INFO - ✓ Joan Macy School                         [482/3187]
2026-03-12 17:48:41 - INFO - ✓ VIA VERDE MONTESSORI SCHOOL CORP.        [483/3187]
2026-03-12 17:48:41 - INFO - ✓ Lighthouse Baptist Academy               [484/3187]
2026-03-12 17:48:41 - INFO - ✓ Brighton Hall                            [485/3187]
2026-03-12 17:48:42 - INFO - ✓ International School of Los Angeles-BB   [486/3187]
2026-03-12 17:48:42 - INFO - ✓ Joyful Zen Academy LLC                   [487/3187]
2026-03-12 17:48:43 - INFO - ✓ Learning Trajectory                      [488/3187]
2026-03-12 17:48:43 - INFO - ✓ Little Angels Academy Burbank Inc.       [489/3187]
2026-03-12 17:48:44 - INFO - ✓ Providence High School                   [490/3187]
2026-03-12 17:48:44 - INFO - ✓ Saint Finbar School                      [491/3187]
2026-03-12 17:48:44 - INFO - ✓ Saint Francis Xavier School              [492/3187]
2026-03-12 17:48:45 - INFO - ✓ Scholars Preparatory School              [493/3187]
2026-03-12 17:48:45 - INFO - ✓ Cimarron Academy                         [494/3187]
2026-03-12 17:48:45 - INFO - ✓ Trinity Classical Academy                [495/3187]
2026-03-12 17:48:46 - INFO - ✓ St. Robert Bellarmine Elementary         [496/3187]
2026-03-12 17:48:46 - INFO - ✓ Higher Calling Academy                   [497/3187]
2026-03-12 17:48:46 - INFO - ✓ Vistamar School                          [498/3187]
2026-03-12 17:48:47 - INFO - ✓ St. Louise de Marillac School            [499/3187]
2026-03-12 17:48:47 - INFO - ✓ The Learning Tree                        [500/3187]
2026-03-12 17:48:47 - INFO - ✓ Academy of Sports Science                [501/3187]
2026-03-12 17:48:48 - INFO - ✓ City of Knowledge                        [502/3187]
2026-03-12 17:48:48 - INFO - ✓ Foothill Country Day School              [503/3187]
2026-03-12 17:48:49 - INFO - ✓ Sonrise Christian                        [504/3187]
2026-03-12 17:48:49 - INFO - ✓ The Webb Schools                         [505/3187]
2026-03-12 17:48:49 - INFO - ✓ ICC Community School                     [506/3187]
2026-03-12 17:48:50 - INFO - ✓ Epiphany Academy                         [507/3187]
2026-03-12 17:48:51 - INFO - ✓ Eko Multi-Purpose Center                 [508/3187]
2026-03-12 17:48:51 - INFO - ✓ Los Angeles Adventist Academy            [509/3187]
2026-03-12 17:48:51 - INFO - ✓ Los Angeles Computer Science Academy     [510/3187]
2026-03-12 17:48:51 - INFO - 💾 Saving checkpoint (45 processed)
2026-03-12 17:48:52 - INFO - ✓ Western Christian                        [511/3187]
2026-03-12 17:48:52 - INFO - ✓ Mandela Children's Learning Village      [512/3187]
2026-03-12 17:48:52 - INFO - ✓ Compton Performing Arts Academy          [513/3187]
2026-03-12 17:48:53 - INFO - ✓ OPTIMAL CHRISTIAN ACADEMY                [514/3187]
2026-03-12 17:48:53 - INFO - ✓ Our Lady of Victory Catholic School      [515/3187]
2026-03-12 17:48:53 - INFO - ✓ Our Lady of the Assumption               [516/3187]
2026-03-12 17:48:54 - INFO - ✓ Red Star                                 [517/3187]
2026-03-12 17:48:54 - INFO - ✓ St. Albert the Great Elementary School   [518/3187]
2026-03-12 17:48:55 - INFO - ✓ Wonderland Angels Early Learning Center  [519/3187]
2026-03-12 17:48:55 - INFO - ✓ Firm Foundation Christian Academy        [520/3187]
2026-03-12 17:48:55 - INFO - ✓ Jubilee Christian School                 [521/3187]
2026-03-12 17:48:56 - INFO - ✓ Legacy Christian PSP                     [522/3187]
2026-03-12 17:48:56 - INFO - ✓ West Covina Hills Adventist School       [523/3187]
2026-03-12 17:48:57 - INFO - ✓ Sacred Heart Elementary                  [524/3187]
2026-03-12 17:48:57 - INFO - ✓ Park Century Elementary                  [525/3187]
2026-03-12 17:48:58 - INFO - ✓ ECF Kayne Eras Center                    [526/3187]
2026-03-12 17:48:58 - INFO - ✓ Echo Horizon School                      [527/3187]
2026-03-12 17:48:58 - INFO - ✓ Ready Global Academy (Online School)     [528/3187]
2026-03-12 17:48:58 - INFO - ✓ The Willows Community School             [529/3187]
2026-03-12 17:48:59 - INFO - ✓ Summit View–Westside                     [530/3187]
2026-03-12 17:48:59 - INFO - ✓ Turning Point School                     [531/3187]
2026-03-12 17:48:59 - INFO - ✓ Calvary Chapel Christian                 [532/3187]
2026-03-12 17:49:00 - INFO - ✓ Around the World Children's Center       [533/3187]
2026-03-12 17:49:01 - INFO - ✓ Cedar House Academy                      [534/3187]
2026-03-12 17:49:01 - INFO - ✓ Creative Beginnings                      [535/3187]
2026-03-12 17:49:01 - INFO - ✓ Downey Christian School                  [536/3187]
2026-03-12 17:49:01 - INFO - ✓ Kirkwood Christian Schools               [537/3187]
2026-03-12 17:49:02 - INFO - ✓ Montessori Academy of Downey             [538/3187]
2026-03-12 17:49:02 - INFO - ✓ St. Dominic Savio                        [539/3187]
2026-03-12 17:49:02 - INFO - ✓ St. John Bosco High School               [540/3187]
2026-03-12 17:49:03 - INFO - ✓ St. Raymond Elementary                   [541/3187]
2026-03-12 17:49:03 - INFO - ✓ St. Pius X St. Matthias Academy          [542/3187]
2026-03-12 17:49:04 - INFO - ✓ Our Lady of Perpetual Help School        [543/3187]
2026-03-12 17:49:06 - INFO - ✓ Berean Baptist Academy                   [544/3187]
2026-03-12 17:49:06 - INFO - ✓ Anita Oaks DBA Foothill Oaks Academy     [545/3187]
2026-03-12 17:49:07 - INFO - ✓ Carden Academy of Whittier               [546/3187]
2026-03-12 17:49:07 - INFO - ✓ Heights Christian Schools, La Mirada     [547/3187]
2026-03-12 17:49:07 - INFO - ✓ Mulberry Tree Preschool                  [548/3187]
2026-03-12 17:49:08 - INFO - ✓ St. Bruno Parish School                  [549/3187]
2026-03-12 17:49:08 - INFO - ✓ Academy for Advancement of Children with [550/3187]
2026-03-12 17:49:08 - INFO - ✓ St. Gregory the Great                    [551/3187]
2026-03-12 17:49:08 - INFO - ✓ Blessed Hope Academy                     [552/3187]
2026-03-12 17:49:09 - INFO - ✓ Lancaster Baptist School                 [553/3187]
2026-03-12 17:49:10 - INFO - ✓ Calvary Chapel El Monte Homeschool Acade [554/3187]
2026-03-12 17:49:11 - INFO - ✓ New Life Christian School                [555/3187]
2026-03-12 17:49:11 - INFO - 💾 Saving checkpoint (60 processed)
2026-03-12 17:49:11 - INFO - ✓ Shield of Faith Christian School-EHE     [556/3187]
2026-03-12 17:49:11 - INFO - ✓ Rio Hondo Preparatory                    [557/3187]
2026-03-12 17:49:11 - INFO - ✓ St. Hilary                               [558/3187]
2026-03-12 17:49:11 - INFO - 💾 Saving checkpoint (60 processed)
2026-03-12 17:49:12 - INFO - ✓ St. Marianne De Parades Elementary       [559/3187]
2026-03-12 17:49:12 - INFO - 💾 Saving checkpoint (60 processed)
2026-03-12 17:49:12 - INFO - ✓ ROSEMEAD EDUCATION CENTER                [560/3187]
2026-03-12 17:49:12 - INFO - 💾 Saving checkpoint (60 processed)
2026-03-12 17:49:12 - INFO - ✓ Armenian Fairytale                       [561/3187]
2026-03-12 17:49:12 - INFO - ✓ St. Anthony School                       [562/3187]
2026-03-12 17:49:13 - INFO - ✓ Armenian Sisters' Academy of Los Angeles [563/3187]
2026-03-12 17:49:13 - INFO - 💾 Saving checkpoint (60 processed)
2026-03-12 17:49:13 - INFO - ✓ Nativity                                 [564/3187]
2026-03-12 17:49:14 - INFO - ✓ Artek Child Education Center, Inc.       [565/3187]
2026-03-12 17:49:14 - INFO - ✓ Chamlian Armenian School                 [566/3187]
2026-03-12 17:49:14 - INFO - 💾 Saving checkpoint (45 processed)
2026-03-12 17:49:15 - INFO - ✓ Eden Academy                             [567/3187]
2026-03-12 17:49:15 - INFO - ✓ EDEN ACADEMY                             [568/3187]
2026-03-12 17:49:15 - INFO - ✓ Elliott Institute                        [569/3187]
2026-03-12 17:49:16 - INFO - ✓ First Steps                              [570/3187]
2026-03-12 17:49:16 - INFO - ✓ Glendale Montessori School               [571/3187]
2026-03-12 17:49:16 - INFO - 💾 Saving checkpoint (60 processed)
2026-03-12 17:49:16 - INFO - ✓ Glendale Adventist Academy               [572/3187]
2026-03-12 17:49:17 - INFO - ✓ Grand Educational Centre                 [573/3187]
2026-03-12 17:49:17 - INFO - ✓ Holy Family Elementary                   [574/3187]
2026-03-12 17:49:17 - INFO - ✓ Incarnation Elementary                   [575/3187]
2026-03-12 17:49:18 - INFO - ✓ La Crescenta Montessori school           [576/3187]
2026-03-12 17:49:18 - INFO - ✓ Kids Jungle Child Care                   [577/3187]
2026-03-12 17:49:18 - INFO - ✓ Salem Lutheran School                    [578/3187]
2026-03-12 17:49:19 - INFO - ✓ Montrose Christian Montessori School     [579/3187]
2026-03-12 17:49:20 - INFO - ✓ St. Mary's Church Armenian Kindergarten  [580/3187]
2026-03-12 17:49:20 - INFO - ✓ St. James -Holy Redeemer School          [581/3187]
2026-03-12 17:49:21 - INFO - ✓ Hope Lutheran Elementary                 [582/3187]
2026-03-12 17:49:21 - INFO - 💾 Saving checkpoint (60 processed)
2026-03-12 17:49:21 - INFO - ✓ St. Dorothy Elementary School            [583/3187]
2026-03-12 17:49:21 - INFO - ✓ Zangakner                                [584/3187]
2026-03-12 17:49:21 - INFO - ✓ Foothill Christian                       [585/3187]
2026-03-12 17:49:21 - INFO - ✓ St. Lucy's Priory High School            [586/3187]
2026-03-12 17:49:22 - INFO - ✓ DEWAY SCHOOL                             [587/3187]
2026-03-12 17:49:22 - INFO - ✓ Goal Get It                              [588/3187]
2026-03-12 17:49:22 - INFO - ✓ Molokan Elementary School                [589/3187]
2026-03-12 17:49:23 - INFO - ✓ New Montessori School                    [590/3187]
2026-03-12 17:49:23 - INFO - ✓ Progress Learning Center                 [591/3187]
2026-03-12 17:49:24 - INFO - ✓ St. Joseph Elementary                    [592/3187]
2026-03-12 17:49:25 - INFO - ✓ Al-huda Islamic School                   [593/3187]
2026-03-12 17:49:25 - INFO - ✓ St. Mark's Lutheran Elementary           [594/3187]
2026-03-12 17:49:25 - INFO - ✓ Sunshine Boarding School                 [595/3187]
2026-03-12 17:49:25 - INFO - ✓ Rising Stars Academy Elementary          [596/3187]
2026-03-12 17:49:25 - INFO - ✓ St. Joseph Elementary                    [597/3187]
2026-03-12 17:49:26 - INFO - ✓ Our Lady of Guadalupe Elementary         [598/3187]
2026-03-12 17:49:26 - INFO - ✓ A Bright Beginning                       [599/3187]
2026-03-12 17:49:26 - INFO - ✓ A Bright Beginning CDC                   [600/3187]
2026-03-12 17:49:27 - INFO - ✓ CORE 4 Learning Launchpad                [601/3187]
2026-03-12 17:49:27 - INFO - ✓ Academy for Early Learning               [602/3187]
2026-03-12 17:49:28 - INFO - ✓ Dolores T Richardson School              [603/3187]
2026-03-12 17:49:28 - INFO - ✓ HOPE Academy for Scholarship and Innovat [604/3187]
2026-03-12 17:49:29 - INFO - ✓ Kids' Castle Child Care Center           [605/3187]
2026-03-12 17:49:29 - INFO - ✓ Slauson Learning Center, No. 2           [606/3187]
2026-03-12 17:49:29 - INFO - ✓ St. John Chrysostom                      [607/3187]
2026-03-12 17:49:29 - INFO - ✓ St. Mary's Academy                       [608/3187]
2026-03-12 17:49:30 - INFO - ✓ The Afro-Montessori School               [609/3187]
2026-03-12 17:49:30 - INFO - ✓ Flintridge Montessori Preschool & Elemen [610/3187]
2026-03-12 17:49:31 - INFO - ✓ Flintridge Sacred Heart Academy          [611/3187]
2026-03-12 17:49:31 - INFO - ✓ Flintridge Preparatory School            [612/3187]
2026-03-12 17:49:31 - INFO - ✓ Foothill Progressive Montessori Schools  [613/3187]
2026-03-12 17:49:32 - INFO - ✓ Hillside School and Learning Center      [614/3187]
2026-03-12 17:49:32 - INFO - ✓ Hogg's Hollow Kindergarten               [615/3187]
2026-03-12 17:49:33 - INFO - ✓ Learning Castle, Inc. (aka La Canada Pre [616/3187]
2026-03-12 17:49:33 - INFO - ✓ Crestview Preparatory School             [617/3187]
2026-03-12 17:49:33 - INFO - ✓ St. Bede the Venerable Elementary        [618/3187]
2026-03-12 17:49:33 - INFO - ✓ St. Francis High School                  [619/3187]
2026-03-12 17:49:33 - INFO - ✓ Antelope Valley Adventist School         [620/3187]
2026-03-12 17:49:34 - INFO - ✓ Bethel Christian School                  [621/3187]
2026-03-12 17:49:35 - INFO - ✓ Calvary Chapel Christian School          [622/3187]
2026-03-12 17:49:35 - INFO - ✓ Desert Christian Schools                 [623/3187]
2026-03-12 17:49:35 - INFO - ✓ Eduventuring Academy PSP                 [624/3187]
2026-03-12 17:49:35 - INFO - ✓ ELM/KWA PRIVATE CHRISTIAN SCHOOL         [625/3187]
2026-03-12 17:49:35 - INFO - 💾 Saving checkpoint (60 processed)
2026-03-12 17:49:36 - INFO - ✓ Grace Lutheran Christian Academy         [626/3187]
2026-03-12 17:49:36 - INFO - ✓ League of Angels Learning Center         [627/3187]
2026-03-12 17:49:36 - INFO - ✓ Sacred Heart Elementary                  [628/3187]
2026-03-12 17:49:37 - INFO - ✓ Seton, Inc.                              [629/3187]
2026-03-12 17:49:37 - INFO - ✓ The Best Start Preparatory Academy       [630/3187]
2026-03-12 17:49:37 - INFO - ✓ FEYDEY                                   [631/3187]
2026-03-12 17:49:38 - INFO - ✓ Fusion Academy - Westlake Village        [632/3187]
2026-03-12 17:49:39 - INFO - ✓ Ilan Ramon Day School                    [633/3187]
2026-03-12 17:49:39 - INFO - ✓ Mesivta of Greater Los Angeles           [634/3187]
2026-03-12 17:49:39 - INFO - ✓ Oaks Christian School                    [635/3187]
2026-03-12 17:49:40 - INFO - ✓ Qualia: The School for Deeper Learning   [636/3187]
2026-03-12 17:49:40 - INFO - ✓ Saint Jude the Apostle                   [637/3187]
2026-03-12 17:49:40 - INFO - ✓ Viewpoint School                         [638/3187]
2026-03-12 17:49:40 - INFO - ✓ T.J.'s Learning Center                   [639/3187]
2026-03-12 17:49:41 - INFO - ✓ CPU K12 Academy                          [640/3187]
2026-03-12 17:49:41 - INFO - ✓ Santa Fe Springs Christian School        [641/3187]
2026-03-12 17:49:41 - INFO - ✓ St. Pius X Parish School                 [642/3187]
2026-03-12 17:49:42 - INFO - ✓ Trinity Christian School                 [643/3187]
2026-03-12 17:49:42 - INFO - ✓ American University Research Academy     [644/3187]
2026-03-12 17:49:43 - INFO - ✓ Bethany Baptist Elementary               [645/3187]
2026-03-12 17:49:43 - INFO - ✓ Bible Baptist Academy                    [646/3187]
2026-03-12 17:49:43 - INFO - ✓ Brooks Institute of higher learning      [647/3187]
2026-03-12 17:49:44 - INFO - ✓ El Camino                                [648/3187]
2026-03-12 17:49:44 - INFO - ✓ Empowering Minds In Truth Academy        [649/3187]
2026-03-12 17:49:44 - INFO - ✓ First Baptist Church School              [650/3187]
2026-03-12 17:49:45 - INFO - ✓ Gethsemane Baptist Christian             [651/3187]
2026-03-12 17:49:45 - INFO - ✓ Holy Innocents                           [652/3187]
2026-03-12 17:49:45 - INFO - ✓ Home Education                           [653/3187]
2026-03-12 17:49:46 - INFO - ✓ HUNTINGTON ACADEMY                       [654/3187]
2026-03-12 17:49:47 - INFO - ✓ Lakewood Christian Schools               [655/3187]
2026-03-12 17:49:47 - INFO - ✓ Los Altos Classical Christian Academy    [656/3187]
2026-03-12 17:49:47 - INFO - ✓ Maple Village Waldorf School             [657/3187]
2026-03-12 17:49:47 - INFO - ✓ Marina Montessori School                 [658/3187]
2026-03-12 17:49:48 - INFO - ✓ Montessori Children's House              [659/3187]
2026-03-12 17:49:48 - INFO - 💾 Saving checkpoint (60 processed)
2026-03-12 17:49:49 - INFO - ✓ Bethany Lutheran                         [660/3187]
2026-03-12 17:49:49 - INFO - ✓ Montessori On Elm                        [661/3187]
2026-03-12 17:49:49 - INFO - ✓ New Hope Academy of Change               [662/3187]
2026-03-12 17:49:49 - INFO - ✓ Oaktree Preschool and Kindergarten       [663/3187]
2026-03-12 17:49:50 - INFO - ✓ Oakwood Academy                          [664/3187]
2026-03-12 17:49:50 - INFO - ✓ OG Life University                       [665/3187]
2026-03-12 17:49:51 - INFO - ✓ Saint Anthony High School                [666/3187]
2026-03-12 17:49:51 - INFO - ✓ Our Lady of Refuge Catholic              [667/3187]
2026-03-12 17:49:51 - INFO - ✓ Spectrum Center Schools-Lakewood High Sc [668/3187]
2026-03-12 17:49:52 - INFO - ✓ St. Anthony Parish                       [669/3187]
2026-03-12 17:49:52 - INFO - ✓ St. Athanasius Elementary                [670/3187]
2026-03-12 17:49:53 - INFO - ✓ St. Barnabas Elementary                  [671/3187]
2026-03-12 17:49:53 - INFO - ✓ St. Cornelius School                     [672/3187]
2026-03-12 17:49:53 - INFO - ✓ St. Cyprian Elementary                   [673/3187]
2026-03-12 17:49:53 - INFO - ✓ St. Joseph Elementary                    [674/3187]
2026-03-12 17:49:54 - INFO - ✓ St. Lucy School                          [675/3187]
2026-03-12 17:49:54 - INFO - ✓ St. Maria Goretti School                 [676/3187]
2026-03-12 17:49:54 - INFO - ✓ Success Work College Preparatory Academy [677/3187]
2026-03-12 17:49:55 - INFO - ✓ The Muse Academy                         [678/3187]
2026-03-12 17:49:55 - INFO - ✓ Westerly School of Long Beach            [679/3187]
2026-03-12 17:49:56 - INFO - ✓ Luminar Prep Academy                     [680/3187]
2026-03-12 17:49:56 - INFO - ✓ Abraham Joshua Heschel Day School        [681/3187]
2026-03-12 17:49:57 - INFO - ✓ Achievers Academy Preschool              [682/3187]
2026-03-12 17:49:57 - INFO - ✓ Acton Academy Venice Beach               [683/3187]
2026-03-12 17:49:57 - INFO - ✓ AGBU Manoogian-Demirdjian                [684/3187]
2026-03-12 17:49:58 - INFO - ✓ Al Falaq Meraj Academy                   [685/3187]
2026-03-12 17:49:58 - INFO - ✓ Al Hadi School                           [686/3187]
2026-03-12 17:49:59 - INFO - ✓ All About Kids                           [687/3187]
2026-03-12 17:50:00 - INFO - ✓ American Unified School of Technology    [688/3187]
2026-03-12 17:50:00 - INFO - ✓ Anapasec Adventures                      [689/3187]
2026-03-12 17:50:00 - INFO - 💾 Saving checkpoint (75 processed)
2026-03-12 17:50:00 - INFO - ✓ Argo Navis School                        [690/3187]
2026-03-12 17:50:01 - INFO - ✓ Aristotle Academy                        [691/3187]
2026-03-12 17:50:01 - INFO - ✓ Ascension Elementary Catholic            [692/3187]
2026-03-12 17:50:02 - INFO - ✓ Astra Nova School                        [693/3187]
2026-03-12 17:50:02 - INFO - ✓ Angeles Workshop School                  [694/3187]
2026-03-12 17:50:03 - INFO - ✓ Bais Chana Heritage School, Inc DBA Ohel [695/3187]
2026-03-12 17:50:03 - INFO - ✓ Bais Chaya Mushka School of Los Angeles  [696/3187]
2026-03-12 17:50:03 - INFO - ✓ Bais Yaakov School for Girls             [697/3187]
2026-03-12 17:50:04 - INFO - ✓ Berkeley Hall School                     [698/3187]
2026-03-12 17:50:04 - INFO - ✓ Bell Hooks, Academy of Faithful Scholars [699/3187]
2026-03-12 17:50:04 - INFO - ✓ Beth Hillel Day                          [700/3187]
2026-03-12 17:50:04 - INFO - 💾 Saving checkpoint (60 processed)
2026-03-12 17:50:05 - INFO - ✓ Bethel Baptist Christian School          [701/3187]
2026-03-12 17:50:05 - INFO - 💾 Saving checkpoint (75 processed)
2026-03-12 17:50:06 - INFO - ✓ Beverly Hills RC School                  [702/3187]
2026-03-12 17:50:06 - INFO - ✓ Bishop Alemany High School               [703/3187]
2026-03-12 17:50:06 - INFO - ✓ Bishop Conaty–Our Lady of Loretto High S [704/3187]
2026-03-12 17:50:08 - INFO - ✓ Bowen Family Childcare                   [705/3187]
2026-03-12 17:50:08 - INFO - ✓ Bishop Mora Salesian High School         [706/3187]
2026-03-12 17:50:09 - INFO - ✓ Brawerman Elementary East                [707/3187]
2026-03-12 17:50:10 - INFO - ✓ Brawerman Elementary School West of Wils [708/3187]
2026-03-12 17:50:10 - INFO - ✓ Brentwood School                         [709/3187]
2026-03-12 17:50:10 - INFO - 💾 Saving checkpoint (75 processed)
2026-03-12 17:50:10 - INFO - ✓ Bridge Academy                           [710/3187]
2026-03-12 17:50:11 - INFO - ✓ Bridgeport                               [711/3187]
2026-03-12 17:50:12 - INFO - ✓ Bridges Academy                          [712/3187]
2026-03-12 17:50:12 - INFO - ✓ Bridgeport West School                   [713/3187]
2026-03-12 17:50:13 - INFO - ✓ Bright Scholars Christian Academy, Inc.  [714/3187]
2026-03-12 17:50:13 - INFO - ✓ The Vida School                          [715/3187]
2026-03-12 17:50:14 - INFO - ✓ Briskin Elementary School of Temple Isra [716/3187]
2026-03-12 17:50:14 - INFO - ✓ Buckner Educational Christian Academy    [717/3187]
2026-03-12 17:50:15 - INFO - ✓ Buckley School, The                      [718/3187]
2026-03-12 17:50:15 - INFO - ✓ C. and E. Merdinian Armenian Evangelical [719/3187]
2026-03-12 17:50:15 - INFO - ✓ California University FCE                [720/3187]
2026-03-12 17:50:15 - INFO - ✓ Calvary Christian School                 [721/3187]
2026-03-12 17:50:15 - INFO - 💾 Saving checkpoint (75 processed)
2026-03-12 17:50:16 - INFO - ✓ Campbell Hall (Episcopal)                [722/3187]
2026-03-12 17:50:16 - INFO - ✓ Carousel                                 [723/3187]
2026-03-12 17:50:17 - INFO - ✓ Carson Christian School                  [724/3187]
2026-03-12 17:50:17 - INFO - ✓ Cathedral Chapel Elementary              [725/3187]
2026-03-12 17:50:18 - INFO - ✓ Castle Elementary School                 [726/3187]
2026-03-12 17:50:18 - INFO - ✓ Cathedral High School                    [727/3187]
2026-03-12 17:50:18 - INFO - ✓ Chabad GAON Academy                      [728/3187]
2026-03-12 17:50:19 - INFO - ✓ Chabad Israeli Center, Inc               [729/3187]
2026-03-12 17:50:19 - INFO - ✓ Chaminade College Preparatory            [730/3187]
2026-03-12 17:50:20 - INFO - ✓ Chaminade College Preparatory High Schoo [731/3187]
2026-03-12 17:50:20 - INFO - ✓ Centinela Christian Child Development Ce [732/3187]
2026-03-12 17:50:21 - INFO - ✓ Champion of Life Academy                 [733/3187]
2026-03-12 17:50:21 - INFO - ✓ Cheder Menachem                          [734/3187]
2026-03-12 17:50:21 - INFO - ✓ Cheerful Helpers Child and Family Study  [735/3187]
2026-03-12 17:50:22 - INFO - ✓ Child's World School                     [736/3187]
2026-03-12 17:50:22 - INFO - ✓ Child's World School                     [737/3187]
2026-03-12 17:50:23 - INFO - ✓ Children Community Academy Inc.          [738/3187]
2026-03-12 17:50:23 - INFO - ✓ Children's Community School              [739/3187]
2026-03-12 17:50:24 - INFO - ✓ Christ Lutheran Church and School        [740/3187]
2026-03-12 17:50:24 - INFO - ✓ Christ the King Elementary               [741/3187]
2026-03-12 17:50:24 - INFO - ✓ Cleophas Oliver Learning Academy         [742/3187]
2026-03-12 17:50:25 - INFO - ✓ Cheder of Los Angeles                    [743/3187]
2026-03-12 17:50:25 - INFO - ✓ Coastal Academy                          [744/3187]
2026-03-12 17:50:25 - INFO - ✓ Compass Christian Academy                [745/3187]
2026-03-12 17:50:26 - INFO - ✓ Concordia Christian                      [746/3187]
2026-03-12 17:50:26 - INFO - ✓ Country School, The                      [747/3187]
2026-03-12 17:50:26 - INFO - 💾 Saving checkpoint (75 processed)
2026-03-12 17:50:27 - INFO - ✓ Creative Center for Children             [748/3187]
2026-03-12 17:50:27 - INFO - ✓ Creative Hands Learning Academy Inc      [749/3187]
2026-03-12 17:50:28 - INFO - ✓ Creative Learning Academy                [750/3187]
2026-03-12 17:50:28 - INFO - ✓ Creative Learning STEAM Academy          [751/3187]
2026-03-12 17:50:29 - INFO - ✓ Crespi Carmelite High School             [752/3187]
2026-03-12 17:50:29 - INFO - ✓ ABC Little School                        [753/3187]
2026-03-12 17:50:29 - INFO - ✓ Cristo Viene Christian Scool             [754/3187]
2026-03-12 17:50:30 - INFO - ✓ Curtis School                            [755/3187]
2026-03-12 17:50:30 - INFO - ✓ De La Salle                              [756/3187]
2026-03-12 17:50:30 - INFO - ✓ Academy for Advancement of Children With [757/3187]
2026-03-12 17:50:31 - INFO - ✓ de Toledo High School                    [758/3187]
2026-03-12 17:50:31 - INFO - ✓ Debbie Allen Middle School               [759/3187]
2026-03-12 17:50:31 - INFO - ✓ Delphi Academy of Los Angeles            [760/3187]
2026-03-12 17:50:32 - INFO - ✓ Discovery School                         [761/3187]
2026-03-12 17:50:33 - INFO - ✓ Destinations Academy                     [762/3187]
2026-03-12 17:50:33 - INFO - ✓ Ditch School                             [763/3187]
2026-03-12 17:50:33 - INFO - ✓ DNA Prep Academy                         [764/3187]
2026-03-12 17:50:33 - INFO - ✓ Dolores Mission School                   [765/3187]
2026-03-12 17:50:33 - INFO - ✓ DRAGON ROCC ACADEMY                      [766/3187]
2026-03-12 17:50:34 - INFO - ✓ Dubnoff School                           [767/3187]
2026-03-12 17:50:34 - INFO - ✓ edUcate Higher Academy                   [768/3187]
2026-03-12 17:50:35 - INFO - ✓ Eden Creative Arts                       [769/3187]
2026-03-12 17:50:35 - INFO - ✓ Egremont Schools, Inc.                   [770/3187]
2026-03-12 17:50:35 - INFO - ✓ ElRay Jewish Academy                     [771/3187]
2026-03-12 17:50:36 - INFO - ✓ Emek Early Childhood Center              [772/3187]
2026-03-12 17:50:36 - INFO - ✓ Emek Hebrew Academy                      [773/3187]
2026-03-12 17:50:36 - INFO - 💾 Saving checkpoint (75 processed)
2026-03-12 17:50:37 - INFO - ✓ Empower STEM                             [774/3187]
2026-03-12 17:50:37 - INFO - 💾 Saving checkpoint (75 processed)
2026-03-12 17:50:37 - INFO - ✓ English For All Language & Homeschool Ac [775/3187]
2026-03-12 17:50:37 - INFO - ✓ Everlasting Elementary School of the Los [776/3187]
2026-03-12 17:50:37 - INFO - ✓ Everyday Ibaadah Academy                 [777/3187]
2026-03-12 17:50:37 - INFO - 💾 Saving checkpoint (75 processed)
2026-03-12 17:50:39 - INFO - ✓ FAIRVIEW CHRISTIAN ACADEMY & ENRICHMENT  [778/3187]
2026-03-12 17:50:39 - INFO - ✓ Faith Christian Academy                  [779/3187]
2026-03-12 17:50:40 - INFO - ✓ Fairhaven Christian Academy              [780/3187]
2026-03-12 17:50:40 - INFO - ✓ Faith Baptist                            [781/3187]
2026-03-12 17:50:40 - INFO - ✓ Faith Christian School PSP               [782/3187]
2026-03-12 17:50:40 - INFO - ✓ First United Methodist Church/Glenoaks C [783/3187]
2026-03-12 17:50:41 - INFO - ✓ FLW Inc.                                 [784/3187]
2026-03-12 17:50:41 - INFO - ✓ Frederick K.C. Price III Christian Schoo [785/3187]
2026-03-12 17:50:41 - INFO - ✓ Friends Academy Inc.                     [786/3187]
2026-03-12 17:50:41 - INFO - ✓ Friends Kids Academy                     [787/3187]
2026-03-12 17:50:42 - INFO - ✓ Fusion Academy Miracle Mile              [788/3187]
2026-03-12 17:50:43 - INFO - ✓ Fusion Academy South Bay                 [789/3187]
2026-03-12 17:50:43 - INFO - ✓ Fusion Academy, Warner Center            [790/3187]
2026-03-12 17:50:43 - INFO - ✓ Fusion Academy West Los Angeles          [791/3187]
2026-03-12 17:50:44 - INFO - ✓ Galaxy Kids Academy                      [792/3187]
2026-03-12 17:50:44 - INFO - 💾 Saving checkpoint (75 processed)
2026-03-12 17:50:44 - INFO - ✓ Gan Israel Hebrew                        [793/3187]
2026-03-12 17:50:45 - INFO - ✓ Gardena Christian Academy                [794/3187]
2026-03-12 17:50:45 - INFO - ✓ Gindi Maimonides Academy                 [795/3187]
2026-03-12 17:50:45 - INFO - ✓ Geffen Academy at UCLA                   [796/3187]
2026-03-12 17:50:45 - INFO - ✓ Gateway Online High School               [797/3187]
2026-03-12 17:50:46 - INFO - ✓ Global Leadership School                 [798/3187]
2026-03-12 17:50:46 - INFO - ✓ Godly Generations Christian Academy      [799/3187]
2026-03-12 17:50:47 - INFO - ✓ Good Shepherd Elementary School          [800/3187]
2026-03-12 17:50:47 - INFO - ✓ Good Shepherd Lutheran School            [801/3187]
2026-03-12 17:50:47 - INFO - ✓ Grace Academy PSP                        [802/3187]
2026-03-12 17:50:48 - INFO - ✓ Grace Global Vision                      [803/3187]
2026-03-12 17:50:48 - INFO - ✓ Granada Preparatory School               [804/3187]
2026-03-12 17:50:49 - INFO - ✓ Groza Academy                            [805/3187]
2026-03-12 17:50:49 - INFO - ✓ Harvard-Westlake                         [806/3187]
2026-03-12 17:50:49 - INFO - ✓ Guardian Angel Catholic School           [807/3187]
2026-03-12 17:50:50 - INFO - ✓ Hawthorne Academy                        [808/3187]
2026-03-12 17:50:50 - INFO - ✓ Haykazunyadz Child Care Center           [809/3187]
2026-03-12 17:50:51 - INFO - ✓ HAYKAZUNYADZ SCHOOL                      [810/3187]
2026-03-12 17:50:51 - INFO - ✓ HELP Group - Young Learners Preschool    [811/3187]
2026-03-12 17:50:51 - INFO - ✓ Heritage Christian School                [812/3187]
2026-03-12 17:50:52 - INFO - ✓ Highland Hall Waldorf School             [813/3187]
2026-03-12 17:50:52 - INFO - ✓ Hill Point Montessori Preparatory School [814/3187]
2026-03-12 17:50:53 - INFO - ✓ Hollywood Schoolhouse                    [815/3187]
2026-03-12 17:50:53 - INFO - ✓ Holy Martyrs Marie Cabayan Elementary an [816/3187]
2026-03-12 17:50:53 - INFO - ✓ Holy Name of Jesus Catholic Elementary   [817/3187]
2026-03-12 17:50:54 - INFO - ✓ Holy Spirit School                       [818/3187]
2026-03-12 17:50:54 - INFO - ✓ Heritage Christian School                [819/3187]
2026-03-12 17:50:54 - INFO - ✓ Holy Trinity                             [820/3187]
2026-03-12 17:50:54 - INFO - 💾 Saving checkpoint (90 processed)
2026-03-12 17:50:54 - INFO - ✓ Houseton Academy of Secondary Education  [821/3187]
2026-03-12 17:50:54 - INFO - ✓ Holy Trinity Elementary School           [822/3187]
2026-03-12 17:50:55 - INFO - ✓ ICL Academy                              [823/3187]
2026-03-12 17:50:56 - INFO - ✓ Immaculate Conception                    [824/3187]
2026-03-12 17:50:57 - INFO - ✓ Immaculate Heart Middle and High School  [825/3187]
2026-03-12 17:50:57 - INFO - ✓ Incubator                                [826/3187]
2026-03-12 17:50:57 - INFO - ✓ Immaculate Heart of Mary Elementary      [827/3187]
2026-03-12 17:50:57 - INFO - ✓ International School of Los Angeles-LF   [828/3187]
2026-03-12 17:50:58 - INFO - ✓ Interamerican Adult School               [829/3187]
2026-03-12 17:50:58 - INFO - 💾 Saving checkpoint (75 processed)
2026-03-12 17:50:58 - INFO - ✓ International School of Los Angeles–WV   [830/3187]
2026-03-12 17:50:58 - INFO - ✓ Intiwasi Elementary                      [831/3187]
2026-03-12 17:50:58 - INFO - ✓ Islah Academy                            [832/3187]
2026-03-12 17:50:59 - INFO - ✓ Ivy League Royal Academy run by Renaissa [833/3187]
2026-03-12 17:50:59 - INFO - ✓ Ivy League Royal Academy run by Renaissa [834/3187]
2026-03-12 17:51:00 - INFO - ✓ Ivy Road School                          [835/3187]
2026-03-12 17:51:00 - INFO - 💾 Saving checkpoint (90 processed)
2026-03-12 17:51:01 - INFO - ✓ J J Academy                              [836/3187]
2026-03-12 17:51:01 - INFO - ✓ James Educational Center                 [837/3187]
2026-03-12 17:51:01 - INFO - ✓ Jennifer Kelley                          [838/3187]
2026-03-12 17:51:01 - INFO - ✓ JETS Yeshivah                            [839/3187]
2026-03-12 17:51:02 - INFO - ✓ John Tracy Center                        [840/3187]
2026-03-12 17:51:02 - INFO - ✓ Junipero Serra High School               [841/3187]
2026-03-12 17:51:02 - INFO - ✓ Jus Kids Academy                         [842/3187]
2026-03-12 17:51:02 - INFO - ✓ K12 private academy                      [843/3187]
2026-03-12 17:51:03 - INFO - ✓ Kadima Day School                        [844/3187]
2026-03-12 17:51:04 - INFO - ✓ Kids'  World School                      [845/3187]
2026-03-12 17:51:04 - INFO - ✓ Kidz Kingdom Academy                     [846/3187]
2026-03-12 17:51:04 - INFO - 💾 Saving checkpoint (90 processed)
2026-03-12 17:51:05 - INFO - ✓ Kirk O' The Valley School                [847/3187]
2026-03-12 17:51:05 - INFO - ✓ Kotanjyants Strong Minds Academy         [848/3187]
2026-03-12 17:51:05 - INFO - ✓ LA ROAD Christian School                 [849/3187]
2026-03-12 17:51:05 - INFO - ✓ Laurel Hall                              [850/3187]
2026-03-12 17:51:06 - INFO - ✓ Laurence School                          [851/3187]
2026-03-12 17:51:06 - INFO - ✓ Le Lycee Francais de Los Angeles-Century [852/3187]
2026-03-12 17:51:06 - INFO - ✓ Le Lycee Francais de Los Angeles-Element [853/3187]
2026-03-12 17:51:06 - INFO - ✓ Le Lycee Francais de Los Angeles-High    [854/3187]
2026-03-12 17:51:07 - INFO - ✓ Le Lycee Francais de Los Angeles-Pac Pal [855/3187]
2026-03-12 17:51:08 - INFO - ✓ Learn Academy Mar Vista                  [856/3187]
2026-03-12 17:51:08 - INFO - ✓ Legacy Academy of Jewish Education Inc   [857/3187]
2026-03-12 17:51:09 - INFO - ✓ Learning Trajectory North                [858/3187]
2026-03-12 17:51:09 - INFO - ✓ Little Acorns Grow                       [859/3187]
2026-03-12 17:51:09 - INFO - ✓ Little Citizens Westside Academy         [860/3187]
2026-03-12 17:51:09 - INFO - ✓ Little Citizens Westside Academy #1      [861/3187]
2026-03-12 17:51:10 - INFO - ✓ Little Scholars Academy                  [862/3187]
2026-03-12 17:51:10 - INFO - 💾 Saving checkpoint (90 processed)
2026-03-12 17:51:10 - INFO - ✓ Little Sprouts Language Immersion Presch [863/3187]
2026-03-12 17:51:10 - INFO - ✓ Little Treehouse Academy                 [864/3187]
2026-03-12 17:51:11 - INFO - ✓ Lively private school                    [865/3187]
2026-03-12 17:51:11 - INFO - ✓ LN Media Academy                         [866/3187]
2026-03-12 17:51:12 - INFO - ✓ Los Angeles Christian Academy            [867/3187]
2026-03-12 17:51:12 - INFO - ✓ Los Angeles Christian School             [868/3187]
2026-03-12 17:51:12 - INFO - ✓ Los Encinos School                       [869/3187]
2026-03-12 17:51:12 - INFO - ✓ Louisville High School                   [870/3187]
2026-03-12 17:51:13 - INFO - ✓ Loyola High School of Los Angeles        [871/3187]
2026-03-12 17:51:13 - INFO - ✓ Machon                                   [872/3187]
2026-03-12 17:51:14 - INFO - ✓ M R M Academy                            [873/3187]
2026-03-12 17:51:14 - INFO - ✓ Manzanita School and Institute           [874/3187]
2026-03-12 17:51:14 - INFO - ✓ Maor Academy                             [875/3187]
2026-03-12 17:51:15 - INFO - ✓ Marcus Garvey School                     [876/3187]
2026-03-12 17:51:15 - INFO - ✓ Maria Regina                             [877/3187]
2026-03-12 17:51:15 - INFO - ✓ Marlborough School                       [878/3187]
2026-03-12 17:51:16 - INFO - ✓ Mary Immaculate Elementary School        [879/3187]
2026-03-12 17:51:16 - INFO - ✓ Mary Star of the Sea Elementary          [880/3187]
2026-03-12 17:51:16 - INFO - ✓ Mary Star of the Sea High School         [881/3187]
2026-03-12 17:51:17 - INFO - ✓ Marymount High School                    [882/3187]
2026-03-12 17:51:17 - INFO - ✓ MESIVTA BIRKAS YITZCHOK                  [883/3187]
2026-03-12 17:51:17 - INFO - ✓ Maynard Academy                          [884/3187]
2026-03-12 17:51:18 - INFO - ✓ Milken Community School                  [885/3187]
2026-03-12 17:51:18 - INFO - ✓ Montessori Academy of Culver City        [886/3187]
2026-03-12 17:51:18 - INFO - ✓ Montessori Academy of West Adams         [887/3187]
2026-03-12 17:51:19 - INFO - ✓ Montessori Children's World              [888/3187]
2026-03-12 17:51:19 - INFO - ✓ Moore's Daycare Preparatory              [889/3187]
2026-03-12 17:51:20 - INFO - ✓ Mother of Sorrows                        [890/3187]
2026-03-12 17:51:20 - INFO - ✓ Muhammad University of Islam - Los Angel [891/3187]
2026-03-12 17:51:20 - INFO - ✓ New Covenant Academy                     [892/3187]
2026-03-12 17:51:21 - INFO - ✓ New Covenant Academy                     [893/3187]
2026-03-12 17:51:21 - INFO - ✓ New Horizon School Westside              [894/3187]
2026-03-12 17:51:21 - INFO - ✓ New Life Christian Academy               [895/3187]
2026-03-12 17:51:22 - INFO - ✓ Nishiyamato Academy                      [896/3187]
2026-03-12 17:51:22 - INFO - ✓ North Hollywood Christian Academy        [897/3187]
2026-03-12 17:51:22 - INFO - 💾 Saving checkpoint (90 processed)
2026-03-12 17:51:22 - INFO - ✓ North Valley Christian School            [898/3187]
2026-03-12 17:51:23 - INFO - ✓ Notre Dame Academy                       [899/3187]
2026-03-12 17:51:23 - INFO - ✓ Nativity Elementary                      [900/3187]
2026-03-12 17:51:24 - INFO - ✓ Notre Dame Academy Elementary            [901/3187]
2026-03-12 17:51:24 - INFO - ✓ Northpoint School and Intensive Outpatie [902/3187]
2026-03-12 17:51:24 - INFO - ✓ Notre Dame High School                   [903/3187]
2026-03-12 17:51:25 - INFO - ✓ Oak Crest Academy Independent Studies    [904/3187]
2026-03-12 17:51:25 - INFO - ✓ Oak Crest Academy Los Angeles            [905/3187]
2026-03-12 17:51:25 - INFO - ✓ Oak Knoll Montessori School              [906/3187]
2026-03-12 17:51:25 - INFO - ✓ Oakwood Elementary                       [907/3187]
2026-03-12 17:51:26 - INFO - ✓ Oakwood Secondary                        [908/3187]
2026-03-12 17:51:26 - INFO - ✓ Ohr Eliyahu Academy also known as Yeshiv [909/3187]
2026-03-12 17:51:26 - INFO - ✓ Olive Tree Christian Academy             [910/3187]
2026-03-12 17:51:27 - INFO - ✓ OneSchool Global - Los Angeles           [911/3187]
2026-03-12 17:51:27 - INFO - ✓ Or hachaim Academy                       [912/3187]
2026-03-12 17:51:28 - INFO - ✓ Orange School                            [913/3187]
2026-03-12 17:51:28 - INFO - ✓ Our Lady of Grace                        [914/3187]
2026-03-12 17:51:28 - INFO - ✓ Our Lady of Guadalupe                    [915/3187]
2026-03-12 17:51:29 - INFO - ✓ Our Lady of Guadalupe School - Rose Hill [916/3187]
2026-03-12 17:51:29 - INFO - ✓ Our Lady of Loretto Elementary School    [917/3187]
2026-03-12 17:51:29 - INFO - ✓ Our Lady of Lourdes                      [918/3187]
2026-03-12 17:51:30 - INFO - ✓ Our Lady of Lourdes                      [919/3187]
2026-03-12 17:51:30 - INFO - ✓ Our Lady of Lourdes School               [920/3187]
2026-03-12 17:51:30 - INFO - ✓ Our Lady of Peace Elementary             [921/3187]
2026-03-12 17:51:30 - INFO - 💾 Saving checkpoint (90 processed)
2026-03-12 17:51:31 - INFO - ✓ Our Lady of the Rosary of Talpa          [922/3187]
2026-03-12 17:51:31 - INFO - ✓ Our Lady of the Valley School            [923/3187]
2026-03-12 17:51:31 - INFO - ✓ Our Mother of Good Counsel               [924/3187]
2026-03-12 17:51:32 - INFO - ✓ Pacific Lutheran Jr./Sr. High School     [925/3187]
2026-03-12 17:51:32 - INFO - 💾 Saving checkpoint (90 processed)
2026-03-12 17:51:32 - INFO - ✓ Palisades Montessori Center              [926/3187]
2026-03-12 17:51:33 - INFO - ✓ Personal Coaching Systems                [927/3187]
2026-03-12 17:51:33 - INFO - 💾 Saving checkpoint (90 processed)
2026-03-12 17:51:33 - INFO - ✓ Page Academy-Hancock Park                [928/3187]
2026-03-12 17:51:34 - INFO - ✓ Park Montessori Children's Center        [929/3187]
2026-03-12 17:51:34 - INFO - ✓ Phanes                                   [930/3187]
2026-03-12 17:51:34 - INFO - ✓ Pilgrim School                           [931/3187]
2026-03-12 17:51:35 - INFO - ✓ Play Mountain Place                      [932/3187]
2026-03-12 17:51:35 - INFO - ✓ Poverello of Assisi Preschool            [933/3187]
2026-03-12 17:51:35 - INFO - ✓ Precious Blood                           [934/3187]
2026-03-12 17:51:36 - INFO - ✓ Rabbi Jacob Pressman Academy             [935/3187]
2026-03-12 17:51:36 - INFO - ✓ Redeemer Baptist Elementary              [936/3187]
2026-03-12 17:51:37 - INFO - ✓ Resurrection                             [937/3187]
2026-03-12 17:51:37 - INFO - ✓ Prosperous Fellowship Christian Communit [938/3187]
2026-03-12 17:51:37 - INFO - ✓ Ribet Academy                            [939/3187]
2026-03-12 17:51:38 - INFO - ✓ ReJOYce In Jesus Christian School        [940/3187]
2026-03-12 17:51:38 - INFO - 💾 Saving checkpoint (90 processed)
2026-03-12 17:51:38 - INFO - ✓ Rise Again Christian School              [941/3187]
2026-03-12 17:51:38 - INFO - ✓ Rise Montessori School                   [942/3187]
2026-03-12 17:51:39 - INFO - ✓ Rising Stars Academy                     [943/3187]
2026-03-12 17:51:39 - INFO - ✓ Rising Stars Academy Elementary          [944/3187]
2026-03-12 17:51:39 - INFO - ✓ Pacific Harbor Christian School          [945/3187]
2026-03-12 17:51:40 - INFO - ✓ Rockland Academy                         [946/3187]
2026-03-12 17:51:40 - INFO - ✓ Rolling Hills Preparatory School         [947/3187]
2026-03-12 17:51:41 - INFO - ✓ Sacred Heart Elementary School           [948/3187]
2026-03-12 17:51:41 - INFO - ✓ Rose and Alex Pilibos Armenian School    [949/3187]
2026-03-12 17:51:41 - INFO - ✓ Saint Aloysius                           [950/3187]
2026-03-12 17:51:42 - INFO - ✓ Saint Paul the Apostle School            [951/3187]
2026-03-12 17:51:42 - INFO - ✓ Saint Mary Coptic Orthodox School        [952/3187]
2026-03-12 17:51:42 - INFO - ✓ Saint Thomas the Apostle                 [953/3187]
2026-03-12 17:51:43 - INFO - ✓ Samuel A. Fryer Yavneh Hebrew            [954/3187]
2026-03-12 17:51:43 - INFO - ✓ San Fernando Valley Academy              [955/3187]
2026-03-12 17:51:44 - INFO - ✓ Santa Monica Academy                     [956/3187]
2026-03-12 17:51:44 - INFO - ✓ Saint Sebastian School                   [957/3187]
2026-03-12 17:51:45 - INFO - ✓ San Miguel Catholic School               [958/3187]
2026-03-12 17:51:45 - INFO - ✓ Santa Rosa de Lima                       [959/3187]
2026-03-12 17:51:45 - INFO - ✓ Sacred Heart High                        [960/3187]
2026-03-12 17:51:45 - INFO - ✓ Santa Teresita Elementary                [961/3187]
2026-03-12 17:51:45 - INFO - ✓ School of Santa Isabel                   [962/3187]
2026-03-12 17:51:46 - INFO - ✓ Serenity Kids Academy                    [963/3187]
2026-03-12 17:51:46 - INFO - ✓ Seven Arrows Elementary                  [964/3187]
2026-03-12 17:51:47 - INFO - ✓ Shalhevet                                [965/3187]
2026-03-12 17:51:48 - INFO - ✓ Sheenway School and Culture Center       [966/3187]
2026-03-12 17:51:48 - INFO - ✓ Shorashim Hebrew Academy                 [967/3187]
2026-03-12 17:51:49 - INFO - ✓ Sierra Canyon School                     [968/3187]
2026-03-12 17:51:49 - INFO - ✓ Sierra Canyon School                     [969/3187]
2026-03-12 17:51:49 - INFO - 💾 Saving checkpoint (105 processed)
2026-03-12 17:51:49 - INFO - ✓ Sinai Akiba Academy                      [970/3187]
2026-03-12 17:51:49 - INFO - ✓ Slauson Learning Center, No. 1           [971/3187]
2026-03-12 17:51:50 - INFO - ✓ Smart Generation                         [972/3187]
2026-03-12 17:51:50 - INFO - ✓ Spivak Hebrew Academy                    [973/3187]
2026-03-12 17:51:50 - INFO - ✓ St Margaret Mary School                  [974/3187]
2026-03-12 17:51:50 - INFO - ✓ St. Alphonsus School                     [975/3187]
2026-03-12 17:51:51 - INFO - ✓ St. Anastasia Elementary                 [976/3187]
2026-03-12 17:51:51 - INFO - 💾 Saving checkpoint (90 processed)
2026-03-12 17:51:51 - INFO - ✓ St. Anne's Academy                       [977/3187]
2026-03-12 17:51:52 - INFO - ✓ St. Anthony of Padua                     [978/3187]
2026-03-12 17:51:52 - INFO - ✓ St. Bernard Elementary                   [979/3187]
2026-03-12 17:51:53 - INFO - ✓ St. Bernardine of Siena School           [980/3187]
2026-03-12 17:51:53 - INFO - ✓ St. Bernard High School                  [981/3187]
2026-03-12 17:51:54 - INFO - ✓ St. Brendan                              [982/3187]
2026-03-12 17:51:54 - INFO - 💾 Saving checkpoint (105 processed)
2026-03-12 17:51:54 - INFO - ✓ St. Bridget of Sweden Elementary         [983/3187]
2026-03-12 17:51:54 - INFO - ✓ St. Cecilia Elementary                   [984/3187]
2026-03-12 17:51:54 - INFO - ✓ St. Charles Borromeo                     [985/3187]
2026-03-12 17:51:54 - INFO - ✓ St. Columbkille Elementary               [986/3187]
2026-03-12 17:51:55 - INFO - ✓ St. Cyril of Jerusalem Elementary        [987/3187]
2026-03-12 17:51:55 - INFO - ✓ St. Didacus                              [988/3187]
2026-03-12 17:51:56 - INFO - ✓ St. Dominic School                       [989/3187]
2026-03-12 17:51:56 - INFO - ✓ ST. ELISABETH SCHOOL                     [990/3187]
2026-03-12 17:51:56 - INFO - ✓ St. Eugene                               [991/3187]
2026-03-12 17:51:57 - INFO - ✓ St. Euphrasia School                     [992/3187]
2026-03-12 17:51:58 - INFO - ✓ St. Genevieve Elementary School          [993/3187]
2026-03-12 17:51:58 - INFO - ✓ St. Francis De Sales                     [994/3187]
2026-03-12 17:51:58 - INFO - ✓ St. Genevieve High School                [995/3187]
2026-03-12 17:51:58 - INFO - ✓ St. Frances X. Cabrini                   [996/3187]
2026-03-12 17:51:59 - INFO - ✓ St. Ignatius of Loyola Elementary        [997/3187]
2026-03-12 17:51:59 - INFO - ✓ St. Helen                                [998/3187]
2026-03-12 17:51:59 - INFO - ✓ St. James' Episcopal School              [999/3187]
2026-03-12 17:51:59 - INFO - ✓ St. Jane Frances de Chantal School       [1000/3187]
2026-03-12 17:52:00 - INFO - ✓ St. Jerome Elementary                    [1001/3187]
2026-03-12 17:52:00 - INFO - ✓ St. John Eudes                           [1002/3187]
2026-03-12 17:52:01 - INFO - ✓ St. Joseph the Worker Elementary         [1003/3187]
2026-03-12 17:52:01 - INFO - ✓ St. Lawrence of Brindisi Elementary      [1004/3187]
2026-03-12 17:52:02 - INFO - ✓ St. Malachy Catholic Elementary          [1005/3187]
2026-03-12 17:52:02 - INFO - ✓ St. Mark School                          [1006/3187]
2026-03-12 17:52:02 - INFO - ✓ St. Martin of Tours                      [1007/3187]
2026-03-12 17:52:02 - INFO - 💾 Saving checkpoint (105 processed)
2026-03-12 17:52:03 - INFO - ✓ St. Matthew's Parish School              [1008/3187]
2026-03-12 17:52:03 - INFO - ✓ St. Mel Elementary                       [1009/3187]
2026-03-12 17:52:04 - INFO - ✓ St. Michael Elementary                   [1010/3187]
2026-03-12 17:52:04 - INFO - ✓ St. Michael the Defender Academy         [1011/3187]
2026-03-12 17:52:04 - INFO - ✓ St. Nicholas School                      [1012/3187]
2026-03-12 17:52:04 - INFO - ✓ St. Odilia Elementary                    [1013/3187]
2026-03-12 17:52:05 - INFO - ✓ St. Paul Elementary                      [1014/3187]
2026-03-12 17:52:05 - INFO - 💾 Saving checkpoint (105 processed)
2026-03-12 17:52:05 - INFO - ✓ St. Philomena Elementary                 [1015/3187]
2026-03-12 17:52:06 - INFO - ✓ St. Raphael Elementary                   [1016/3187]
2026-03-12 17:52:06 - INFO - ✓ St. Rose of Lima Catholic                [1017/3187]
2026-03-12 17:52:07 - INFO - ✓ St. Turibius Elementary                  [1018/3187]
2026-03-12 17:52:07 - INFO - ✓ St. Timothy School                       [1019/3187]
2026-03-12 17:52:08 - INFO - ✓ St. Patrick Elementary                   [1020/3187]
2026-03-12 17:52:08 - INFO - ✓ St. Vincent Elementary School            [1021/3187]
2026-03-12 17:52:08 - INFO - ✓ Star Christian                           [1022/3187]
2026-03-12 17:52:08 - INFO - ✓ STARS Academy                            [1023/3187]
2026-03-12 17:52:09 - INFO - ✓ Sts. Peter and Paul School               [1024/3187]
2026-03-12 17:52:09 - INFO - ✓ Summit View                              [1025/3187]
2026-03-12 17:52:11 - INFO - ✓ Sunland Christian School                 [1026/3187]
2026-03-12 17:52:11 - INFO - ✓ Stewart Family Homestead                 [1027/3187]
2026-03-12 17:52:11 - INFO - ✓ St. Matthias Elementary School           [1028/3187]
2026-03-12 17:52:11 - INFO - ✓ Sunrise West School                      [1029/3187]
2026-03-12 17:52:11 - INFO - ✓ Sunrise School                           [1030/3187]
2026-03-12 17:52:12 - INFO - ✓ Tashbar Sephardic Yeshiva Ketana         [1031/3187]
2026-03-12 17:52:12 - INFO - ✓ Tarbiyatul ILM Academy Global            [1032/3187]
2026-03-12 17:52:12 - INFO - ✓ Teaching Great Children                  [1033/3187]
2026-03-12 17:52:12 - INFO - ✓ Team Hardison                            [1034/3187]
2026-03-12 17:52:13 - INFO - ✓ The Archer School for Girls              [1035/3187]
2026-03-12 17:52:14 - INFO - ✓ The Center for Early Education           [1036/3187]
2026-03-12 17:52:15 - INFO - ✓ The City School                          [1037/3187]
2026-03-12 17:52:15 - INFO - ✓ The Help Group's North Hills Prep        [1038/3187]
2026-03-12 17:52:15 - INFO - ✓ The John Thomas Dye School               [1039/3187]
2026-03-12 17:52:15 - INFO - ✓ The Mirman School for Gifted Children    [1040/3187]
2026-03-12 17:52:15 - INFO - ✓ The Northridge Community School          [1041/3187]
2026-03-12 17:52:15 - INFO - 💾 Saving checkpoint (105 processed)
2026-03-12 17:52:16 - INFO - ✓ The Oaks School                          [1042/3187]
2026-03-12 17:52:16 - INFO - ✓ The Pines Christian School               [1043/3187]
2026-03-12 17:52:16 - INFO - ✓ The School of Los Angeles                [1044/3187]
2026-03-12 17:52:16 - INFO - ✓ THE WESLEY SCHOOL                        [1045/3187]
2026-03-12 17:52:17 - INFO - ✓ Topanga Mountain School                  [1046/3187]
2026-03-12 17:52:18 - INFO - ✓ Transfiguration                          [1047/3187]
2026-03-12 17:52:19 - INFO - ✓ TREE Academy                             [1048/3187]
2026-03-12 17:52:19 - INFO - ✓ True Education Learning Academy          [1049/3187]
2026-03-12 17:52:19 - INFO - ✓ University of Silvaner                   [1050/3187]
2026-03-12 17:52:19 - INFO - ✓ Valley Beth Shalom Day School            [1051/3187]
2026-03-12 17:52:20 - INFO - ✓ Valley School                            [1052/3187]
2026-03-12 17:52:20 - INFO - ✓ Valley Torah High School                 [1053/3187]
2026-03-12 17:52:20 - INFO - ✓ Valor Montessori Preparatory             [1054/3187]
2026-03-12 17:52:20 - INFO - ✓ Torah Academy of Los Angeles             [1055/3187]
2026-03-12 17:52:21 - INFO - ✓ Verbum Dei Jesuit High School            [1056/3187]
2026-03-12 17:52:21 - INFO - ✓ Vermont Christian School                 [1057/3187]
2026-03-12 17:52:22 - INFO - ✓ Village Glen School                      [1058/3187]
2026-03-12 17:52:22 - INFO - ✓ Village Christian Schools                [1059/3187]
2026-03-12 17:52:22 - INFO - ✓ Village School, Inc.                     [1060/3187]
2026-03-12 17:52:23 - INFO - ✓ Visitation Elementary                    [1061/3187]
2026-03-12 17:52:23 - INFO - 💾 Saving checkpoint (105 processed)
2026-03-12 17:52:23 - INFO - ✓ Warrior poets academy llc                [1062/3187]
2026-03-12 17:52:23 - INFO - ✓ Vista                                    [1063/3187]
2026-03-12 17:52:24 - INFO - ✓ Wayfinder Family Services                [1064/3187]
2026-03-12 17:52:24 - INFO - 💾 Saving checkpoint (105 processed)
2026-03-12 17:52:24 - INFO - ✓ Wee lil people                           [1065/3187]
2026-03-12 17:52:24 - INFO - ✓ West Hollywood College Preparatory Schoo [1066/3187]
2026-03-12 17:52:24 - INFO - ✓ West Valley Christian School             [1067/3187]
2026-03-12 17:52:25 - INFO - ✓ Westchester Lutheran School              [1068/3187]
2026-03-12 17:52:26 - INFO - ✓ Westland School,, The                    [1069/3187]
2026-03-12 17:52:26 - INFO - ✓ Westside Neighborhood School             [1070/3187]
2026-03-12 17:52:27 - INFO - ✓ Westside Waldorf School                  [1071/3187]
2026-03-12 17:52:27 - INFO - 💾 Saving checkpoint (105 processed)
2026-03-12 17:52:27 - INFO - ✓ Wildwood School, Inc.                    [1072/3187]
2026-03-12 17:52:27 - INFO - ✓ Willowcrest School                       [1073/3187]
2026-03-12 17:52:27 - INFO - ✓ Windsor Math and Science Academy         [1074/3187]
2026-03-12 17:52:27 - INFO - ✓ Windward School                          [1075/3187]
2026-03-12 17:52:28 - INFO - ✓ Wise School                              [1076/3187]
2026-03-12 17:52:28 - INFO - ✓ Woodcrest School                         [1077/3187]
2026-03-12 17:52:29 - INFO - ✓ Woodland Hills Private School            [1078/3187]
2026-03-12 17:52:29 - INFO - ✓ Yahudah's Remnant Academy                [1079/3187]
2026-03-12 17:52:30 - INFO - ✓ Yeshiva Gedolah of Los Angeles           [1080/3187]
2026-03-12 17:52:30 - INFO - ✓ Yeshiva Ketana of Los Angeles            [1081/3187]
2026-03-12 17:52:30 - INFO - ✓ Yeshiva Ner Aryeh                        [1082/3187]
2026-03-12 17:52:30 - INFO - ✓ Yeshiva Ohr Elchonon Chabad              [1083/3187]
2026-03-12 17:52:31 - INFO - ✓ Yeshiva Rav Isacsohn/Torath Emeth Academ [1084/3187]
2026-03-12 17:52:31 - INFO - ✓ YULA High School - YULA Girls            [1085/3187]
2026-03-12 17:52:31 - INFO - ✓ YULA High School- Boys School            [1086/3187]
2026-03-12 17:52:32 - INFO - ✓ Zucker Jewish Academy of Woodland Hills  [1087/3187]
2026-03-12 17:52:32 - INFO - ✓ Lynwood Academic Academy                 [1088/3187]
2026-03-12 17:52:33 - INFO - ✓ St. Emydius School                       [1089/3187]
2026-03-12 17:52:33 - INFO - ✓ St. Philip Neri                          [1090/3187]
2026-03-12 17:52:34 - INFO - ✓ American Martyrs School                  [1091/3187]
2026-03-12 17:52:34 - INFO - ✓ Beach Cities Learning, Manhattan Beach   [1092/3187]
2026-03-12 17:52:35 - INFO - ✓ Creative Kids                            [1093/3187]
2026-03-12 17:52:35 - INFO - ✓ Magic Rainbow Pre School                 [1094/3187]
2026-03-12 17:52:35 - INFO - ✓ Manhattan Academy                        [1095/3187]
2026-03-12 17:52:35 - INFO - 💾 Saving checkpoint (105 processed)
2026-03-12 17:52:36 - INFO - ✓ Calvary Road Baptist Academy             [1096/3187]
2026-03-12 17:52:36 - INFO - ✓ Calvary Chapel Monrovia PSP              [1097/3187]
2026-03-12 17:52:36 - INFO - ✓ Excellence In Education Academy          [1098/3187]
2026-03-12 17:52:36 - INFO - ✓ Immaculate Conception                    [1099/3187]
2026-03-12 17:52:37 - INFO - ✓ Pearl Preparatory                        [1100/3187]
2026-03-12 17:52:37 - INFO - ✓ Oasis Trilingual Community School        [1101/3187]
2026-03-12 17:52:38 - INFO - ✓ Cantwell–Sacred Heart of Mary High Schoo [1102/3187]
2026-03-12 17:52:38 - INFO - ✓ Armenian Mesrobian School                [1103/3187]
2026-03-12 17:52:39 - INFO - ✓ Don Bosco Technical Institute            [1104/3187]
2026-03-12 17:52:39 - INFO - ✓ LEARN Academy, Montebello                [1105/3187]
2026-03-12 17:52:40 - INFO - ✓ Meher Montessori School                  [1106/3187]
2026-03-12 17:52:40 - INFO - ✓ Arise Academy                            [1107/3187]
2026-03-12 17:52:40 - INFO - ✓ Montebello Christian School              [1108/3187]
2026-03-12 17:52:40 - INFO - ✓ Pacific Baptist School                   [1109/3187]
2026-03-12 17:52:40 - INFO - ✓ Our Lady of The Miraculous Medal         [1110/3187]
2026-03-12 17:52:41 - INFO - ✓ St. Benedict Elementary                  [1111/3187]
2026-03-12 17:52:42 - INFO - ✓ St. Gertrude School                      [1112/3187]
2026-03-12 17:52:42 - INFO - ✓ St. Thomas Aquinas School                [1113/3187]
2026-03-12 17:52:43 - INFO - ✓ Our Lady of Perpetual Help School        [1114/3187]
2026-03-12 17:52:43 - INFO - ✓ Beatitudes of our Lord Elementary        [1115/3187]
2026-03-12 17:52:43 - INFO - ✓ Foundation Christian School              [1116/3187]
2026-03-12 17:52:44 - INFO - ✓ LuTEC                                    [1117/3187]
2026-03-12 17:52:44 - INFO - ✓ Joyland Preschool                        [1118/3187]
2026-03-12 17:52:44 - INFO - ✓ Heights Christian Schools, Bluefield Cam [1119/3187]
2026-03-12 17:52:44 - INFO - ✓ New Harvest Christian                    [1120/3187]
2026-03-12 17:52:45 - INFO - ✓ Saint John of God                        [1121/3187]
2026-03-12 17:52:45 - INFO - ✓ St. Linus School                         [1122/3187]
2026-03-12 17:52:46 - INFO - ✓ St. Paul of the Cross Elementary         [1123/3187]
2026-03-12 17:52:46 - INFO - 💾 Saving checkpoint (105 processed)
2026-03-12 17:52:46 - INFO - ✓ Swan Creek School of the Arts            [1124/3187]
2026-03-12 17:52:46 - INFO - ✓ Il Giardino Montessori                   [1125/3187]
2026-03-12 17:52:46 - INFO - 💾 Saving checkpoint (120 processed)
2026-03-12 17:52:47 - INFO - ✓ Shepherd Christian School                [1126/3187]
2026-03-12 17:52:47 - INFO - ✓ Westside Christian                       [1127/3187]
2026-03-12 17:52:47 - INFO - ✓ St. Mary Elementary Catholic             [1128/3187]
2026-03-12 17:52:48 - INFO - ✓ Chadwick                                 [1129/3187]
2026-03-12 17:52:48 - INFO - ✓ Fusion Academy, Palos Verdes             [1130/3187]
2026-03-12 17:52:48 - INFO - 💾 Saving checkpoint (120 processed)
2026-03-12 17:52:48 - INFO - ✓ Peninsula Heritage School                [1131/3187]
2026-03-12 17:52:49 - INFO - ✓ PV Peninsula Montessori School           [1132/3187]
2026-03-12 17:52:49 - INFO - ✓ Rolling Hill International School        [1133/3187]
2026-03-12 17:52:49 - INFO - ✓ Rolling Hills Country Day School         [1134/3187]
2026-03-12 17:52:50 - INFO - ✓ St. John Fisher School                   [1135/3187]
2026-03-12 17:52:51 - INFO - ✓ INTER-TRIBAL Family Of Nations Day Schoo [1136/3187]
2026-03-12 17:52:51 - INFO - ✓ Calvary Christian Academy of Compton     [1137/3187]
2026-03-12 17:52:51 - INFO - ✓ Our Lady of the Rosary School            [1138/3187]
2026-03-12 17:52:52 - INFO - ✓ St. Pancratius                           [1139/3187]
2026-03-12 17:52:52 - INFO - ✓ Alverno Heights Academy                  [1140/3187]
2026-03-12 17:52:52 - INFO - ✓ Assumption of the Blessed Virgin Mary    [1141/3187]
2026-03-12 17:52:53 - INFO - ✓ Bethany Christian School                 [1142/3187]
2026-03-12 17:52:53 - INFO - ✓ Bridge Global Academy                    [1143/3187]
2026-03-12 17:52:53 - INFO - ✓ Chandler School                          [1144/3187]
2026-03-12 17:52:54 - INFO - ✓ EF Academy Pasadena                      [1145/3187]
2026-03-12 17:52:54 - INFO - ✓ Excelsior School                         [1146/3187]
2026-03-12 17:52:55 - INFO - ✓ Fusion Academy Pasadena Downtown         [1147/3187]
2026-03-12 17:52:56 - INFO - ✓ Gooden School, The                       [1148/3187]
2026-03-12 17:52:56 - INFO - ✓ harriet tubman                           [1149/3187]
2026-03-12 17:52:56 - INFO - ✓ High Point Academy                       [1150/3187]
2026-03-12 17:52:57 - INFO - ✓ International School of Los Angeles-PAS  [1151/3187]
2026-03-12 17:52:57 - INFO - ✓ Fair Oaks School                         [1152/3187]
2026-03-12 17:52:57 - INFO - ✓ La Salle High School                     [1153/3187]
2026-03-12 17:52:57 - INFO - 💾 Saving checkpoint (120 processed)
2026-03-12 17:52:57 - INFO - ✓ Living Waters Academy                    [1154/3187]
2026-03-12 17:52:58 - INFO - ✓ Maranatha High School                    [1155/3187]
2026-03-12 17:52:58 - INFO - 💾 Saving checkpoint (120 processed)
2026-03-12 17:52:59 - INFO - ✓ Westmark School                          [1156/3187]
2026-03-12 17:52:59 - INFO - ✓ Mayfield Junior School                   [1157/3187]
2026-03-12 17:52:59 - INFO - ✓ Marianne Frostig Center of Educational T [1158/3187]
2026-03-12 17:53:00 - INFO - ✓ Mayfield Senior School                   [1159/3187]
2026-03-12 17:53:00 - INFO - ✓ New Horizon School Pasadena              [1160/3187]
2026-03-12 17:53:01 - INFO - ✓ Pasadena Christian School                [1161/3187]
2026-03-12 17:53:01 - INFO - ✓ Pasadena Waldorf School                  [1162/3187]
2026-03-12 17:53:01 - INFO - ✓ Polytechnic School                       [1163/3187]
2026-03-12 17:53:01 - INFO - ✓ Sahag-Mesrob Armenian Christian School   [1164/3187]
2026-03-12 17:53:02 - INFO - ✓ Sequoyah School                          [1165/3187]
2026-03-12 17:53:03 - INFO - ✓ St Elizabeth Parish School               [1166/3187]
2026-03-12 17:53:03 - INFO - ✓ Shiloh Academy                           [1167/3187]
2026-03-12 17:53:03 - INFO - ✓ St. Andrew Catholic School               [1168/3187]
2026-03-12 17:53:03 - INFO - ✓ St. Gregory's A. & M. Hovsepian School   [1169/3187]
2026-03-12 17:53:04 - INFO - ✓ St. Philip the Apostle                   [1170/3187]
2026-03-12 17:53:04 - INFO - ✓ St. Monica Academy                       [1171/3187]
2026-03-12 17:53:05 - INFO - ✓ St. Rita School                          [1172/3187]
2026-03-12 17:53:05 - INFO - ✓ Stratford School                         [1173/3187]
2026-03-12 17:53:05 - INFO - ✓ Saint Mark's School                      [1174/3187]
2026-03-12 17:53:06 - INFO - ✓ Tabernacle Of David Christian Academy    [1175/3187]
2026-03-12 17:53:06 - INFO - ✓ Villa Esperanza Services                 [1176/3187]
2026-03-12 17:53:07 - INFO - ✓ The Waverly School                       [1177/3187]
2026-03-12 17:53:07 - INFO - ✓ Walden School                            [1178/3187]
2026-03-12 17:53:07 - INFO - ✓ Westmoreland Academy                     [1179/3187]
2026-03-12 17:53:08 - INFO - ✓ Westridge School for Girls               [1180/3187]
2026-03-12 17:53:08 - INFO - ✓ American Christian Academy               [1181/3187]
2026-03-12 17:53:08 - INFO - ✓ Calvary Fellowship Christian Academy     [1182/3187]
2026-03-12 17:53:08 - INFO - ✓ diamond bar Montessori academy           [1183/3187]
2026-03-12 17:53:09 - INFO - ✓ Grace Christian School                   [1184/3187]
2026-03-12 17:53:09 - INFO - ✓ Home Education                           [1185/3187]
2026-03-12 17:53:10 - INFO - ✓ Oak Crest Academy - Pomona               [1186/3187]
2026-03-12 17:53:10 - INFO - ✓ Mt Calvary Lutheran                      [1187/3187]
2026-03-12 17:53:10 - INFO - ✓ Pomona Catholic High School              [1188/3187]
2026-03-12 17:53:11 - INFO - ✓ Pomona Catholic Middle School            [1189/3187]
2026-03-12 17:53:11 - INFO - ✓ RAV Academy                              [1190/3187]
2026-03-12 17:53:11 - INFO - ✓ St Joseph Elementary School              [1191/3187]
2026-03-12 17:53:12 - INFO - ✓ The Good Shepherd Academy                [1192/3187]
2026-03-12 17:53:12 - INFO - ✓ Tribe of Judah Academy                   [1193/3187]
2026-03-12 17:53:12 - INFO - ✓ Walnut Montessori-Preschool Academy      [1194/3187]
2026-03-12 17:53:13 - INFO - ✓ Academy of the Arts                      [1195/3187]
2026-03-12 17:53:13 - INFO - ✓ Aegean Academy                           [1196/3187]
2026-03-12 17:53:13 - INFO - ✓ LINK School                              [1197/3187]
2026-03-12 17:53:13 - INFO - 💾 Saving checkpoint (120 processed)
2026-03-12 17:53:14 - INFO - ✓ South Bay Faith Academy                  [1198/3187]
2026-03-12 17:53:14 - INFO - ✓ St. Lawrence Martyr Elementary           [1199/3187]
2026-03-12 17:53:14 - INFO - ✓ Valor Christian Academy                  [1200/3187]
2026-03-12 17:53:15 - INFO - ✓ California University Preparatory School [1201/3187]
2026-03-12 17:53:16 - INFO - ✓ Elite Open School                        [1202/3187]
2026-03-12 17:53:17 - INFO - ✓ Quba Islamic School                      [1203/3187]
2026-03-12 17:53:17 - INFO - 💾 Saving checkpoint (120 processed)
2026-03-12 17:53:17 - INFO - ✓ Southlands Christian Schools             [1204/3187]
2026-03-12 17:53:18 - INFO - ✓ St. Martha Elementary School             [1205/3187]
2026-03-12 17:53:18 - INFO - ✓ Tzu Chi Elementary School - Walnut       [1206/3187]
2026-03-12 17:53:19 - INFO - ✓ Yu Family Private School                 [1207/3187]
2026-03-12 17:53:19 - INFO - ✓ Learn Academy San Gabriel                [1208/3187]
2026-03-12 17:53:19 - INFO - ✓ San Gabriel Academy                      [1209/3187]
2026-03-12 17:53:19 - INFO - 💾 Saving checkpoint (120 processed)
2026-03-12 17:53:19 - INFO - ✓ San Gabriel Christian                    [1210/3187]
2026-03-12 17:53:20 - INFO - ✓ San Gabriel Mission Elementary           [1211/3187]
2026-03-12 17:53:21 - INFO - ✓ San Gabriel Mission High School          [1212/3187]
2026-03-12 17:53:21 - INFO - ✓ Clairbourn School                        [1213/3187]
2026-03-12 17:53:22 - INFO - ✓ Saints Felicitas and Perpetua School     [1214/3187]
2026-03-12 17:53:22 - INFO - ✓ Southwestern Academy                     [1215/3187]
2026-03-12 17:53:22 - INFO - ✓ Carlthorp                                [1216/3187]
2026-03-12 17:53:23 - INFO - ✓ Crossroads School for Arts & Sciences    [1217/3187]
2026-03-12 17:53:23 - INFO - ✓ Garden of Angels School                  [1218/3187]
2026-03-12 17:53:24 - INFO - ✓ Life Grove, LLC.                         [1219/3187]
2026-03-12 17:53:24 - INFO - ✓ Lighthouse Christian Academy             [1220/3187]
2026-03-12 17:53:25 - INFO - ✓ Lighthouse Church School                 [1221/3187]
2026-03-12 17:53:25 - INFO - ✓ McKinna Learning Academy                 [1222/3187]
2026-03-12 17:53:26 - INFO - ✓ New Roads School                         [1223/3187]
2026-03-12 17:53:26 - INFO - ✓ MUSE Global School                       [1224/3187]
2026-03-12 17:53:26 - INFO - ✓ Our Lady of Malibu                       [1225/3187]
2026-03-12 17:53:27 - INFO - ✓ Pacifica Christian High School           [1226/3187]
2026-03-12 17:53:28 - INFO - ✓ PS1 Pluralistic School                   [1227/3187]
2026-03-12 17:53:28 - INFO - ✓ Saint Monica Catholic High School        [1228/3187]
2026-03-12 17:53:29 - INFO - ✓ Santa Monica Montessori School           [1229/3187]
2026-03-12 17:53:29 - INFO - ✓ SmartStart Academy                       [1230/3187]
2026-03-12 17:53:29 - INFO - ✓ SmartStart Developmental Learning Center [1231/3187]
2026-03-12 17:53:29 - INFO - ✓ St Monica Catholic Elementary School     [1232/3187]
2026-03-12 17:53:31 - INFO - ✓ St. Anne Elementary                      [1233/3187]
2026-03-12 17:53:31 - INFO - ✓ Sycamore School                          [1234/3187]
2026-03-12 17:53:31 - INFO - ✓ The Gray Academy                         [1235/3187]
2026-03-12 17:53:32 - INFO - ✓ Alpha-Kidz International                 [1236/3187]
2026-03-12 17:53:32 - INFO - ✓ CAlkids Learning Academy                 [1237/3187]
2026-03-12 17:53:33 - INFO - ✓ Legacy Christian Academy                 [1238/3187]
2026-03-12 17:53:33 - INFO - ✓ Fusion Academy Pasadena                  [1239/3187]
2026-03-12 17:53:33 - INFO - 💾 Saving checkpoint (120 processed)
2026-03-12 17:53:33 - INFO - ✓ Holy Family Catholic School              [1240/3187]
2026-03-12 17:53:34 - INFO - ✓ Institute for the Redesign of Learning,  [1241/3187]
2026-03-12 17:53:35 - INFO - ✓ Cornerstone Christian                    [1242/3187]
2026-03-12 17:53:35 - INFO - ✓ Santa Clarita Christian                  [1243/3187]
2026-03-12 17:53:35 - INFO - ✓ Ark Christian Academy                    [1244/3187]
2026-03-12 17:53:37 - INFO - ✓ St. Luke Catholic School                 [1245/3187]
2026-03-12 17:53:37 - INFO - ✓ Ambassador High School                   [1246/3187]
2026-03-12 17:53:37 - INFO - ✓ Sycamore Community School                [1247/3187]
2026-03-12 17:53:37 - INFO - ✓ Bishop Montgomery High                   [1248/3187]
2026-03-12 17:53:38 - INFO - ✓ Branch of Hope School                    [1249/3187]
2026-03-12 17:53:38 - INFO - ✓ Center For Learning Unlimited            [1250/3187]
2026-03-12 17:53:38 - INFO - ✓ Bread of Life Church School              [1251/3187]
2026-03-12 17:53:39 - INFO - ✓ First Lutheran                           [1252/3187]
2026-03-12 17:53:40 - INFO - ✓ Hickory Tree School                      [1253/3187]
2026-03-12 17:53:40 - INFO - ✓ Fresh Roots Forest School                [1254/3187]
2026-03-12 17:53:41 - INFO - ✓ Lighthouse Academy                       [1255/3187]
2026-03-12 17:53:42 - INFO - ✓ Mr. J's Academy                          [1256/3187]
2026-03-12 17:53:43 - INFO - ✓ Nativity Catholic Elementary             [1257/3187]
2026-03-12 17:53:43 - INFO - ✓ Playhouse School                         [1258/3187]
2026-03-12 17:53:43 - INFO - ✓ Riviera Hall Lutheran School             [1259/3187]
2026-03-12 17:53:43 - INFO - ✓ South Bay Christian School               [1260/3187]
2026-03-12 17:53:43 - INFO - ✓ South Bay High School                    [1261/3187]
2026-03-12 17:53:44 - INFO - ✓ St. Catherine Laboure Elementary         [1262/3187]
2026-03-12 17:53:44 - INFO - ✓ St. James Elementary                     [1263/3187]
2026-03-12 17:53:45 - INFO - ✓ Switzer Learning Center                  [1264/3187]
2026-03-12 17:53:46 - INFO - ✓ Epiphany Catholic                        [1265/3187]
2026-03-12 17:53:46 - INFO - ✓ ALLAIS SCHOOL                            [1266/3187]
2026-03-12 17:53:46 - INFO - 💾 Saving checkpoint (120 processed)
2026-03-12 17:53:47 - INFO - ✓ Institute of Knowledge                   [1267/3187]
2026-03-12 17:53:48 - INFO - ✓ Kingdom Seed Academy                     [1268/3187]
2026-03-12 17:53:48 - INFO - ✓ LiMai Montessori Academy                 [1269/3187]
2026-03-12 17:53:48 - INFO - ✓ Triple-I Academy                         [1270/3187]
2026-03-12 17:53:48 - INFO - 💾 Saving checkpoint (135 processed)
2026-03-12 17:53:48 - INFO - ✓ NeoVerge Dream School                    [1271/3187]
2026-03-12 17:53:49 - INFO - ✓ South Hills Academy                      [1272/3187]
2026-03-12 17:53:49 - INFO - 💾 Saving checkpoint (135 processed)
2026-03-12 17:53:49 - INFO - ✓ St. Christopher Parish School            [1273/3187]
2026-03-12 17:53:49 - INFO - 💾 Saving checkpoint (120 processed)
2026-03-12 17:53:50 - INFO - ✓ Small Wonders Preschool & Learning Cente [1274/3187]
2026-03-12 17:53:50 - INFO - ✓ Learning Tree Walnut Education Center    [1275/3187]
2026-03-12 17:53:51 - INFO - ✓ B'nai Ha Aliyah - Children of Ascent Aca [1276/3187]
2026-03-12 17:53:51 - INFO - ✓ Freedom Christian Academy                [1277/3187]
2026-03-12 17:53:52 - INFO - ✓ Keystone Montessori Preschool Whittier   [1278/3187]
2026-03-12 17:53:52 - INFO - ✓ Hadley                                   [1279/3187]
2026-03-12 17:53:53 - INFO - ✓ Oxford Pentecostal Academy               [1280/3187]
2026-03-12 17:53:53 - INFO - ✓ Risingstar Christian Academy             [1281/3187]
2026-03-12 17:53:54 - INFO - ✓ St. Mary of the Assumption Elementary    [1282/3187]
2026-03-12 17:53:54 - INFO - ✓ The Broadoaks School of Whittier College [1283/3187]
2026-03-12 17:53:56 - INFO - ✓ Keystone Academy                         [1284/3187]
2026-03-12 17:53:56 - INFO - ✓ Whittier Friends School                  [1285/3187]
2026-03-12 17:53:56 - INFO - ✓ St. Paul High School                     [1286/3187]
2026-03-12 17:53:56 - INFO - ✓ Lighthouse Christian Academy             [1287/3187]
2026-03-12 17:53:57 - INFO - ✓ Chowchilla Adventist School              [1288/3187]
2026-03-12 17:53:57 - INFO - ✓ Beach Cities Montessori School           [1289/3187]
2026-03-12 17:53:58 - INFO - ✓ Imladris Living School                   [1290/3187]
2026-03-12 17:53:58 - INFO - ✓ Maat K12                                 [1291/3187]
2026-03-12 17:53:59 - INFO - ✓ Foothill Christian Academy               [1292/3187]
2026-03-12 17:53:59 - INFO - ✓ Sunrise Academy                          [1293/3187]
2026-03-12 17:54:01 - INFO - ✓ Crossroads Christian School              [1294/3187]
2026-03-12 17:54:01 - INFO - ✓ Remnant Christian School                 [1295/3187]
2026-03-12 17:54:01 - INFO - ✓ St. Joachim Elementary                   [1296/3187]
2026-03-12 17:54:01 - INFO - ✓ Hobbit Hollow Acres Academy              [1297/3187]
2026-03-12 17:54:02 - INFO - ✓ Laih Family Home School                  [1298/3187]
2026-03-12 17:54:02 - INFO - ✓ Chronos Academy                          [1299/3187]
2026-03-12 17:54:02 - INFO - 💾 Saving checkpoint (135 processed)
2026-03-12 17:54:02 - INFO - ✓ Lycee Francais de San Francisco (Sausali [1300/3187]
2026-03-12 17:54:04 - INFO - ✓ Marin Country Day School                 [1301/3187]
2026-03-12 17:54:04 - INFO - ✓ Marin Montessori School                  [1303/3187]
2026-03-12 17:54:04 - INFO - ✓ Marin Primary and Middle School          [1303/3187]
2026-03-12 17:54:06 - INFO - ✓ OAc San Francisco                        [1304/3187]
2026-03-12 17:54:06 - INFO - ✓ St. Patrick School                       [1305/3187]
2026-03-12 17:54:06 - INFO - ✓ Marin Horizon School                     [1306/3187]
2026-03-12 17:54:06 - INFO - ✓ Mount Tamalpais School                   [1307/3187]
2026-03-12 17:54:07 - INFO - ✓ North Bridge Academy                     [1308/3187]
2026-03-12 17:54:07 - INFO - ✓ Pacific Preparatory School               [1309/3187]
2026-03-12 17:54:07 - INFO - ✓ BOOST of Cypress School                  [1310/3187]
2026-03-12 17:54:08 - INFO - ✓ Mark Day School                          [1311/3187]
2026-03-12 17:54:08 - INFO - ✓ GATE Academy                             [1312/3187]
2026-03-12 17:54:08 - INFO - 💾 Saving checkpoint (135 processed)
2026-03-12 17:54:08 - INFO - ✓ Marin Waldorf School                     [1313/3187]
2026-03-12 17:54:10 - INFO - ✓ Montessori de Terra Linda                [1314/3187]
2026-03-12 17:54:10 - INFO - ✓ Saint Isabella School                    [1315/3187]
2026-03-12 17:54:11 - INFO - ✓ Hummingbirds Collaborative School        [1316/3187]
2026-03-12 17:54:12 - INFO - ✓ Marin Christian Academy Main Campus      [1317/3187]
2026-03-12 17:54:12 - INFO - ✓ Marin Christian Academy North Campus     [1318/3187]
2026-03-12 17:54:12 - INFO - ✓ Good Shepherd Lutheran School            [1319/3187]
2026-03-12 17:54:12 - INFO - ✓ Our Lady of Loretto                      [1320/3187]
2026-03-12 17:54:13 - INFO - ✓ Saint Hilary School                      [1321/3187]
2026-03-12 17:54:13 - INFO - ✓ Oak Hill School                          [1322/3187]
2026-03-12 17:54:14 - INFO - ✓ Irene M. Hunt School / Side by Side      [1323/3187]
2026-03-12 17:54:15 - INFO - ✓ St. Anselm School                        [1324/3187]
2026-03-12 17:54:15 - INFO - ✓ Star Academy                             [1325/3187]
2026-03-12 17:54:15 - INFO - ✓ Brandeis Hillel Day School - Marin       [1326/3187]
2026-03-12 17:54:16 - INFO - ✓ Fusion Academy Marin                     [1327/3187]
2026-03-12 17:54:16 - INFO - ✓ Golden Hills Academy                     [1328/3187]
2026-03-12 17:54:17 - INFO - ✓ The Helix School                         [1329/3187]
2026-03-12 17:54:17 - INFO - ✓ Saint Raphael Elementary                 [1330/3187]
2026-03-12 17:54:17 - INFO - ✓ Marin Academy                            [1331/3187]
2026-03-12 17:54:18 - INFO - ✓ Star Academy - Shoreline                 [1332/3187]
2026-03-12 17:54:18 - INFO - ✓ Winston Preparatory School               [1333/3187]
2026-03-12 17:54:19 - INFO - ✓ The New Village School                   [1334/3187]
2026-03-12 17:54:19 - INFO - ✓ Headlands Preparatory School             [1335/3187]
2026-03-12 17:54:20 - INFO - ✓ Marin Catholic High School               [1336/3187]
2026-03-12 17:54:21 - INFO - ✓ San Domenico School                      [1337/3187]
2026-03-12 17:54:21 - INFO - ✓ The Branson School                       [1338/3187]
2026-03-12 17:54:21 - INFO - ✓ Mountain Academy                         [1339/3187]
2026-03-12 17:54:22 - INFO - ✓ Victory Baptist Christian School         [1340/3187]
2026-03-12 17:54:22 - INFO - ✓ Forager                                  [1341/3187]
2026-03-12 17:54:23 - INFO - ✓ Montessori del Mar Community School      [1342/3187]
2026-03-12 17:54:23 - INFO - ✓ Noyo Hill Private School                 [1343/3187]
2026-03-12 17:54:24 - INFO - ✓ San Jose Sanchez Del Rio Catholic School [1344/3187]
2026-03-12 17:54:24 - INFO - ✓ Deep Valley Christian                    [1345/3187]
2026-03-12 17:54:24 - INFO - 💾 Saving checkpoint (135 processed)
2026-03-12 17:54:24 - INFO - ✓ Instilling Goodness Developing Virtue Sc [1346/3187]
2026-03-12 17:54:25 - INFO - ✓ St. Mary of the Angels                   [1347/3187]
2026-03-12 17:54:25 - INFO - ✓ The Waldorf School of Mendocino County   [1348/3187]
2026-03-12 17:54:26 - INFO - ✓ Ukiah Junior Academy                     [1349/3187]
2026-03-12 17:54:26 - INFO - ✓ Grace Mennonite School                   [1350/3187]
2026-03-12 17:54:27 - INFO - ✓ Landmark Christian                       [1351/3187]
2026-03-12 17:54:27 - INFO - ✓ St. Anthony                              [1352/3187]
2026-03-12 17:54:27 - INFO - ✓ Our Lady of Miracles                     [1353/3187]
2026-03-12 17:54:28 - INFO - ✓ Los Banos Adventist Christian School     [1354/3187]
2026-03-12 17:54:29 - INFO - ✓ Longview Mennonite School                [1355/3187]
2026-03-12 17:54:29 - INFO - ✓ Our Lady of Fatima                       [1356/3187]
2026-03-12 17:54:30 - INFO - ✓ Harvest Christian School                 [1357/3187]
2026-03-12 17:54:30 - INFO - 💾 Saving checkpoint (135 processed)
2026-03-12 17:54:30 - INFO - ✓ Our Lady of Mercy                        [1358/3187]
2026-03-12 17:54:30 - INFO - ✓ St. Paul Lutheran School                 [1359/3187]
2026-03-12 17:54:31 - INFO - ✓ Stone Ridge Christian Elementary School  [1360/3187]
2026-03-12 17:54:31 - INFO - ✓ Gospel Defenders Christian Academy       [1361/3187]
2026-03-12 17:54:32 - INFO - ✓ Pacific Academy Center                   [1362/3187]
2026-03-12 17:54:32 - INFO - ✓ Stone Ridge Christian School             [1363/3187]
2026-03-12 17:54:33 - INFO - ✓ DAD FOR LEARNING                         [1364/3187]
2026-03-12 17:54:33 - INFO - 💾 Saving checkpoint (135 processed)
2026-03-12 17:54:34 - INFO - ✓ Pedro Valley                             [1365/3187]
2026-03-12 17:54:34 - INFO - ✓ Modoc Vineyard Academy                   [1366/3187]
2026-03-12 17:54:35 - INFO - ✓ Eastside Academy                         [1367/3187]
2026-03-12 17:54:35 - INFO - ✓ All Saints' Episcopal Day School         [1368/3187]
2026-03-12 17:54:35 - INFO - ✓ Stevenson School Carmel Campus           [1369/3187]
2026-03-12 17:54:36 - INFO - ✓ Chartwell School                         [1370/3187]
2026-03-12 17:54:36 - INFO - ✓ Hillsview Christian Academic School      [1371/3187]
2026-03-12 17:54:37 - INFO - ✓ Classical Christian Academy Monterey Bay [1372/3187]
2026-03-12 17:54:37 - INFO - ✓ Monterey Bay Christian School            [1373/3187]
2026-03-12 17:54:38 - INFO - ✓ Peninsula Adventist School               [1374/3187]
2026-03-12 17:54:39 - INFO - ✓ San Carlos Elementary                    [1375/3187]
2026-03-12 17:54:39 - INFO - ✓ Santa Catalina School                    [1376/3187]
2026-03-12 17:54:40 - INFO - ✓ Seaside Christian Academy                [1377/3187]
2026-03-12 17:54:40 - INFO - ✓ Sojourner Academy                        [1378/3187]
2026-03-12 17:54:40 - INFO - ✓ Stevenson School Pebble Beach            [1379/3187]
2026-03-12 17:54:41 - INFO - ✓ Trinity Christian High School            [1380/3187]
2026-03-12 17:54:41 - INFO - ✓ Prunedale Christian Academy              [1381/3187]
2026-03-12 17:54:42 - INFO - ✓ Anthem Christian School                  [1382/3187]
2026-03-12 17:54:42 - INFO - ✓ Madonna del Sasso School                 [1383/3187]
2026-03-12 17:54:42 - INFO - ✓ Sacred Heart School                      [1384/3187]
2026-03-12 17:54:43 - INFO - ✓ Notre Dame High School                   [1385/3187]
2026-03-12 17:54:43 - INFO - ✓ Palma High School                        [1386/3187]
2026-03-12 17:54:44 - INFO - ✓ The York School                          [1387/3187]
2026-03-12 17:54:44 - INFO - ✓ Hills View Christian School              [1388/3187]
2026-03-12 17:54:45 - INFO - ✓ Pacific Union College Elementary School  [1389/3187]
2026-03-12 17:54:46 - INFO - ✓ Blue Oak School                          [1390/3187]
2026-03-12 17:54:46 - INFO - ✓ Calvary Baptist Christian Academy        [1391/3187]
2026-03-12 17:54:46 - INFO - ✓ Hopewell Baptist Christian Academy       [1392/3187]
2026-03-12 17:54:46 - INFO - ✓ Justin-Siena                             [1393/3187]
2026-03-12 17:54:47 - INFO - ✓ Kolbe Academy                            [1394/3187]
2026-03-12 17:54:48 - INFO - ✓ Kolbe Academy and Trinity Prep           [1395/3187]
2026-03-12 17:54:48 - INFO - ✓ La Sagrada Familia Catholic Internationa [1396/3187]
2026-03-12 17:54:48 - INFO - 💾 Saving checkpoint (135 processed)
2026-03-12 17:54:49 - INFO - ✓ Napa Christian Campus of Education       [1397/3187]
2026-03-12 17:54:49 - INFO - ✓ St. Apollinaris Elementary School        [1398/3187]
2026-03-12 17:54:49 - INFO - ✓ St. John's Lutheran Elementary           [1399/3187]
2026-03-12 17:54:51 - INFO - ✓ Sunrise Montessori of Napa Valley        [1400/3187]
2026-03-12 17:54:51 - INFO - ✓ Veritas Christian Academy                [1401/3187]
2026-03-12 17:54:51 - INFO - ✓ Foothills Adventist Elementary School    [1402/3187]
2026-03-12 17:54:51 - INFO - ✓ Pacific Union College Preparatory School [1403/3187]
2026-03-12 17:54:52 - INFO - ✓ St. Helena Montessori School             [1404/3187]
2026-03-12 17:54:52 - INFO - ✓ Mount St. Mary Academy                   [1405/3187]
2026-03-12 17:54:53 - INFO - ✓ Wolf Mountain Christian School           [1406/3187]
2026-03-12 17:54:53 - INFO - ✓ Echo Ridge Christian School              [1407/3187]
2026-03-12 17:54:53 - INFO - ✓ Christian Encounter High School          [1408/3187]
2026-03-12 17:54:55 - INFO - ✓ Forest Lake Christian School             [1409/3187]
2026-03-12 17:54:56 - INFO - ✓ Ananda Living Wisdom School              [1410/3187]
2026-03-12 17:54:56 - INFO - ✓ Creative learning Academy                [1411/3187]
2026-03-12 17:54:56 - INFO - ✓ digiTIES                                 [1412/3187]
2026-03-12 17:54:56 - INFO - ✓ Fairmont Schools, Historic Anaheim Campu [1413/3187]
2026-03-12 17:54:57 - INFO - ✓ Montessori Education Center              [1414/3187]
2026-03-12 17:54:57 - INFO - ✓ Montessori Learning Center               [1415/3187]
2026-03-12 17:54:58 - INFO - ✓ Prince of Peace Lutheran                 [1416/3187]
2026-03-12 17:54:58 - INFO - ✓ Sapolu Destined Academy                  [1417/3187]
2026-03-12 17:54:59 - INFO - ✓ St. Justin Martyr                        [1418/3187]
2026-03-12 17:54:59 - INFO - 💾 Saving checkpoint (150 processed)
2026-03-12 17:55:01 - INFO - ✓ The Montessori Academy of Anaheim        [1419/3187]
2026-03-12 17:55:01 - INFO - ✓ Zion Lutheran Elementary                 [1420/3187]
2026-03-12 17:55:01 - INFO - 💾 Saving checkpoint (135 processed)
2026-03-12 17:55:01 - INFO - ✓ The Islamic Education School             [1421/3187]
2026-03-12 17:55:01 - INFO - 💾 Saving checkpoint (135 processed)
2026-03-12 17:55:01 - INFO - ✓ Acaciawood Preparatory Academy           [1422/3187]
2026-03-12 17:55:02 - INFO - ✓ Anaheim Discovery Christian SChool       [1423/3187]
2026-03-12 17:55:02 - INFO - ✓ Fairmont International School            [1424/3187]
2026-03-12 17:55:02 - INFO - ✓ Fairmont Preparatory Academy             [1425/3187]
2026-03-12 17:55:02 - INFO - ✓ Servite High School                      [1426/3187]
2026-03-12 17:55:03 - INFO - ✓ St. Catherine's Academy                  [1427/3187]
2026-03-12 17:55:05 - INFO - ✓ The Upward Bound School Inc. Doing Busin [1428/3187]
2026-03-12 17:55:05 - INFO - ✓ Wisdom Mission School                    [1429/3187]
2026-03-12 17:55:06 - INFO - ✓ Grace Christian Academy                  [1430/3187]
2026-03-12 17:55:06 - INFO - ✓ Christ Lutheran                          [1431/3187]
2026-03-12 17:55:06 - INFO - ✓ Heights Christian Schools, Brea          [1432/3187]
2026-03-12 17:55:07 - INFO - ✓ MONTESSORI OF BREA INC.                  [1433/3187]
2026-03-12 17:55:07 - INFO - ✓ St. Angela Merici Elementary             [1434/3187]
2026-03-12 17:55:07 - INFO - ✓ Veritas Classical Academy                [1435/3187]
2026-03-12 17:55:08 - INFO - ✓ Beacon Day School                        [1436/3187]
2026-03-12 17:55:09 - INFO - ✓ LiMai Montessori Academy                 [1437/3187]
2026-03-12 17:55:10 - INFO - ✓ St. Pius V Catholic School               [1438/3187]
2026-03-12 17:55:11 - INFO - ✓ Aliso Viejo Christian                    [1439/3187]
2026-03-12 17:55:11 - INFO - ✓ Academy on the Hills                     [1440/3187]
2026-03-12 17:55:12 - INFO - ✓ Capistrano Valley Christian Schools      [1441/3187]
2026-03-12 17:55:12 - INFO - ✓ Armenta Learning Academy                 [1442/3187]
2026-03-12 17:55:12 - INFO - ✓ Fairmont Schools Inc. - San Juan Capistr [1443/3187]
2026-03-12 17:55:12 - INFO - 💾 Saving checkpoint (150 processed)
2026-03-12 17:55:13 - INFO - ✓ Foundations Cognitive Schools            [1444/3187]
2026-03-12 17:55:13 - INFO - ✓ Community Christian Schools dba RSM Chri [1445/3187]
2026-03-12 17:55:13 - INFO - ✓ Fusion Academy - Aliso Viejo             [1446/3187]
2026-03-12 17:55:14 - INFO - ✓ Fusion Academy - Anaheim Hills           [1447/3187]
2026-03-12 17:55:16 - INFO - ✓ JSerra Catholic High School              [1448/3187]
2026-03-12 17:55:16 - INFO - ✓ Gray Academy Orange County               [1449/3187]
2026-03-12 17:55:17 - INFO - ✓ KIE Montessori                           [1450/3187]
2026-03-12 17:55:17 - INFO - ✓ Laguna Niguel Jr. Academy                [1451/3187]
2026-03-12 17:55:17 - INFO - ✓ Laguna Niguel Montessori Center          [1452/3187]
2026-03-12 17:55:18 - INFO - ✓ LiMai Montessori Academy RSM             [1453/3187]
2026-03-12 17:55:18 - INFO - ✓ Mission Basilica School                  [1454/3187]
2026-03-12 17:55:18 - INFO - 💾 Saving checkpoint (150 processed)
2026-03-12 17:55:18 - INFO - ✓ Mission Lutheran School                  [1455/3187]
2026-03-12 17:55:19 - INFO - ✓ Marguerite Christian School              [1456/3187]
2026-03-12 17:55:20 - INFO - ✓ Monarch Bay Montessori Academy           [1457/3187]
2026-03-12 17:55:20 - INFO - ✓ Montessori of Ladera Ranch               [1458/3187]
2026-03-12 17:55:21 - INFO - ✓ Rancho Viejo School                      [1459/3187]
2026-03-12 17:55:21 - INFO - ✓ San Clemente Christian School            [1460/3187]
2026-03-12 17:55:22 - INFO - ✓ St. Edward the Confessor Parish School   [1461/3187]
2026-03-12 17:55:22 - INFO - ✓ St. Junipero Serra Catholic School       [1462/3187]
2026-03-12 17:55:22 - INFO - ✓ St. Margaret's Episcopal School          [1463/3187]
2026-03-12 17:55:23 - INFO - ✓ ST. MARY'S SCHOOL                        [1464/3187]
2026-03-12 17:55:23 - INFO - ✓ St. Anne School                          [1465/3187]
2026-03-12 17:55:24 - INFO - ✓ Stoneybrooke Christian School            [1466/3187]
2026-03-12 17:55:24 - INFO - ✓ St. Michael's Christian Academy          [1467/3187]
2026-03-12 17:55:25 - INFO - ✓ Stratford School                         [1468/3187]
2026-03-12 17:55:26 - INFO - ✓ Sunflower Montessori                     [1469/3187]
2026-03-12 17:55:27 - INFO - ✓ Talega Preparatory Academy               [1470/3187]
2026-03-12 17:55:27 - INFO - ✓ The Discovery Preparatory School         [1471/3187]
2026-03-12 17:55:27 - INFO - ✓ The Johnson Academy                      [1472/3187]
2026-03-12 17:55:28 - INFO - ✓ THE Togethership                         [1473/3187]
2026-03-12 17:55:28 - INFO - ✓ Mountain Valley School                   [1474/3187]
2026-03-12 17:55:29 - INFO - ✓ West River Academy                       [1475/3187]
2026-03-12 17:55:29 - INFO - ✓ Bethel Baptist Academy                   [1476/3187]
2026-03-12 17:55:29 - INFO - ✓ Linden Oaks                              [1477/3187]
2026-03-12 17:55:30 - INFO - ✓ Cypress Montessori Academy               [1478/3187]
2026-03-12 17:55:31 - INFO - ✓ DEL SOL SCHOOL, INC                      [1479/3187]
2026-03-12 17:55:31 - INFO - ✓ Grace Christian School of Cypress        [1480/3187]
2026-03-12 17:55:32 - INFO - ✓ Hebron Mission School                    [1481/3187]
2026-03-12 17:55:32 - INFO - ✓ SCG Christian                            [1482/3187]
2026-03-12 17:55:32 - INFO - ✓ St. Irenaeus Catholic Elementary         [1483/3187]
2026-03-12 17:55:32 - INFO - 💾 Saving checkpoint (150 processed)
2026-03-12 17:55:33 - INFO - ✓ Elm Tree Academy                         [1484/3187]
2026-03-12 17:55:33 - INFO - ✓ Fountain Valley Montessori Center        [1485/3187]
2026-03-12 17:55:33 - INFO - 💾 Saving checkpoint (150 processed)
2026-03-12 17:55:34 - INFO - ✓ The Pegasus School                       [1486/3187]
2026-03-12 17:55:35 - INFO - ✓ Arborland Montessori                     [1487/3187]
2026-03-12 17:55:35 - INFO - ✓ Arborland Montessori-Hughes Campus       [1488/3187]
2026-03-12 17:55:36 - INFO - ✓ Eastside Christian School                [1489/3187]
2026-03-12 17:55:36 - INFO - ✓ Davidson Learning Center                 [1490/3187]
2026-03-12 17:55:36 - INFO - ✓ Gram Interactive School                  [1491/3187]
2026-03-12 17:55:37 - INFO - ✓ IvyCrest Montessori Private School       [1492/3187]
2026-03-12 17:55:37 - INFO - ✓ Kids Adventure Learning Center           [1493/3187]
2026-03-12 17:55:37 - INFO - ✓ St. Juliana Falconieri                   [1494/3187]
2026-03-12 17:55:38 - INFO - ✓ Stepping Stones Academy                  [1495/3187]
2026-03-12 17:55:38 - INFO - ✓ Honors Academy                           [1496/3187]
2026-03-12 17:55:41 - INFO - ✓ Whittier Christian High                  [1497/3187]
2026-03-12 17:55:42 - INFO - ✓ Rosary Academy                           [1498/3187]
2026-03-12 17:55:42 - INFO - ✓ American Elite Education                 [1499/3187]
2026-03-12 17:55:42 - INFO - ✓ Rossier Park School                      [1500/3187]
2026-03-12 17:55:42 - INFO - 💾 Saving checkpoint (150 processed)
2026-03-12 17:55:42 - INFO - ✓ Ari Guiragos Minassian Armenian School   [1501/3187]
2026-03-12 17:55:42 - INFO - ✓ Bethel Baptist School                    [1502/3187]
2026-03-12 17:55:42 - INFO - ✓ Chapman Montessori School                [1503/3187]
2026-03-12 17:55:43 - INFO - ✓ Covenant Christian Academy               [1504/3187]
2026-03-12 17:55:43 - INFO - ✓ King of Kings Christian Academy          [1505/3187]
2026-03-12 17:55:45 - INFO - ✓ Montessori Greenhouse Schools, LLC       [1506/3187]
2026-03-12 17:55:45 - INFO - 💾 Saving checkpoint (150 processed)
2026-03-12 17:55:47 - INFO - ✓ Orange Crescent                          [1507/3187]
2026-03-12 17:55:47 - INFO - ✓ Olive Crest Academy - North              [1508/3187]
2026-03-12 17:55:48 - INFO - ✓ Orangewood Academy                       [1509/3187]
2026-03-12 17:55:48 - INFO - ✓ Orange School                            [1510/3187]
2026-03-12 17:55:48 - INFO - ✓ Pacific Coast Satellite Academy          [1511/3187]
2026-03-12 17:55:48 - INFO - ✓ Padre Pio Academy                        [1512/3187]
2026-03-12 17:55:48 - INFO - ✓ Santa Clara Nursery School               [1513/3187]
2026-03-12 17:55:48 - INFO - ✓ St. Barbara Elementary                   [1514/3187]
2026-03-12 17:55:49 - INFO - ✓ St. Columban                             [1515/3187]
2026-03-12 17:55:52 - INFO - ✓ Village Bible Academy                    [1516/3187]
2026-03-12 17:55:53 - INFO - ✓ Holy Family Institute                    [1517/3187]
2026-03-12 17:55:53 - INFO - ✓ Huntington Christian                     [1518/3187]
2026-03-12 17:55:53 - INFO - ✓ My First Montessori                      [1519/3187]
2026-03-12 17:55:54 - INFO - ✓ Patti's Preschool, Inc.                  [1520/3187]
2026-03-12 17:55:54 - INFO - ✓ Fusion Academy Huntington Beach          [1521/3187]
2026-03-12 17:55:54 - INFO - ✓ Hope Christian Academy                   [1523/3187]
2026-03-12 17:55:54 - INFO - ✓ St. Simon and St. Jude Elementary        [1523/3187]
2026-03-12 17:55:54 - INFO - ✓ Prinberk High School                     [1524/3187]
2026-03-12 17:55:56 - INFO - ✓ AStudent Academy                         [1525/3187]
2026-03-12 17:55:57 - INFO - ✓ Bethel Classical Academy                 [1526/3187]
2026-03-12 17:55:58 - INFO - ✓ C4L Academy                              [1527/3187]
2026-03-12 17:55:58 - INFO - ✓ Concord Preparatory School               [1528/3187]
2026-03-12 17:55:58 - INFO - ✓ Crean Lutheran High School               [1529/3187]
2026-03-12 17:55:59 - INFO - ✓ Franklin Academy                         [1530/3187]
2026-03-12 17:55:59 - INFO - ✓ In STEPPS Academy                        [1531/3187]
2026-03-12 17:55:59 - INFO - ✓ Guide Academy/American School Academy    [1532/3187]
2026-03-12 17:56:00 - INFO - ✓ Stratford School Laguna Niguel           [1533/3187]
2026-03-12 17:56:00 - INFO - ✓ Immersion Academy                        [1534/3187]
2026-03-12 17:56:00 - INFO - ✓ Jenny Hart Early Education Center        [1535/3187]
2026-03-12 17:56:00 - INFO - ✓ Knowledge-First Empowerment Academy      [1536/3187]
2026-03-12 17:56:01 - INFO - ✓ Korean American Center                   [1537/3187]
2026-03-12 17:56:02 - INFO - ✓ Legacy International Online High School  [1538/3187]
2026-03-12 17:56:02 - INFO - ✓ LePort Montessori Irvine Spectrum        [1539/3187]
2026-03-12 17:56:03 - INFO - ✓ Mardan School of Educational Therapy     [1540/3187]
2026-03-12 17:56:04 - INFO - ✓ Mary lou Academy                         [1541/3187]
2026-03-12 17:56:04 - INFO - ✓ Milestones Montessori Of Irvine          [1542/3187]
2026-03-12 17:56:04 - INFO - ✓ New Horizon School Irvine                [1543/3187]
2026-03-12 17:56:05 - INFO - ✓ New Horizon School Irvine Upper Campus   [1544/3187]
2026-03-12 17:56:05 - INFO - ✓ Northwood Montessori School of Irvine    [1545/3187]
2026-03-12 17:56:06 - INFO - ✓ Oakridge School                          [1546/3187]
2026-03-12 17:56:06 - INFO - ✓ Pacific International Academy            [1547/3187]
2026-03-12 17:56:06 - INFO - ✓ Pacific Academy                          [1548/3187]
2026-03-12 17:56:06 - INFO - ✓ Ronald Reagan Secondary School           [1549/3187]
2026-03-12 17:56:07 - INFO - ✓ Saddleback Christian Academy             [1550/3187]
2026-03-12 17:56:07 - INFO - 💾 Saving checkpoint (165 processed)
2026-03-12 17:56:07 - INFO - ✓ Southern California Preperatory  School  [1551/3187]
2026-03-12 17:56:08 - INFO - ✓ The Conrad Academy                       [1552/3187]
2026-03-12 17:56:08 - INFO - 💾 Saving checkpoint (150 processed)
2026-03-12 17:56:08 - INFO - ✓ The Craig School                         [1553/3187]
2026-03-12 17:56:09 - INFO - ✓ Triple-I Academy                         [1554/3187]
2026-03-12 17:56:09 - INFO - ✓ Tumble 'N Grow                           [1555/3187]
2026-03-12 17:56:10 - INFO - ✓ Turtle Rock Preschool, Kindergarten & Ac [1556/3187]
2026-03-12 17:56:10 - INFO - ✓ TVT Community Day School                 [1557/3187]
2026-03-12 17:56:10 - INFO - ✓ University Montessori School of Irvine   [1558/3187]
2026-03-12 17:56:11 - INFO - ✓ University of California FCE             [1559/3187]
2026-03-12 17:56:11 - INFO - 💾 Saving checkpoint (150 processed)
2026-03-12 17:56:12 - INFO - ✓ Village Montessori School of Irvine      [1560/3187]
2026-03-12 17:56:12 - INFO - ✓ Westpark Montessori School of Irvine     [1561/3187]
2026-03-12 17:56:12 - INFO - ✓ Wolf valley of the arts                  [1562/3187]
2026-03-12 17:56:13 - INFO - ✓ Woodbridge Children's School             [1563/3187]
2026-03-12 17:56:13 - INFO - ✓ Cleta Harder Developmental School        [1564/3187]
2026-03-12 17:56:13 - INFO - ✓ Committed Christian School               [1565/3187]
2026-03-12 17:56:14 - INFO - ✓ L'Heritage Francais                      [1566/3187]
2026-03-12 17:56:14 - INFO - ✓ New Life Academy                         [1567/3187]
2026-03-12 17:56:15 - INFO - ✓ American Institute of the Gifted and Tal [1568/3187]
2026-03-12 17:56:15 - INFO - ✓ Anneliese Schools                        [1569/3187]
2026-03-12 17:56:16 - INFO - ✓ Anneliese Schools                        [1570/3187]
2026-03-12 17:56:16 - INFO - ✓ B-GREATNESS,LLC                          [1571/3187]
2026-03-12 17:56:17 - INFO - ✓ BLACKWELL LLC                            [1572/3187]
2026-03-12 17:56:17 - INFO - ✓ MENTAL UNIVERSE LLC                      [1573/3187]
2026-03-12 17:56:17 - INFO - ✓ Atlas Crest Academy                      [1574/3187]
2026-03-12 17:56:17 - INFO - ✓ Homeschool Learning Services             [1575/3187]
2026-03-12 17:56:18 - INFO - ✓ St. Hedwig Elementary                    [1576/3187]
2026-03-12 17:56:19 - INFO - ✓ PRIMANTI MONTESSORI ACADEMY              [1577/3187]
2026-03-12 17:56:19 - INFO - ✓ Anaheim Magnolia Christian School        [1578/3187]
2026-03-12 17:56:19 - INFO - ✓ CORE Academy                             [1579/3187]
2026-03-12 17:56:20 - INFO - ✓ Montessori House of Children             [1580/3187]
2026-03-12 17:56:21 - INFO - ✓ 2e4Me Academy                            [1581/3187]
2026-03-12 17:56:21 - INFO - ✓ Brood of Bees                            [1582/3187]
2026-03-12 17:56:22 - INFO - ✓ Carden Hall, Inc                         [1583/3187]
2026-03-12 17:56:22 - INFO - ✓ Harbor Day School                        [1584/3187]
2026-03-12 17:56:22 - INFO - 💾 Saving checkpoint (165 processed)
2026-03-12 17:56:22 - INFO - ✓ Christ Lutheran Elementary               [1585/3187]
2026-03-12 17:56:23 - INFO - ✓ Heritage Montessori School               [1586/3187]
2026-03-12 17:56:23 - INFO - ✓ International Christian Montessori Acade [1587/3187]
2026-03-12 17:56:23 - INFO - ✓ ISEA - International                     [1588/3187]
2026-03-12 17:56:23 - INFO - ✓ Montessori Harbor Mesa Elementary        [1589/3187]
2026-03-12 17:56:24 - INFO - ✓ Newport Christian School                 [1590/3187]
2026-03-12 17:56:24 - INFO - ✓ Our Lady Queen of Angels School          [1591/3187]
2026-03-12 17:56:25 - INFO - ✓ Pacific Academy                          [1592/3187]
2026-03-12 17:56:26 - INFO - ✓ Pacifica Christian High School-Orange Co [1593/3187]
2026-03-12 17:56:26 - INFO - ✓ Page Academy-Costa Mesa                  [1594/3187]
2026-03-12 17:56:26 - INFO - ✓ Renascence School International          [1595/3187]
2026-03-12 17:56:27 - INFO - ✓ Sage Hill School                         [1596/3187]
2026-03-12 17:56:27 - INFO - 💾 Saving checkpoint (165 processed)
2026-03-12 17:56:27 - INFO - ✓ St. Joachim                              [1597/3187]
2026-03-12 17:56:28 - INFO - ✓ St. John the Baptist Elementary          [1598/3187]
2026-03-12 17:56:28 - INFO - ✓ Villages Preparatory                     [1599/3187]
2026-03-12 17:56:28 - INFO - ✓ Waldorf School of Orange County          [1600/3187]
2026-03-12 17:56:29 - INFO - ✓ Woodbridge Academy                       [1601/3187]
2026-03-12 17:56:29 - INFO - ✓ Carden Conservatory                      [1602/3187]
2026-03-12 17:56:30 - INFO - ✓ Grace Lutheran School, Huntington Beach  [1603/3187]
2026-03-12 17:56:30 - INFO - 💾 Saving checkpoint (150 processed)
2026-03-12 17:56:30 - INFO - ✓ Heritage Montessori School               [1604/3187]
2026-03-12 17:56:30 - INFO - ✓ LePort Schools - Huntington Harbor       [1605/3187]
2026-03-12 17:56:31 - INFO - ✓ Liberty Christian School                 [1606/3187]
2026-03-12 17:56:31 - INFO - ✓ Montessori Child Development Center      [1607/3187]
2026-03-12 17:56:32 - INFO - ✓ Prinberk Academy                         [1608/3187]
2026-03-12 17:56:32 - INFO - ✓ Saint Bonaventure School                 [1609/3187]
2026-03-12 17:56:33 - INFO - ✓ Adelphia Classical Christian Academy     [1610/3187]
2026-03-12 17:56:33 - INFO - ✓ AmeriMont Academy                        [1611/3187]
2026-03-12 17:56:33 - INFO - ✓ Anaheim Hills Monterssori                [1612/3187]
2026-03-12 17:56:34 - INFO - ✓ Bloomington Pre-University Education     [1613/3187]
2026-03-12 17:56:35 - INFO - ✓ Covenant Christian School                [1614/3187]
2026-03-12 17:56:35 - INFO - ✓ Christ Cathedral Academy                 [1615/3187]
2026-03-12 17:56:35 - INFO - ✓ ECE 4 Autism                             [1616/3187]
2026-03-12 17:56:36 - INFO - ✓ ECE 4 Autism, Chapman                    [1617/3187]
2026-03-12 17:56:36 - INFO - ✓ Elevate Learning Center                  [1618/3187]
2026-03-12 17:56:36 - INFO - ✓ Evergreen Christian School               [1619/3187]
2026-03-12 17:56:36 - INFO - ✓ Hephatha Lutheran School                 [1620/3187]
2026-03-12 17:56:37 - INFO - ✓ Holy Family Elementary                   [1621/3187]
2026-03-12 17:56:37 - INFO - ✓ International School of Orange County    [1622/3187]
2026-03-12 17:56:39 - INFO - ✓ La Purisima Catholic School              [1623/3187]
2026-03-12 17:56:39 - INFO - ✓ Nobis Montessori                         [1624/3187]
2026-03-12 17:56:39 - INFO - ✓ Lutheran High School of Orange County    [1625/3187]
2026-03-12 17:56:40 - INFO - ✓ Oakridge Private                         [1626/3187]
2026-03-12 17:56:40 - INFO - ✓ Rossier Elementary/Middle Spectrum Schoo [1627/3187]
2026-03-12 17:56:40 - INFO - 💾 Saving checkpoint (165 processed)
2026-03-12 17:56:41 - INFO - ✓ Salem Lutheran                           [1628/3187]
2026-03-12 17:56:41 - INFO - ✓ Selassie Homeschool                      [1629/3187]
2026-03-12 17:56:41 - INFO - ✓ Spirit Academy                           [1630/3187]
2026-03-12 17:56:41 - INFO - ✓ St. John's Lutheran School               [1631/3187]
2026-03-12 17:56:41 - INFO - ✓ St. Norbert Catholic School              [1632/3187]
2026-03-12 17:56:43 - INFO - ✓ St. Paul's Lutheran                      [1633/3187]
2026-03-12 17:56:43 - INFO - ✓ The Open School                          [1634/3187]
2026-03-12 17:56:43 - INFO - 💾 Saving checkpoint (165 processed)
2026-03-12 17:56:43 - INFO - ✓ The Thomas Academy                       [1635/3187]
2026-03-12 17:56:44 - INFO - ✓ University High School of Business and L [1636/3187]
2026-03-12 17:56:44 - INFO - ✓ Agape Classical Christian Academy        [1637/3187]
2026-03-12 17:56:45 - INFO - ✓ AmeriMont Academy                        [1638/3187]
2026-03-12 17:56:45 - INFO - ✓ Discovery Depot Child Care Center        [1639/3187]
2026-03-12 17:56:46 - INFO - ✓ Calvary Chapel of Yorba Linda            [1640/3187]
2026-03-12 17:56:46 - INFO - ✓ E3/GraceOC Academy                       [1641/3187]
2026-03-12 17:56:46 - INFO - ✓ Fairmont Private Schools, Anaheim Hills  [1642/3187]
2026-03-12 17:56:47 - INFO - ✓ Friends Christian School                 [1643/3187]
2026-03-12 17:56:47 - INFO - ✓ Heritage Oak Private Education           [1644/3187]
2026-03-12 17:56:47 - INFO - ✓ HOPE Christian PSP                       [1645/3187]
2026-03-12 17:56:48 - INFO - ✓ Independence Christian School            [1646/3187]
2026-03-12 17:56:48 - INFO - ✓ Integrity Christian School               [1647/3187]
2026-03-12 17:56:50 - INFO - ✓ Minaret Academy                          [1648/3187]
2026-03-12 17:56:50 - INFO - 💾 Saving checkpoint (165 processed)
2026-03-12 17:56:50 - INFO - ✓ Royal Homeschool Academy                 [1649/3187]
2026-03-12 17:56:51 - INFO - ✓ St. Francis of Assisi                    [1650/3187]
2026-03-12 17:56:51 - INFO - ✓ St. Joseph Elementary                    [1651/3187]
2026-03-12 17:56:51 - INFO - 💾 Saving checkpoint (165 processed)
2026-03-12 17:56:51 - INFO - ✓ Star Homeschool Academy                  [1652/3187]
2026-03-12 17:56:51 - INFO - ✓ Veritas Lux Academy                      [1653/3187]
2026-03-12 17:56:52 - INFO - ✓ CROWN Virtual Christian Academy          [1654/3187]
2026-03-12 17:56:52 - INFO - ✓ Abiding Savior Lutheran School           [1655/3187]
2026-03-12 17:56:52 - INFO - ✓ Foundation on the Rock                   [1656/3187]
2026-03-12 17:56:53 - INFO - ✓ Fulbright Montessori Academy             [1657/3187]
2026-03-12 17:56:54 - INFO - ✓ Fusion Academy Mission Viejo             [1658/3187]
2026-03-12 17:56:54 - INFO - ✓ Grace Christian Schools                  [1659/3187]
2026-03-12 17:56:55 - INFO - ✓ Heritage Christian School                [1660/3187]
2026-03-12 17:56:55 - INFO - ✓ Heritage Christian School - JH/HS        [1661/3187]
2026-03-12 17:56:56 - INFO - ✓ Heritage Montessori School               [1662/3187]
2026-03-12 17:56:56 - INFO - ✓ Lake Forest Montessori School            [1663/3187]
2026-03-12 17:56:57 - INFO - ✓ Mission Viejo Christian School           [1664/3187]
2026-03-12 17:56:57 - INFO - ✓ Montessori on the Lake                   [1665/3187]
2026-03-12 17:56:57 - INFO - ✓ New Vista School                         [1666/3187]
2026-03-12 17:56:57 - INFO - ✓ Ocean View Nonpublic School              [1667/3187]
2026-03-12 17:56:58 - INFO - ✓ Pillars Academy                          [1668/3187]
2026-03-12 17:56:58 - INFO - ✓ Pathway School, Inc.                     [1669/3187]
2026-03-12 17:56:59 - INFO - ✓ Rahma Academy                            [1670/3187]
2026-03-12 17:56:59 - INFO - ✓ Robert H. Lange Preschool                [1671/3187]
2026-03-12 17:57:00 - INFO - ✓ Santa Margarita Catholic High School     [1672/3187]
2026-03-12 17:57:00 - INFO - ✓ Sonrisa School                           [1673/3187]
2026-03-12 17:57:01 - INFO - ✓ St. John's Episcopal                     [1674/3187]
2026-03-12 17:57:02 - INFO - ✓ Stratford School                         [1675/3187]
2026-03-12 17:57:02 - INFO - ✓ The Geneva School                        [1676/3187]
2026-03-12 17:57:02 - INFO - ✓ VanDamme Academy                         [1677/3187]
2026-03-12 17:57:03 - INFO - ✓ Calvary Chapel Private School Program    [1678/3187]
2026-03-12 17:57:03 - INFO - ✓ Calvary Chapel Schools                   [1679/3187]
2026-03-12 17:57:04 - INFO - ✓ Cristo Rey Orange County High School     [1680/3187]
2026-03-12 17:57:04 - INFO - ✓ Francis Academy                          [1681/3187]
2026-03-12 17:57:04 - INFO - ✓ Frontiers Academy                        [1682/3187]
2026-03-12 17:57:05 - INFO - ✓ Fusion Academy - Newport Beach           [1683/3187]
2026-03-12 17:57:06 - INFO - ✓ Mariners Christian                       [1684/3187]
2026-03-12 17:57:06 - INFO - ✓ Montessori International Academy         [1685/3187]
2026-03-12 17:57:07 - INFO - ✓ Saint Annes Parish School                [1686/3187]
2026-03-12 17:57:07 - INFO - ✓ Mater Dei High School                    [1687/3187]
2026-03-12 17:57:08 - INFO - ✓ STORYBOOK PRESCHOOL & KINDERGARTEN       [1688/3187]
2026-03-12 17:57:08 - INFO - ✓ Sunflower Preschool & Kindergarten       [1689/3187]
2026-03-12 17:57:09 - INFO - ✓ Orange County Christian School           [1690/3187]
2026-03-12 17:57:09 - INFO - ✓ Beyond Today Sports Academy              [1691/3187]
2026-03-12 17:57:09 - INFO - ✓ Calvary Christian School                 [1692/3187]
2026-03-12 17:57:09 - INFO - ✓ Fairmont Private Schools                 [1693/3187]
2026-03-12 17:57:10 - INFO - ✓ Joseph of Cupertino Classical Academy    [1694/3187]
2026-03-12 17:57:10 - INFO - ✓ Newport Avenue Preschool and Kindergarte [1695/3187]
2026-03-12 17:57:11 - INFO - ✓ Port View Preparatory - TUSTIN           [1696/3187]
2026-03-12 17:57:11 - INFO - ✓ Red Hill Lutheran                        [1697/3187]
2026-03-12 17:57:12 - INFO - ✓ Saint Jeanne de Lestonnac School         [1698/3187]
2026-03-12 17:57:12 - INFO - 💾 Saving checkpoint (180 processed)
2026-03-12 17:57:12 - INFO - ✓ St. Cecilia Elementary                   [1699/3187]
2026-03-12 17:57:13 - INFO - ✓ The Camino School                        [1700/3187]
2026-03-12 17:57:13 - INFO - ✓ The Prentice School                      [1701/3187]
2026-03-12 17:57:13 - INFO - ✓ Bethany Christian Academy                [1702/3187]
2026-03-12 17:57:13 - INFO - 💾 Saving checkpoint (165 processed)
2026-03-12 17:57:14 - INFO - ✓ Blessed Sacrament School                 [1703/3187]
2026-03-12 17:57:14 - INFO - ✓ Hebrew Academy                           [1704/3187]
2026-03-12 17:57:14 - INFO - ✓ Little Light                             [1705/3187]
2026-03-12 17:57:15 - INFO - ✓ oc Montessori academy                    [1706/3187]
2026-03-12 17:57:15 - INFO - ✓ Westminster School Academy               [1707/3187]
2026-03-12 17:57:16 - INFO - ✓ Alpine Academy                           [1708/3187]
2026-03-12 17:57:16 - INFO - ✓ Alpine Academy - Lakeview Campus         [1709/3187]
2026-03-12 17:57:17 - INFO - ✓ Autism Treatment Center                  [1710/3187]
2026-03-12 17:57:17 - INFO - 💾 Saving checkpoint (165 processed)
2026-03-12 17:57:17 - INFO - ✓ Benchmark                                [1711/3187]
2026-03-12 17:57:18 - INFO - ✓ Canyon State Academy                     [1712/3187]
2026-03-12 17:57:18 - INFO - ✓ Cardinal Cushing Centers                 [1713/3187]
2026-03-12 17:57:18 - INFO - ✓ Chaddock                                 [1714/3187]
2026-03-12 17:57:18 - INFO - ✓ Change Academy at the Lake of Ozarks (CA [1715/3187]
2026-03-12 17:57:19 - INFO - ✓ Chrysalis                                [1716/3187]
2026-03-12 17:57:19 - INFO - ✓ Cinnamon Hills Youth Crisis Center       [1717/3187]
2026-03-12 17:57:20 - INFO - ✓ Copper Hills Youth Center                [1718/3187]
2026-03-12 17:57:20 - INFO - ✓ Crimson Heights                          [1719/3187]
2026-03-12 17:57:21 - INFO - ✓ Crimson Heights - St. George             [1720/3187]
2026-03-12 17:57:21 - INFO - ✓ Devereux Florida Viera Campus            [1721/3187]
2026-03-12 17:57:22 - INFO - ✓ Devereux Georgia - Ackerman Academy      [1722/3187]
2026-03-12 17:57:22 - INFO - ✓ Discovery Ranch                          [1723/3187]
2026-03-12 17:57:23 - INFO - ✓ Discovery Ranch for Girls                [1724/3187]
2026-03-12 17:57:23 - INFO - ✓ Elevations Academy                       [1725/3187]
2026-03-12 17:57:24 - INFO - ✓ Gateway Academy                          [1726/3187]
2026-03-12 17:57:24 - INFO - ✓ Falcon Ridge Ranch                       [1727/3187]
2026-03-12 17:57:24 - INFO - ✓ Genesee Lake School                      [1728/3187]
2026-03-12 17:57:24 - INFO - ✓ Havenwood Academy                        [1729/3187]
2026-03-12 17:57:25 - INFO - ✓ Heartspring                              [1730/3187]
2026-03-12 17:57:25 - INFO - ✓ Heritage Schools, Inc.                   [1731/3187]
2026-03-12 17:57:26 - INFO - ✓ Heritage Schools, Inc. - Homestead       [1732/3187]
2026-03-12 17:57:26 - INFO - ✓ Intermountain Children's Home & Services [1733/3187]
2026-03-12 17:57:27 - INFO - ✓ La Europa Academy                        [1734/3187]
2026-03-12 17:57:27 - INFO - ✓ Lakemary                                 [1735/3187]
2026-03-12 17:57:28 - INFO - ✓ Latham Centers, Inc.                     [1736/3187]
2026-03-12 17:57:28 - INFO - ✓ Latham Anne McManus Center               [1737/3187]
2026-03-12 17:57:28 - INFO - 💾 Saving checkpoint (180 processed)
2026-03-12 17:57:29 - INFO - ✓ Logan River Academy                      [1738/3187]
2026-03-12 17:57:29 - INFO - ✓ Monarch                                  [1739/3187]
2026-03-12 17:57:29 - INFO - ✓ New Haven - Spanish Fork Campus          [1740/3187]
2026-03-12 17:57:30 - INFO - ✓ New Haven Residential Treatment Center - [1741/3187]
2026-03-12 17:57:30 - INFO - ✓ Noncertified Nonpublic                   [1742/3187]
2026-03-12 17:57:30 - INFO - ✓ Oxbow Academy                            [1743/3187]
2026-03-12 17:57:31 - INFO - ✓ Perkins School for the Blind             [1744/3187]
2026-03-12 17:57:31 - INFO - ✓ Provo Canyon                             [1745/3187]
2026-03-12 17:57:31 - INFO - 💾 Saving checkpoint (180 processed)
2026-03-12 17:57:33 - INFO - ✓ Provo Canyon School - Springville Campus [1746/3187]
2026-03-12 17:57:33 - INFO - ✓ Red Rock - Lava Heights Academy          [1747/3187]
2026-03-12 17:57:33 - INFO - ✓ Solstice RTC/Fernwood Academy            [1748/3187]
2026-03-12 17:57:33 - INFO - ✓ Sunrise Academy                          [1749/3187]
2026-03-12 17:57:34 - INFO - ✓ Telos Academy                            [1750/3187]
2026-03-12 17:57:35 - INFO - ✓ Telos Academy - Geneva                   [1751/3187]
2026-03-12 17:57:35 - INFO - ✓ Triumph Academy                          [1752/3187]
2026-03-12 17:57:35 - INFO - ✓ Turning Winds Academic Institute         [1753/3187]
2026-03-12 17:57:35 - INFO - 💾 Saving checkpoint (165 processed)
2026-03-12 17:57:35 - INFO - ✓ Uinta Academy                            [1754/3187]
2026-03-12 17:57:35 - INFO - ✓ WayPoint Academy                         [1755/3187]
2026-03-12 17:57:36 - INFO - ✓ Youth Care - Pine Ridge Academy          [1756/3187]
2026-03-12 17:57:37 - INFO - ✓ Legacy Christian School at Confluence Ch [1757/3187]
2026-03-12 17:57:37 - INFO - ✓ St. Joseph Catholic School               [1758/3187]
2026-03-12 17:57:37 - INFO - ✓ Green Meadows                            [1759/3187]
2026-03-12 17:57:38 - INFO - ✓ Immersion Academy                        [1760/3187]
2026-03-12 17:57:39 - INFO - ✓ Granite Bay Montessori                   [1761/3187]
2026-03-12 17:57:39 - INFO - ✓ Placer Learning Center                   [1762/3187]
2026-03-12 17:57:40 - INFO - ✓ Sacramento Jewish Academy                [1763/3187]
2026-03-12 17:57:40 - INFO - ✓ Loomis Gateway Academy                   [1764/3187]
2026-03-12 17:57:40 - INFO - ✓ Sierra Foothills Academy                 [1765/3187]
2026-03-12 17:57:41 - INFO - ✓ Honchar                                  [1766/3187]
2026-03-12 17:57:41 - INFO - ✓ Live Oak Waldorf School                  [1767/3187]
2026-03-12 17:57:41 - INFO - ✓ Global SchoolONE                         [1768/3187]
2026-03-12 17:57:41 - INFO - ✓ Pine Hills Adventist Academy             [1769/3187]
2026-03-12 17:57:42 - INFO - ✓ Regency Baptist Academy                  [1770/3187]
2026-03-12 17:57:43 - INFO - ✓ California International School          [1771/3187]
2026-03-12 17:57:43 - INFO - ✓ Catherine Dior School                    [1772/3187]
2026-03-12 17:57:44 - INFO - ✓ Destiny Christian School                 [1773/3187]
2026-03-12 17:57:44 - INFO - ✓ Holy Cross Lutheran Academy              [1774/3187]
2026-03-12 17:57:44 - INFO - ✓ Adventure Christian School               [1775/3187]
2026-03-12 17:57:45 - INFO - ✓ Kingdom Builder Academy                  [1776/3187]
2026-03-12 17:57:45 - INFO - 💾 Saving checkpoint (180 processed)
2026-03-12 17:57:45 - INFO - ✓ Merryhill Elementary School              [1777/3187]
2026-03-12 17:57:46 - INFO - ✓ St. Albans Country Day School            [1778/3187]
2026-03-12 17:57:46 - INFO - ✓ St. Rose Elementary                      [1779/3187]
2026-03-12 17:57:46 - INFO - ✓ Gates of Learning Center                 [1780/3187]
2026-03-12 17:57:47 - INFO - ✓ KEYSTONE SCHOOL CALIFORNIA               [1781/3187]
2026-03-12 17:57:47 - INFO - ✓ ISchool                                  [1782/3187]
2026-03-12 17:57:48 - INFO - ✓ Lake Tahoe Preparatory School            [1783/3187]
2026-03-12 17:57:48 - INFO - ✓ Sugar Bowl Academy                       [1784/3187]
2026-03-12 17:57:48 - INFO - 💾 Saving checkpoint (180 processed)
2026-03-12 17:57:48 - INFO - ✓ Tahoe Expedition Academy                 [1785/3187]
2026-03-12 17:57:49 - INFO - ✓ Wild River - Coldstream Campus           [1786/3187]
2026-03-12 17:57:50 - INFO - ✓ Wild River - Haskatasun                  [1787/3187]
2026-03-12 17:57:50 - INFO - ✓ Christian Scholars Learning Academy      [1788/3187]
2026-03-12 17:57:51 - INFO - ✓ Heritage Community Christian Schools Inc [1789/3187]
2026-03-12 17:57:51 - INFO - ✓ Lyons Academy                            [1790/3187]
2026-03-12 17:57:51 - INFO - ✓ Resilience Preparatory Academy           [1791/3187]
2026-03-12 17:57:52 - INFO - ✓ Plumas Christian School                  [1792/3187]
2026-03-12 17:57:53 - INFO - ✓ La Sierra Academy                        [1793/3187]
2026-03-12 17:57:53 - INFO - ✓ Calvary Christian School                 [1794/3187]
2026-03-12 17:57:53 - INFO - ✓ Monty's Montessori Academy               [1795/3187]
2026-03-12 17:57:53 - INFO - ✓ Allegiant Christian School               [1796/3187]
2026-03-12 17:57:54 - INFO - ✓ Applied Scholastics Online Academy       [1797/3187]
2026-03-12 17:57:55 - INFO - ✓ Bass Private School                      [1798/3187]
2026-03-12 17:57:55 - INFO - ✓ Calvary Chapel Corona Christian Academy  [1799/3187]
2026-03-12 17:57:56 - INFO - ✓ Belltower Montessori Academy             [1800/3187]
2026-03-12 17:57:56 - INFO - 💾 Saving checkpoint (180 processed)
2026-03-12 17:57:56 - INFO - ✓ CEAC COLLEGE PREPARATORY SCHOOL          [1801/3187]
2026-03-12 17:57:56 - INFO - 💾 Saving checkpoint (180 processed)
2026-03-12 17:57:56 - INFO - ✓ Christian Heritage School Inc            [1802/3187]
2026-03-12 17:57:57 - INFO - ✓ Crossroads Christian School              [1803/3187]
2026-03-12 17:57:57 - INFO - ✓ Grace and Glory Academy                  [1804/3187]
2026-03-12 17:57:58 - INFO - ✓ Grace Christian School                   [1805/3187]
2026-03-12 17:57:58 - INFO - ✓ Mantellum Matris Academy                 [1806/3187]
2026-03-12 17:57:59 - INFO - ✓ Montessori School of Corona              [1807/3187]
2026-03-12 17:57:59 - INFO - ✓ Morgan Academy                           [1808/3187]
2026-03-12 17:58:00 - INFO - ✓ Mount Carmel Academy                     [1809/3187]
2026-03-12 17:58:00 - INFO - ✓ Nathanael Homeschool Academy             [1810/3187]
2026-03-12 17:58:01 - INFO - ✓ Olive Branch Christian School            [1811/3187]
2026-03-12 17:58:01 - INFO - ✓ St. Edward School                        [1812/3187]
2026-03-12 17:58:02 - INFO - ✓ Tempest International Academy            [1813/3187]
2026-03-12 17:58:03 - INFO - ✓ StoneBridge Christian Academy            [1814/3187]
2026-03-12 17:58:03 - INFO - ✓ The Learning Center                      [1815/3187]
2026-03-12 17:58:03 - INFO - ✓ Turning Point Christian School           [1816/3187]
2026-03-12 17:58:03 - INFO - ✓ Willow Academy International             [1817/3187]
2026-03-12 17:58:04 - INFO - ✓ Al Vasquez Learning Center               [1818/3187]
2026-03-12 17:58:05 - INFO - ✓ Aleph Schoolhouse                        [1819/3187]
2026-03-12 17:58:05 - INFO - ✓ Carson Academy                           [1820/3187]
2026-03-12 17:58:05 - INFO - ✓ Brilliant Microschool                    [1821/3187]
2026-03-12 17:58:05 - INFO - ✓ Castleberry Home School                  [1822/3187]
2026-03-12 17:58:06 - INFO - ✓ Desert Adventist School                  [1823/3187]
2026-03-12 17:58:07 - INFO - ✓ Desert Christian                         [1824/3187]
2026-03-12 17:58:07 - INFO - ✓ Doves Landing School                     [1825/3187]
2026-03-12 17:58:07 - INFO - ✓ Desert Christian Academy                 [1826/3187]
2026-03-12 17:58:08 - INFO - ✓ Edgemont Prep Academy                    [1827/3187]
2026-03-12 17:58:08 - INFO - ✓ La Quinta Christian Fellowship School    [1828/3187]
2026-03-12 17:58:09 - INFO - ✓ Montessori School of the Desert          [1829/3187]
2026-03-12 17:58:09 - INFO - ✓ Our Lady of Perpetual Help Catholic Scho [1830/3187]
2026-03-12 17:58:09 - INFO - ✓ Morning Stars Learning Program           [1831/3187]
2026-03-12 17:58:09 - INFO - ✓ Palm Desert Learning Tree Center         [1832/3187]
2026-03-12 17:58:11 - INFO - ✓ Sacred Heart                             [1833/3187]
2026-03-12 17:58:12 - INFO - ✓ Beardens                                 [1834/3187]
2026-03-12 17:58:12 - INFO - ✓ C&C learning Academy                     [1835/3187]
2026-03-12 17:58:12 - INFO - ✓ Boston school                            [1836/3187]
2026-03-12 17:58:13 - INFO - ✓ Calvary Chapel Academy                   [1837/3187]
2026-03-12 17:58:13 - INFO - ✓ Coachella Valley Arts Institute          [1838/3187]
2026-03-12 17:58:13 - INFO - ✓ DP Christian School                      [1839/3187]
2026-03-12 17:58:14 - INFO - ✓ Expanded Horizons Academy                [1840/3187]
2026-03-12 17:58:14 - INFO - ✓ Idyllwild MOntessori School              [1841/3187]
2026-03-12 17:58:14 - INFO - ✓ Idyllwild Arts Academy                   [1842/3187]
2026-03-12 17:58:15 - INFO - ✓ Lightways Academy                        [1843/3187]
2026-03-12 17:58:16 - INFO - ✓ Olivet Academy                           [1844/3187]
2026-03-12 17:58:16 - INFO - ✓ Rancho Veijo                             [1845/3187]
2026-03-12 17:58:16 - INFO - ✓ Promises School K-12                     [1846/3187]
2026-03-12 17:58:17 - INFO - ✓ Spectrum Center Hemet                    [1847/3187]
2026-03-12 17:58:17 - INFO - ✓ St. John's Lutheran                      [1848/3187]
2026-03-12 17:58:17 - INFO - 💾 Saving checkpoint (195 processed)
2026-03-12 17:58:18 - INFO - ✓ Summit Academy                           [1849/3187]
2026-03-12 17:58:18 - INFO - ✓ Wright Academy                           [1850/3187]
2026-03-12 17:58:18 - INFO - ✓ Liberty Christian Academy                [1851/3187]
2026-03-12 17:58:19 - INFO - ✓ Escuela de Amigos                        [1852/3187]
2026-03-12 17:58:19 - INFO - 💾 Saving checkpoint (180 processed)
2026-03-12 17:58:19 - INFO - ✓ Our Lady of Good Success Academy         [1853/3187]
2026-03-12 17:58:20 - INFO - ✓ Spectrum Center Schools - Jurupa Element [1854/3187]
2026-03-12 17:58:21 - INFO - ✓ Bundy Canyon Christian School            [1855/3187]
2026-03-12 17:58:21 - INFO - ✓ California Lutheran Academy              [1856/3187]
2026-03-12 17:58:21 - INFO - ✓ Cornerstone Christian                    [1857/3187]
2026-03-12 17:58:22 - INFO - ✓ Doulos Christian Academy                 [1858/3187]
2026-03-12 17:58:22 - INFO - ✓ Earthlight Academy of Science and Discov [1859/3187]
2026-03-12 17:58:22 - INFO - 💾 Saving checkpoint (180 processed)
2026-03-12 17:58:23 - INFO - ✓ Grace Christian School of Temecula Valle [1860/3187]
2026-03-12 17:58:23 - INFO - ✓ Expectations Academy                     [1861/3187]
2026-03-12 17:58:23 - INFO - ✓ Grace Christian School of Wildomar       [1862/3187]
2026-03-12 17:58:23 - INFO - ✓ Hope Learning Academy                    [1863/3187]
2026-03-12 17:58:25 - INFO - ✓ Lambs Christian                          [1864/3187]
2026-03-12 17:58:25 - INFO - ✓ Lefebvre Family Home School              [1865/3187]
2026-03-12 17:58:25 - INFO - ✓ Libereco                                 [1866/3187]
2026-03-12 17:58:25 - INFO - ✓ Murrieta Springs Adventist Christian Sch [1867/3187]
2026-03-12 17:58:26 - INFO - ✓ TREE OF KNOWLEDGE                        [1868/3187]
2026-03-12 17:58:27 - INFO - ✓ Revival Highschool                       [1869/3187]
2026-03-12 17:58:28 - INFO - ✓ Calvary Chapel Christian                 [1870/3187]
2026-03-12 17:58:28 - INFO - ✓ Revival Homeschool                       [1871/3187]
2026-03-12 17:58:28 - INFO - ✓ Jan Peterson Child Development Center    [1872/3187]
2026-03-12 17:58:28 - INFO - ✓ St. Thomas Academy                       [1873/3187]
2026-03-12 17:58:29 - INFO - ✓ Valley Adventist Christian School        [1874/3187]
2026-03-12 17:58:30 - INFO - ✓ Calvary Murrieta Christian Academy       [1875/3187]
2026-03-12 17:58:30 - INFO - ✓ Calvary Murrieta Christian School        [1876/3187]
2026-03-12 17:58:30 - INFO - ✓ Valley Christian Academy                 [1877/3187]
2026-03-12 17:58:31 - INFO - ✓ Grace Christian School                   [1878/3187]
2026-03-12 17:58:31 - INFO - ✓ Holy Martyrs Academy                     [1879/3187]
2026-03-12 17:58:32 - INFO - ✓ Anderlyn Academy                         [1880/3187]
2026-03-12 17:58:32 - INFO - ✓ Oak Grove Center / Jack Weaver           [1881/3187]
2026-03-12 17:58:33 - INFO - ✓ Desert Chapel Christian                  [1882/3187]
2026-03-12 17:58:33 - INFO - ✓ DUC Learning Center                      [1883/3187]
2026-03-12 17:58:34 - INFO - ✓ King's Schools of the Desert             [1884/3187]
2026-03-12 17:58:35 - INFO - ✓ Palm Valley School                       [1885/3187]
2026-03-12 17:58:35 - INFO - ✓ Xavier College Preparatory High School   [1886/3187]
2026-03-12 17:58:35 - INFO - ✓ St. Theresa Catholic School              [1887/3187]
2026-03-12 17:58:35 - INFO - 💾 Saving checkpoint (195 processed)
2026-03-12 17:58:35 - INFO - ✓ Miss Johnson Education Department        [1888/3187]
2026-03-12 17:58:36 - INFO - ✓ Grace Preparatory School                 [1889/3187]
2026-03-12 17:58:37 - INFO - ✓ St. James Catholic School                [1890/3187]
2026-03-12 17:58:37 - INFO - ✓ HIGHLEVEL LLC                            [1891/3187]
2026-03-12 17:58:37 - INFO - ✓ IMMANUEL HOUSE INSTITUTE OF HIGHER LEARN [1892/3187]
2026-03-12 17:58:37 - INFO - ✓ Oak Grove at The Ranch                   [1893/3187]
2026-03-12 17:58:38 - INFO - ✓ Beacon Day School Riverside              [1894/3187]
2026-03-12 17:58:39 - INFO - ✓ Bethel Christian Schools                 [1895/3187]
2026-03-12 17:58:39 - INFO - 💾 Saving checkpoint (195 processed)
2026-03-12 17:58:39 - INFO - ✓ Dynamic Hope Schools Riverside           [1896/3187]
2026-03-12 17:58:39 - INFO - ✓ Harvest Christian School                 [1897/3187]
2026-03-12 17:58:40 - INFO - ✓ Islamic Academy of Riverside             [1898/3187]
2026-03-12 17:58:41 - INFO - ✓ Maria Home School                        [1899/3187]
2026-03-12 17:58:41 - INFO - ✓ Notre Dame High School                   [1900/3187]
2026-03-12 17:58:42 - INFO - ✓ Olive Branch Academy                     [1901/3187]
2026-03-12 17:58:42 - INFO - ✓ Our Lady of Perpetual Help               [1902/3187]
2026-03-12 17:58:42 - INFO - ✓ Riverside Montessori Academy             [1903/3187]
2026-03-12 17:58:42 - INFO - 💾 Saving checkpoint (180 processed)
2026-03-12 17:58:44 - INFO - ✓ Riverside Montessori Academy             [1904/3187]
2026-03-12 17:58:44 - INFO - ✓ Saint Catherine of Alexandria School     [1905/3187]
2026-03-12 17:58:44 - INFO - ✓ St Francis de Sales School               [1906/3187]
2026-03-12 17:58:45 - INFO - ✓ St. Thomas the Apostle                   [1907/3187]
2026-03-12 17:58:46 - INFO - ✓ Stoneridge Academy Riverside             [1908/3187]
2026-03-12 17:58:46 - INFO - ✓ The Kingdom of Light Homeschool          [1909/3187]
2026-03-12 17:58:46 - INFO - ✓ Unity Educational Academy                [1910/3187]
2026-03-12 17:58:46 - INFO - ✓ We Kare Daycare                          [1911/3187]
2026-03-12 17:58:47 - INFO - ✓ We Kare Daycare                          [1912/3187]
2026-03-12 17:58:48 - INFO - ✓ We Kare Daycare                          [1913/3187]
2026-03-12 17:58:48 - INFO - ✓ Caldera Street School                    [1914/3187]
2026-03-12 17:58:48 - INFO - ✓ Woodcrest Christian School               [1915/3187]
2026-03-12 17:58:49 - INFO - ✓ Forgiven Family Academy                  [1916/3187]
2026-03-12 17:58:50 - INFO - ✓ Alpha Omega Christian                    [1917/3187]
2026-03-12 17:58:50 - INFO - ✓ Noli Indian School                       [1918/3187]
2026-03-12 17:58:51 - INFO - ✓ Saint Jude Mission School                [1919/3187]
2026-03-12 17:58:51 - INFO - ✓ St. Hyacinth Academy                     [1920/3187]
2026-03-12 17:58:51 - INFO - ✓ ABC Child Care Center                    [1921/3187]
2026-03-12 17:58:53 - INFO - ✓ ABC Child Care Village                   [1922/3187]
2026-03-12 17:58:53 - INFO - ✓ Atelier School                           [1923/3187]
2026-03-12 17:58:53 - INFO - ✓ Big Springs School Temecula              [1924/3187]
2026-03-12 17:58:53 - INFO - 💾 Saving checkpoint (195 processed)
2026-03-12 17:58:53 - INFO - ✓ Linfield Christian School                [1925/3187]
2026-03-12 17:58:54 - INFO - ✓ Pechanga School                          [1926/3187]
2026-03-12 17:58:54 - INFO - ✓ Peppertree Montessori - Temecula         [1927/3187]
2026-03-12 17:58:55 - INFO - ✓ Rancho Christian School                  [1928/3187]
2026-03-12 17:58:55 - INFO - ✓ Saint Jeanne de Lestonnac                [1929/3187]
2026-03-12 17:58:55 - INFO - 💾 Saving checkpoint (195 processed)
2026-03-12 17:58:55 - INFO - ✓ Success Solutions Private School         [1930/3187]
2026-03-12 17:58:57 - INFO - ✓ Temecula Montessori                      [1931/3187]
2026-03-12 17:58:57 - INFO - ✓ The University of America High School    [1932/3187]
2026-03-12 17:58:57 - INFO - ✓ Trinity Lutheran Kindergarten            [1933/3187]
2026-03-12 17:58:58 - INFO - ✓ Van Avery Prep                           [1934/3187]
2026-03-12 17:58:58 - INFO - ✓ Vineyard Country School                  [1935/3187]
2026-03-12 17:58:59 - INFO - ✓ Wild Roots Holistic Learning Center      [1936/3187]
2026-03-12 17:58:59 - INFO - ✓ California Ranch School                  [1937/3187]
2026-03-12 17:59:00 - INFO - ✓ Lake Placid                              [1938/3187]
2026-03-12 17:59:00 - INFO - ✓ Keys Ubuntu Academy                      [1939/3187]
2026-03-12 17:59:01 - INFO - ✓ Al-Arqam Islamic School & College Prepar [1940/3187]
2026-03-12 17:59:02 - INFO - ✓ American Christian Academy - Ext         [1941/3187]
2026-03-12 17:59:02 - INFO - ✓ Bradshaw Christian School                [1942/3187]
2026-03-12 17:59:03 - INFO - ✓ Heidelberg Christian Academy             [1943/3187]
2026-03-12 17:59:03 - INFO - ✓ Jerusalem Arise Christian Academy        [1944/3187]
2026-03-12 17:59:03 - INFO - 💾 Saving checkpoint (195 processed)
2026-03-12 17:59:04 - INFO - ✓ King's Academy                           [1945/3187]
2026-03-12 17:59:04 - INFO - 💾 Saving checkpoint (195 processed)
2026-03-12 17:59:04 - INFO - ✓ Merryhill School Calvine                 [1946/3187]
2026-03-12 17:59:04 - INFO - ✓ Mountain Valley School - Gerber          [1947/3187]
2026-03-12 17:59:04 - INFO - ✓ Mountain Valley School - Bar Du          [1948/3187]
2026-03-12 17:59:05 - INFO - ✓ St Elizabeth Ann Seton Catholic School   [1949/3187]
2026-03-12 17:59:06 - INFO - ✓ St. Charles Borromeo                     [1950/3187]
2026-03-12 17:59:06 - INFO - ✓ St. Peter's Lutheran School              [1951/3187]
2026-03-12 17:59:07 - INFO - ✓ Wilson Academy Online                    [1952/3187]
2026-03-12 17:59:08 - INFO - ✓ Wilton Christian                         [1953/3187]
2026-03-12 17:59:08 - INFO - ✓ World Preparatory Academy                [1954/3187]
2026-03-12 17:59:08 - INFO - ✓ Aubins Christian Education               [1955/3187]
2026-03-12 17:59:09 - INFO - ✓ Capitol Academy                          [1956/3187]
2026-03-12 17:59:10 - INFO - ✓ CCHAT Center–Sacramento                  [1957/3187]
2026-03-12 17:59:10 - INFO - ✓ Folsom Educational Academy               [1958/3187]
2026-03-12 17:59:10 - INFO - ✓ Folsom Prep Academy                      [1959/3187]
2026-03-12 17:59:11 - INFO - ✓ Fusion Academy Folsom                    [1960/3187]
2026-03-12 17:59:11 - INFO - ✓ IHS Christian School                     [1961/3187]
2026-03-12 17:59:12 - INFO - ✓ Old School Home School                   [1962/3187]
2026-03-12 17:59:12 - INFO - ✓ Cadence Academy                          [1963/3187]
2026-03-12 17:59:12 - INFO - ✓ River City Christian                     [1964/3187]
2026-03-12 17:59:13 - INFO - ✓ St. John Notre Dame                      [1965/3187]
2026-03-12 17:59:13 - INFO - ✓ Immanuel Lutheran Elementary             [1966/3187]
2026-03-12 17:59:14 - INFO - ✓ St. John Vianney Catholic School         [1967/3187]
2026-03-12 17:59:14 - INFO - ✓ Zohor Academy USA                        [1968/3187]
2026-03-12 17:59:14 - INFO - ✓ Galt Adventist Christian School          [1969/3187]
2026-03-12 17:59:15 - INFO - ✓ Mayflower Academy                        [1970/3187]
2026-03-12 17:59:15 - INFO - ✓ Jimenez Academy                          [1971/3187]
2026-03-12 17:59:16 - INFO - ✓ READ Academy of Sacramento               [1972/3187]
2026-03-12 17:59:16 - INFO - ✓ Shawna Huston                            [1973/3187]
2026-03-12 17:59:16 - INFO - ✓ 21st Century STEM Academy                [1974/3187]
2026-03-12 17:59:17 - INFO - ✓ Dar-ul-Madinah                           [1975/3187]
2026-03-12 17:59:18 - INFO - ✓ American Pinnacle Academy                [1976/3187]
2026-03-12 17:59:18 - INFO - ✓ Apex International School                [1977/3187]
2026-03-12 17:59:19 - INFO - ✓ Calvary Christian School                 [1978/3187]
2026-03-12 17:59:19 - INFO - ✓ Bergamo Montessori School                [1979/3187]
2026-03-12 17:59:19 - INFO - ✓ Camellia Waldorf                         [1980/3187]
2026-03-12 17:59:20 - INFO - ✓ Capital Innovations Academy              [1981/3187]
2026-03-12 17:59:20 - INFO - ✓ Capitol Elementary                       [1982/3187]
2026-03-12 17:59:21 - INFO - ✓ Christian Brothers High School           [1983/3187]
2026-03-12 17:59:21 - INFO - ✓ Courtyard Private School                 [1984/3187]
2026-03-12 17:59:22 - INFO - ✓ Cristo Rey High School                   [1985/3187]
2026-03-12 17:59:22 - INFO - ✓ Destiny Christian Academy                [1986/3187]
2026-03-12 17:59:22 - INFO - ✓ Giving Back 2 Kids Lab School, LLC       [1987/3187]
2026-03-12 17:59:23 - INFO - ✓ Holy Spirit Parish School                [1988/3187]
2026-03-12 17:59:23 - INFO - ✓ Homeo-Balance Academy                    [1989/3187]
2026-03-12 17:59:23 - INFO - ✓ International American Institute LLC     [1990/3187]
2026-03-12 17:59:24 - INFO - ✓ Iugo World Academy                       [1991/3187]
2026-03-12 17:59:25 - INFO - ✓ Kadiant LLC - Land Park Campus           [1992/3187]
2026-03-12 17:59:25 - INFO - ✓ Malcolm X Academy for Afrikan Education  [1993/3187]
2026-03-12 17:59:26 - INFO - ✓ Merryhill School                         [1994/3187]
2026-03-12 17:59:26 - INFO - 💾 Saving checkpoint (195 processed)
2026-03-12 17:59:27 - INFO - ✓ Northern California Preparatory          [1995/3187]
2026-03-12 17:59:27 - INFO - ✓ Point Quest Education, Inc.              [1996/3187]
2026-03-12 17:59:27 - INFO - ✓ PAX Academy                              [1997/3187]
2026-03-12 17:59:27 - INFO - ✓ Rise International School                [1998/3187]
2026-03-12 17:59:28 - INFO - ✓ Riverside School Inc., dba Brookfield Sc [1999/3187]
2026-03-12 17:59:28 - INFO - ✓ Sacred Heart Parish School               [2000/3187]
2026-03-12 17:59:28 - INFO - 💾 Saving checkpoint (195 processed)
2026-03-12 17:59:29 - INFO - ✓ Saint Mary School                        [2001/3187]
2026-03-12 17:59:29 - INFO - ✓ Sierra School of Sacramento              [2002/3187]
2026-03-12 17:59:29 - INFO - ✓ St. Francis Catholic High School         [2003/3187]
2026-03-12 17:59:30 - INFO - ✓ St. Francis of Assisi Elementary School  [2004/3187]
2026-03-12 17:59:31 - INFO - ✓ St. Patrick SUCCEED Academy              [2005/3187]
2026-03-12 17:59:31 - INFO - ✓ St. Robert Catholic School               [2006/3187]
2026-03-12 17:59:32 - INFO - ✓ Academy of Classic Education LLC         [2007/3187]
2026-03-12 17:59:32 - INFO - ✓ Academy of Private Classic Education     [2008/3187]
2026-03-12 17:59:33 - INFO - ✓ Aldar Academy                            [2009/3187]
2026-03-12 17:59:33 - INFO - ✓ Almondale Academy                        [2010/3187]
2026-03-12 17:59:34 - INFO - ✓ Gabriele Academy International           [2011/3187]
2026-03-12 17:59:34 - INFO - ✓ Claire's Montessori International Academ [2012/3187]
2026-03-12 17:59:34 - INFO - ✓ Heritage Elementary School               [2013/3187]
2026-03-12 17:59:35 - INFO - ✓ House of Bread Christian Academy         [2014/3187]
2026-03-12 17:59:35 - INFO - ✓ Jackson Family Homeschool                [2015/3187]
2026-03-12 17:59:36 - INFO - ✓ Jesuit High School                       [2016/3187]
2026-03-12 17:59:36 - INFO - ✓ Odyssey Learning Center                  [2017/3187]
2026-03-12 17:59:36 - INFO - ✓ Orangevale SDA School                    [2018/3187]
2026-03-12 17:59:37 - INFO - ✓ Our Lady of the Assumption School        [2019/3187]
2026-03-12 17:59:37 - INFO - ✓ Pacific High School                      [2020/3187]
2026-03-12 17:59:38 - INFO - ✓ Presentation of the Blessed Virgin Mary  [2021/3187]
2026-03-12 17:59:38 - INFO - ✓ Sacramento Adventist Academy             [2022/3187]
2026-03-12 17:59:38 - INFO - ✓ Pyavka Family Academy                    [2023/3187]
2026-03-12 17:59:39 - INFO - ✓ Sacramento Country Day School            [2024/3187]
2026-03-12 17:59:39 - INFO - ✓ Sacramento Waldorf School                [2025/3187]
2026-03-12 17:59:40 - INFO - ✓ Serenity Stars                           [2026/3187]
2026-03-12 17:59:40 - INFO - ✓ Shalom School                            [2027/3187]
2026-03-12 17:59:40 - INFO - ✓ St. Ignatius School                      [2028/3187]
2026-03-12 17:59:41 - INFO - ✓ St. John the Evangelist                  [2029/3187]
2026-03-12 17:59:41 - INFO - 💾 Saving checkpoint (210 processed)
2026-03-12 17:59:41 - INFO - ✓ St. Mark's Lutheran Elementary           [2030/3187]
2026-03-12 17:59:42 - INFO - ✓ St. Mel                                  [2031/3187]
2026-03-12 17:59:43 - INFO - ✓ St. Michael's Episcopal Day School       [2032/3187]
2026-03-12 17:59:43 - INFO - ✓ St. Philomene Dual Language School       [2033/3187]
2026-03-12 17:59:44 - INFO - ✓ Valley Christian Academy                 [2034/3187]
2026-03-12 17:59:44 - INFO - ✓ Summit Christian School                  [2035/3187]
2026-03-12 17:59:44 - INFO - ✓ Victory Christian Elementary             [2036/3187]
2026-03-12 17:59:44 - INFO - ✓ Victory Christian                        [2037/3187]
2026-03-12 17:59:44 - INFO - 💾 Saving checkpoint (210 processed)
2026-03-12 17:59:44 - INFO - ✓ Chesterton Academy of Sacramento         [2038/3187]
2026-03-12 17:59:45 - INFO - ✓ Cornerstone Christian School             [2039/3187]
2026-03-12 17:59:45 - INFO - ✓ More Life Christian Academy              [2040/3187]
2026-03-12 17:59:46 - INFO - ✓ Mustard Seed                             [2041/3187]
2026-03-12 17:59:46 - INFO - ✓ Nehemiah Christian Academy               [2042/3187]
2026-03-12 17:59:47 - INFO - ✓ Sacramento Baptist School                [2043/3187]
2026-03-12 17:59:47 - INFO - ✓ Sacramento Christian School              [2044/3187]
2026-03-12 17:59:48 - INFO - ✓ Trinity Christian School                 [2045/3187]
2026-03-12 17:59:48 - INFO - ✓ Branson Academy, Inc.                    [2046/3187]
2026-03-12 17:59:49 - INFO - ✓ Calvary Christian                        [2047/3187]
2026-03-12 17:59:49 - INFO - ✓ Hollister Adventist Christian School     [2048/3187]
2026-03-12 17:59:49 - INFO - ✓ Little Tree Community- A Wildflower Mont [2049/3187]
2026-03-12 17:59:50 - INFO - ✓ Sacred Heart Parish School               [2050/3187]
2026-03-12 17:59:51 - INFO - ✓ Taber Academy                            [2051/3187]
2026-03-12 17:59:51 - INFO - 💾 Saving checkpoint (195 processed)
2026-03-12 17:59:51 - INFO - ✓ Alta Loma Christian                      [2052/3187]
2026-03-12 17:59:52 - INFO - ✓ Ansaar Academy                           [2053/3187]
2026-03-12 17:59:52 - INFO - ✓ Dynamic Hope Schools - Adelanto          [2054/3187]
2026-03-12 17:59:52 - INFO - ✓ St. Peter and St Paul Catholic School    [2055/3187]
2026-03-12 17:59:53 - INFO - ✓ Apple Valley Christian Academy           [2056/3187]
2026-03-12 17:59:53 - INFO - ✓ Victor Valley Desert Christian           [2057/3187]
2026-03-12 17:59:54 - INFO - ✓ Amory Academic Academy                   [2058/3187]
2026-03-12 17:59:54 - INFO - ✓ Berean Christian School                  [2059/3187]
2026-03-12 17:59:54 - INFO - ✓ Big Bear Christian School                [2060/3187]
2026-03-12 17:59:55 - INFO - ✓ Calvary Chapel Big Bear Christian School [2061/3187]
2026-03-12 17:59:55 - INFO - ✓ Amazing Stars Academy United             [2062/3187]
2026-03-12 17:59:56 - INFO - ✓ American Christian Military Academy Of E [2063/3187]
2026-03-12 17:59:57 - INFO - ✓ Ontario Christian High                   [2064/3187]
2026-03-12 17:59:57 - INFO - ✓ Wesley College Preparatory School        [2065/3187]
2026-03-12 17:59:57 - INFO - ✓ Aquinas International Academy            [2066/3187]
2026-03-12 17:59:57 - INFO - 💾 Saving checkpoint (210 processed)
2026-03-12 17:59:58 - INFO - ✓ Chino Valley Christian Academy           [2067/3187]
2026-03-12 17:59:58 - INFO - ✓ Heights Christian Schools, Ramona Campus [2068/3187]
2026-03-12 17:59:58 - INFO - 💾 Saving checkpoint (210 processed)
2026-03-12 17:59:59 - INFO - ✓ Kingdom Generation School                [2069/3187]
2026-03-12 17:59:59 - INFO - ✓ Loving Savior of the Hills Lutheran Scho [2070/3187]
2026-03-12 18:00:00 - INFO - ✓ Montessori Academy of Chino              [2071/3187]
2026-03-12 18:00:00 - INFO - ✓ Montessori School of Chino Hills         [2072/3187]
2026-03-12 18:00:01 - INFO - ✓ Prestige STEM Academy                    [2073/3187]
2026-03-12 18:00:01 - INFO - 💾 Saving checkpoint (210 processed)
2026-03-12 18:00:01 - INFO - ✓ Ronald Reagan Secondary School           [2074/3187]
2026-03-12 18:00:01 - INFO - ✓ Spectrum Center Schools-Chino Hills      [2075/3187]
2026-03-12 18:00:02 - INFO - ✓ St. Margaret Mary                        [2076/3187]
2026-03-12 18:00:03 - INFO - ✓ Sunshine Montessori School               [2077/3187]
2026-03-12 18:00:03 - INFO - ✓ United Family Schooling                  [2078/3187]
2026-03-12 18:00:03 - INFO - ✓ VICTORY BAPTIST ACADEMY                  [2079/3187]
2026-03-12 18:00:03 - INFO - ✓ Colton Christian School                  [2080/3187]
2026-03-12 18:00:04 - INFO - ✓ Sierra School of East Valley             [2081/3187]
2026-03-12 18:00:04 - INFO - ✓ Liberty Christian Academy                [2082/3187]
2026-03-12 18:00:05 - INFO - ✓ The Rock Christian School                [2083/3187]
2026-03-12 18:00:05 - INFO - ✓ Fountain of Truth Christian Academy      [2084/3187]
2026-03-12 18:00:05 - INFO - ✓ Fröhlich International Preparatory Acade [2085/3187]
2026-03-12 18:00:06 - INFO - ✓ Rancho Christian Academy                 [2086/3187]
2026-03-12 18:00:07 - INFO - ✓ The Joshua Center Christian Academy      [2087/3187]
2026-03-12 18:00:07 - INFO - ✓ United Christian Academy                 [2088/3187]
2026-03-12 18:00:07 - INFO - ✓ Etiwanda Academy                         [2089/3187]
2026-03-12 18:00:07 - INFO - ✓ Sacred Heart Parish School               [2090/3187]
2026-03-12 18:00:09 - INFO - ✓ Water of Life Christian School           [2091/3187]
2026-03-12 18:00:09 - INFO - 💾 Saving checkpoint (210 processed)
2026-03-12 18:00:09 - INFO - ✓ St. Mary's Montessori School             [2092/3187]
2026-03-12 18:00:09 - INFO - ✓ Altus Academy                            [2093/3187]
2026-03-12 18:00:09 - INFO - ✓ Mountain View Christian Preschool and Ki [2094/3187]
2026-03-12 18:00:09 - INFO - 💾 Saving checkpoint (210 processed)
2026-03-12 18:00:10 - INFO - ✓ Resurrection Academy                     [2095/3187]
2026-03-12 18:00:10 - INFO - ✓ Scholarshine Montessori                  [2096/3187]
2026-03-12 18:00:11 - INFO - ✓ Spectrum Center Fontana                  [2097/3187]
2026-03-12 18:00:11 - INFO - ✓ St. Joseph's Academy                     [2098/3187]
2026-03-12 18:00:11 - INFO - ✓ T.R.U.T.H. Chriatian Academy             [2099/3187]
2026-03-12 18:00:11 - INFO - ✓ Desert View School                       [2100/3187]
2026-03-12 18:00:13 - INFO - ✓ Hesperia Christian                       [2101/3187]
2026-03-12 18:00:13 - INFO - ✓ Inspire Academy                          [2102/3187]
2026-03-12 18:00:13 - INFO - ✓ Just 4 Kids Academy                      [2103/3187]
2026-03-12 18:00:14 - INFO - ✓ New Life Christian Academy               [2104/3187]
2026-03-12 18:00:14 - INFO - ✓ Apostolic Christian Academy              [2105/3187]
2026-03-12 18:00:14 - INFO - ✓ CUSTODIO HOME ACADEMY                    [2106/3187]
2026-03-12 18:00:15 - INFO - ✓ Joshua Springs Academy                   [2107/3187]
2026-03-12 18:00:15 - INFO - ✓ Joshua Springs Christian School          [2108/3187]
2026-03-12 18:00:16 - INFO - ✓ Kuhlman Academy                          [2109/3187]
2026-03-12 18:00:16 - INFO - ✓ Sunnyside                                [2110/3187]
2026-03-12 18:00:17 - INFO - ✓ Montecito Baptist School                 [2111/3187]
2026-03-12 18:00:17 - INFO - ✓ Port View Preparatory - Ontario          [2112/3187]
2026-03-12 18:03:42 - WARNING - ✗ San Antonio Christian School             [2113/3187]
2026-03-12 18:03:43 - WARNING - ✗ St. George                               [2114/3187]
2026-03-12 18:03:48 - WARNING - ✗ International Montessori School          [2115/3187]
2026-03-12 18:03:48 - WARNING - ✗ Kraft Academy                            [2116/3187]
2026-03-12 18:03:49 - WARNING - ✗ Orion International Academy              [2117/3187]
2026-03-12 18:03:49 - WARNING - ✗ Ontario Christian Elementary             [2118/3187]
2026-03-12 18:03:54 - WARNING - ✗ Ahrens Child Care Center                 [2119/3187]
2026-03-12 18:03:54 - WARNING - ✗ Choices Life Plan Mentoring Program      [2120/3187]
2026-03-12 18:03:59 - WARNING - ✗ Arrowhead Christian Academy-Upper School [2121/3187]
2026-03-12 18:03:59 - WARNING - ✗ California University Preparatory Academ [2122/3187]
2026-03-12 18:03:59 - WARNING - ✗ Barton House Playschool                  [2123/3187]
2026-03-12 18:03:59 - WARNING - ✗ Christ the King Lutheran Childcare Cente [2124/3187]
2026-03-12 18:04:04 - INFO - ✓ Hope Christian School                    [2125/3187]
2026-03-12 18:04:04 - INFO - ✓ George Washington International School   [2126/3187]
2026-03-12 18:04:04 - INFO - ✓ Loma Linda Academy                       [2127/3187]
2026-03-12 18:04:04 - INFO - ✓ Mentone SDA School                       [2128/3187]
2026-03-12 18:04:05 - WARNING - ✗ Citrus Valley Christian Academy PSP      [2129/3187]
2026-03-12 18:04:05 - WARNING - ✗ Deeper Roots Academy                     [2130/3187]
2026-03-12 18:04:08 - INFO - ✓ Montessori in Redlands                   [2131/3187]
2026-03-12 18:04:08 - INFO - 💾 Saving checkpoint (210 processed)
2026-03-12 18:04:09 - WARNING - ✗ Needles SDA School                       [2132/3187]
2026-03-12 18:04:09 - INFO - ✓ Packinghouse Christian Academy           [2133/3187]
2026-03-12 18:04:09 - WARNING - ✗ Hunter Academies                         [2134/3187]
2026-03-12 18:04:10 - WARNING - ✗ NotYourRegularChurch                     [2135/3187]
2026-03-12 18:04:10 - INFO - ✓ Phase3 Lab School                        [2136/3187]
2026-03-12 18:04:10 - WARNING - ✗ Hope Center Academy                      [2137/3187]
2026-03-12 18:04:10 - INFO - ✓ Redlands Adventist Academy               [2138/3187]
2026-03-12 18:04:10 - INFO - ✓ Sacred Heart Academy                     [2139/3187]
2026-03-12 18:04:10 - INFO - ✓ Orange Grove Academy                     [2140/3187]
2026-03-12 18:04:15 - INFO - ✓ Spurgeon Academy                         [2141/3187]
2026-03-12 18:04:16 - INFO - ✓ Valley Preparatory School                [2142/3187]
2026-03-12 18:04:16 - INFO - ✓ Windsor Hills Academy                    [2143/3187]
2026-03-12 18:04:16 - INFO - ✓ Westside Christian School                [2144/3187]
2026-03-12 18:04:17 - INFO - ✓ Calvary Chapel Rialto Christian School   [2145/3187]
2026-03-12 18:04:17 - INFO - ✓ St. Catherine of Siena School            [2146/3187]
2026-03-12 18:04:17 - INFO - ✓ 16:19 Academy                            [2147/3187]
2026-03-12 18:04:17 - INFO - ✓ Lighthouse Christian Academy             [2148/3187]
2026-03-12 18:04:17 - INFO - ✓ Lake Arrowhead Christian School          [2149/3187]
2026-03-12 18:04:18 - INFO - ✓ Mt. Calvary Lutheran Early Education Cen [2150/3187]
2026-03-12 18:04:22 - INFO - ✓ Aquinas High School                      [2151/3187]
2026-03-12 18:04:23 - INFO - ✓ Dikaios Christian Academy                [2152/3187]
2026-03-12 18:04:23 - INFO - ✓ Gateway Education Center                 [2153/3187]
2026-03-12 18:04:23 - INFO - ✓ Holy Rosary Academy                      [2154/3187]
2026-03-12 18:04:24 - INFO - ✓ Montessori Learning Center INK           [2155/3187]
2026-03-12 18:04:24 - INFO - ✓ St. Adelaide School                      [2156/3187]
2026-03-12 18:04:24 - INFO - ✓ Precious Hearts Academy                  [2157/3187]
2026-03-12 18:04:24 - INFO - 💾 Saving checkpoint (210 processed)
2026-03-12 18:04:24 - INFO - ✓ Our Lady of the Assumption Elementary    [2158/3187]
2026-03-12 18:04:24 - INFO - ✓ Sierra School at San Bernardino City     [2159/3187]
2026-03-12 18:04:24 - INFO - ✓ Ironwood Christian Academy               [2160/3187]
2026-03-12 18:04:28 - INFO - ✓ Owls & Acorns Academy                    [2161/3187]
2026-03-12 18:04:28 - INFO - ✓ Foothill Christian Academy of Upland     [2162/3187]
2026-03-12 18:04:29 - INFO - ✓ Carden Arbor View School                 [2163/3187]
2026-03-12 18:04:29 - INFO - ✓ Grace Christian School                   [2164/3187]
2026-03-12 18:04:30 - INFO - ✓ Montessori Academy of Upland             [2165/3187]
2026-03-12 18:04:30 - INFO - ✓ St. Joseph Elementary                    [2166/3187]
2026-03-12 18:04:31 - INFO - ✓ Heritage Christian Academy               [2167/3187]
2026-03-12 18:04:31 - INFO - ✓ Western Christian High School            [2168/3187]
2026-03-12 18:04:31 - INFO - ✓ Victor Valley SDA School                 [2169/3187]
2026-03-12 18:04:31 - INFO - ✓ Kraft Kids School                        [2170/3187]
2026-03-12 18:04:31 - INFO - 💾 Saving checkpoint (225 processed)
2026-03-12 18:04:35 - INFO - ✓ Zion Lutheran School and Preschool       [2171/3187]
2026-03-12 18:04:36 - INFO - ✓ Learn Academy Victorville                [2172/3187]
2026-03-12 18:04:36 - INFO - ✓ Victor Valley Christian                  [2173/3187]
2026-03-12 18:04:37 - INFO - ✓ Mesa Grande Academy                      [2174/3187]
2026-03-12 18:04:37 - INFO - ✓ Wildwood Christian Academy               [2175/3187]
2026-03-12 18:04:38 - INFO - ✓ Alpine Farm Academy                      [2176/3187]
2026-03-12 18:04:38 - INFO - ✓ Christian Elementary East                [2177/3187]
2026-03-12 18:04:38 - INFO - ✓ El Cajon SDA School                      [2178/3187]
2026-03-12 18:04:38 - INFO - ✓ Christian Elementary West                [2179/3187]
2026-03-12 18:04:39 - INFO - ✓ Holy Trinity Elementary                  [2180/3187]
2026-03-12 18:04:41 - INFO - ✓ oychenie                                 [2181/3187]
2026-03-12 18:04:42 - INFO - ✓ Padre Pio Preparatory Academy            [2182/3187]
2026-03-12 18:04:42 - INFO - ✓ Saint Kieran Catholic School             [2183/3187]
2026-03-12 18:04:42 - INFO - ✓ Seeds of Hope Academy                    [2184/3187]
2026-03-12 18:04:43 - INFO - ✓ Accelerated Academics                    [2185/3187]
2026-03-12 18:04:44 - INFO - ✓ Army and Navy Academy                    [2186/3187]
2026-03-12 18:04:44 - INFO - 💾 Saving checkpoint (210 processed)
2026-03-12 18:04:44 - INFO - ✓ Carlsbad Christian Academy               [2187/3187]
2026-03-12 18:04:44 - INFO - 💾 Saving checkpoint (225 processed)
2026-03-12 18:04:45 - INFO - ✓ Coastal Sage Montessori                  [2188/3187]
2026-03-12 18:04:45 - INFO - ✓ Pacific Ridge School                     [2189/3187]
2026-03-12 18:04:45 - INFO - ✓ Redeemer by the Sea Lutheran Kindergarte [2190/3187]
2026-03-12 18:04:48 - INFO - ✓ St. Patrick Catholic                     [2191/3187]
2026-03-12 18:04:48 - INFO - ✓ Berean Bible Baptist Academy             [2192/3187]
2026-03-12 18:04:49 - INFO - ✓ Bonita Learning Academy                  [2193/3187]
2026-03-12 18:04:49 - INFO - ✓ Calvary Christian Academy                [2194/3187]
2026-03-12 18:04:50 - INFO - ✓ Green Hills Bilingual Learning Academy   [2195/3187]
2026-03-12 18:04:50 - INFO - ✓ Christian Elementary South Bay           [2196/3187]
2026-03-12 18:04:50 - INFO - ✓ Keynote Montessori                       [2197/3187]
2026-03-12 18:04:51 - INFO - ✓ Messenger Heights Academy                [2198/3187]
2026-03-12 18:04:51 - INFO - ✓ Mindful Montessori School                [2199/3187]
2026-03-12 18:04:53 - INFO - ✓ Christ Church Day School                 [2200/3187]
2026-03-12 18:04:54 - INFO - ✓ St. Pius X                               [2201/3187]
2026-03-12 18:04:54 - INFO - ✓ Sacred Heart Parish School               [2202/3187]
2026-03-12 18:04:54 - INFO - 💾 Saving checkpoint (225 processed)
2026-03-12 18:04:54 - INFO - ✓ St. Rose of Lima                         [2203/3187]
2026-03-12 18:04:55 - INFO - ✓ Right to Dream Academy San Diego         [2204/3187]
2026-03-12 18:04:55 - INFO - ✓ San Diego Jewish Academy                 [2205/3187]
2026-03-12 18:04:55 - INFO - ✓ Notre Dame Academy                       [2206/3187]
2026-03-12 18:04:56 - INFO - ✓ Encinitas Country Day School             [2207/3187]
2026-03-12 18:04:56 - INFO - ✓ La Costa Valley Preschool and Kindergart [2208/3187]
2026-03-12 18:04:57 - INFO - ✓ Mater Dei Catholic Elementary            [2209/3187]
2026-03-12 18:04:58 - INFO - ✓ Lingua Natal                             [2210/3187]
2026-03-12 18:04:59 - INFO - ✓ Saint John School                        [2211/3187]
2026-03-12 18:04:59 - INFO - ✓ The Rhoades School                       [2212/3187]
2026-03-12 18:05:00 - INFO - ✓ Adventureland Christian Preschool        [2213/3187]
2026-03-12 18:05:00 - INFO - ✓ Arrow Academy                            [2214/3187]
2026-03-12 18:05:01 - INFO - ✓ Calvin Christian School of Escondido     [2215/3187]
2026-03-12 18:05:02 - INFO - ✓ Escondido Christian School               [2216/3187]
2026-03-12 18:05:02 - INFO - ✓ Calvary Preparatory Academy              [2217/3187]
2026-03-12 18:05:02 - INFO - ✓ Grace Christian School                   [2218/3187]
2026-03-12 18:05:03 - INFO - ✓ Kings Academy                            [2219/3187]
2026-03-12 18:05:04 - INFO - ✓ St. Mary School                          [2220/3187]
2026-03-12 18:05:05 - INFO - ✓ Escondido Adventist Academy              [2221/3187]
2026-03-12 18:05:05 - INFO - ✓ Ideal School                             [2222/3187]
2026-03-12 18:05:05 - INFO - ✓ Valor Academy                            [2223/3187]
2026-03-12 18:05:07 - INFO - ✓ Grace Academy                            [2224/3187]
2026-03-12 18:05:07 - INFO - ✓ Alpha and Omega Academy                  [2225/3187]
2026-03-12 18:05:08 - INFO - ✓ Topview Academy                          [2226/3187]
2026-03-12 18:05:08 - INFO - ✓ St. Peter the Apostle Catholic School    [2227/3187]
2026-03-12 18:05:08 - INFO - ✓ Helling Christian School                 [2228/3187]
2026-03-12 18:05:08 - INFO - ✓ Zion Christian Preschool & Kindergarten  [2229/3187]
2026-03-12 18:05:09 - INFO - ✓ Hope City                                [2230/3187]
2026-03-12 18:05:09 - INFO - ✓ Brookshire International Academy         [2231/3187]
2026-03-12 18:05:10 - INFO - ✓ Christian Junior/Senior High School      [2232/3187]
2026-03-12 18:05:10 - INFO - ✓ Foothills Christian High School          [2233/3187]
2026-03-12 18:05:10 - INFO - 💾 Saving checkpoint (225 processed)
2026-03-12 18:05:12 - INFO - ✓ Foothills Christian Middle School        [2234/3187]
2026-03-12 18:05:12 - INFO - ✓ Fred Finch Youth Center                  [2235/3187]
2026-03-12 18:05:13 - INFO - ✓ Acton Academy San Diego East             [2236/3187]
2026-03-12 18:05:13 - INFO - ✓ An-Nur Learning Academy                  [2237/3187]
2026-03-12 18:05:13 - INFO - ✓ Bottles to Books Primary School          [2238/3187]
2026-03-12 18:05:13 - INFO - ✓ Christ Lutheran Elementary               [2239/3187]
2026-03-12 18:05:13 - INFO - 💾 Saving checkpoint (225 processed)
2026-03-12 18:05:14 - INFO - ✓ Heartland Christian Homeschool Center, I [2240/3187]
2026-03-12 18:05:14 - INFO - ✓ Elevation of Wolves Academy              [2241/3187]
2026-03-12 18:05:14 - INFO - 💾 Saving checkpoint (225 processed)
2026-03-12 18:05:15 - INFO - ✓ Journey Christian                        [2242/3187]
2026-03-12 18:05:15 - INFO - ✓ Kempton Elementary - filing error        [2243/3187]
2026-03-12 18:05:16 - INFO - ✓ Mt. Helix Academy                        [2244/3187]
2026-03-12 18:05:17 - INFO - ✓ Our Lady of Grace                        [2245/3187]
2026-03-12 18:05:17 - INFO - ✓ Santa Sophia Academy                     [2246/3187]
2026-03-12 18:05:17 - INFO - ✓ Shepherd of the Hills Lutheran           [2247/3187]
2026-03-12 18:05:18 - INFO - ✓ St. Martin of Tours Academy              [2248/3187]
2026-03-12 18:05:18 - INFO - ✓ Trinity Christian School                 [2249/3187]
2026-03-12 18:05:18 - INFO - ✓ Foothills Christian Elementary School    [2250/3187]
2026-03-12 18:05:19 - INFO - ✓ Learning Academy, The                    [2251/3187]
2026-03-12 18:05:19 - INFO - ✓ VBA Center for Behavior Change           [2252/3187]
2026-03-12 18:05:19 - INFO - ✓ St. John of the Cross School             [2253/3187]
2026-03-12 18:05:20 - INFO - ✓ Risen K=12                               [2254/3187]
2026-03-12 18:05:21 - INFO - ✓ Tecate Christian                         [2255/3187]
2026-03-12 18:05:21 - INFO - ✓ Faithful Ambassadors Bible Baptist Acade [2256/3187]
2026-03-12 18:05:21 - INFO - ✓ Bethel Academy                           [2257/3187]
2026-03-12 18:05:22 - INFO - ✓ San Diego Academy                        [2258/3187]
2026-03-12 18:05:22 - INFO - ✓ St. Mary Star of the Sea Elementary      [2259/3187]
2026-03-12 18:05:23 - INFO - ✓ Oceanside Adventist Elementary           [2260/3187]
2026-03-12 18:05:23 - INFO - ✓ TERI- The Learning Academy               [2261/3187]
2026-03-12 18:05:23 - INFO - ✓ The Academy at Miracosta                 [2262/3187]
2026-03-12 18:05:24 - INFO - ✓ Abdulaziz Family                         [2263/3187]
2026-03-12 18:05:24 - INFO - ✓ Amazing Grace Christian School           [2264/3187]
2026-03-12 18:05:24 - INFO - 💾 Saving checkpoint (225 processed)
2026-03-12 18:05:25 - INFO - ✓ Amazing Grace online School              [2265/3187]
2026-03-12 18:05:25 - INFO - ✓ Legacy Montessori School                 [2266/3187]
2026-03-12 18:05:26 - INFO - ✓ Country Montessori School of Poway       [2267/3187]
2026-03-12 18:05:26 - INFO - ✓ LifeBridge Academy                       [2268/3187]
2026-03-12 18:05:27 - INFO - ✓ Maranatha Christian Schools              [2269/3187]
2026-03-12 18:05:27 - INFO - ✓ Lifetime Montessori School               [2270/3187]
2026-03-12 18:05:28 - INFO - ✓ Montessori Child Development Center      [2271/3187]
2026-03-12 18:05:28 - INFO - ✓ NewBridge School                         [2272/3187]
2026-03-12 18:05:28 - INFO - ✓ Praxis Elite Sports Academy              [2273/3187]
2026-03-12 18:05:28 - INFO - ✓ St. Gregory the Great Catholic School    [2274/3187]
2026-03-12 18:05:29 - INFO - ✓ St. Michael's School                     [2275/3187]
2026-03-12 18:05:30 - INFO - ✓ The Cambridge School                     [2276/3187]
2026-03-12 18:05:30 - INFO - ✓ The Koonings Center                      [2277/3187]
2026-03-12 18:05:30 - INFO - ✓ Montessori Children's Elementary         [2278/3187]
2026-03-12 18:05:30 - INFO - ✓ Thomsen Learning Center                  [2279/3187]
2026-03-12 18:05:30 - INFO - 💾 Saving checkpoint (225 processed)
2026-03-12 18:05:30 - INFO - ✓ Ramona Faith Academy                     [2280/3187]
2026-03-12 18:05:31 - INFO - ✓ Academy of Our Lady of Peace             [2281/3187]
2026-03-12 18:05:32 - INFO - ✓ ACES 2020 LLC, DBA: Aces Academy         [2282/3187]
2026-03-12 18:05:32 - INFO - ✓ All Hallows Academy                      [2283/3187]
2026-03-12 18:05:32 - INFO - ✓ Aseltine School                          [2284/3187]
2026-03-12 18:05:33 - INFO - ✓ Beacon Christian Academy                 [2285/3187]
2026-03-12 18:05:33 - INFO - ✓ Bishop's School, The                     [2286/3187]
2026-03-12 18:05:33 - INFO - ✓ Bright Horizon Academy                   [2287/3187]
2026-03-12 18:05:33 - INFO - ✓ Chabad Hebrew Academy                    [2288/3187]
2026-03-12 18:05:34 - INFO - ✓ Children's Creative and Performing Arts  [2289/3187]
2026-03-12 18:05:34 - INFO - ✓ Child's Primary, The                     [2290/3187]
2026-03-12 18:05:35 - INFO - ✓ Children's Workshop                      [2291/3187]
2026-03-12 18:05:35 - INFO - ✓ Christ the Cornerstone Lutheran Academy  [2292/3187]
2026-03-12 18:05:36 - INFO - ✓ City Tree Christian                      [2293/3187]
2026-03-12 18:05:36 - INFO - ✓ Clairemont Christian Academy             [2294/3187]
2026-03-12 18:05:36 - INFO - ✓ Coastal Christian Academy                [2295/3187]
2026-03-12 18:05:36 - INFO - ✓ Community School of San Diego            [2296/3187]
2026-03-12 18:05:37 - INFO - ✓ Cook Education Center                    [2297/3187]
2026-03-12 18:05:37 - INFO - ✓ Community School of San Diego High Schoo [2298/3187]
2026-03-12 18:05:38 - INFO - ✓ Cristo Rey San Diego High School         [2299/3187]
2026-03-12 18:05:38 - INFO - ✓ CWB Academy                              [2300/3187]
2026-03-12 18:05:38 - INFO - ✓ Day Prep                                 [2301/3187]
2026-03-12 18:05:39 - INFO - ✓ Francis Parker School                    [2302/3187]
2026-03-12 18:05:39 - INFO - ✓ Fusion Academy                           [2303/3187]
2026-03-12 18:05:40 - INFO - ✓ Fusion Academy San Diego Scripps Ranch   [2304/3187]
2026-03-12 18:05:40 - INFO - ✓ Gillispie School                         [2305/3187]
2026-03-12 18:05:40 - INFO - ✓ Good Shepherd Catholic School            [2306/3187]
2026-03-12 18:05:41 - INFO - ✓ Grace Christian Schools-Mission Valley C [2307/3187]
2026-03-12 18:05:41 - INFO - 💾 Saving checkpoint (225 processed)
2026-03-12 18:05:41 - INFO - ✓ Greenfield EDU                           [2308/3187]
2026-03-12 18:05:41 - INFO - ✓ Heritage Christian School of San Diego   [2309/3187]
2026-03-12 18:05:42 - INFO - ✓ Horizons in Education                    [2310/3187]
2026-03-12 18:05:42 - INFO - ✓ Islamic School of Theology               [2311/3187]
2026-03-12 18:05:42 - INFO - ✓ Japanese Academy of San Diego            [2312/3187]
2026-03-12 18:05:43 - INFO - ✓ Kreuger Academy                          [2313/3187]
2026-03-12 18:05:43 - INFO - ✓ La Jolla Country Day School              [2314/3187]
2026-03-12 18:05:43 - INFO - ✓ LAT Online School Inc                    [2315/3187]
2026-03-12 18:05:44 - INFO - ✓ Le Lycée Français de San Diego           [2316/3187]
2026-03-12 18:05:44 - INFO - 💾 Saving checkpoint (240 processed)
2026-03-12 18:05:44 - INFO - ✓ Maria Montessori School                  [2317/3187]
2026-03-12 18:05:45 - INFO - ✓ Masons best                              [2318/3187]
2026-03-12 18:05:45 - INFO - ✓ Mission Bay Montessori Academy           [2319/3187]
2026-03-12 18:05:45 - INFO - ✓ Mission Valley Academy                   [2320/3187]
2026-03-12 18:05:45 - INFO - ✓ Montessori School of San Diego           [2321/3187]
2026-03-12 18:05:46 - INFO - ✓ Mt. Erie Christian Academy               [2322/3187]
2026-03-12 18:05:46 - INFO - ✓ Nativity Prep Academy                    [2323/3187]
2026-03-12 18:05:47 - INFO - ✓ Nazareth School of San Diego             [2324/3187]
2026-03-12 18:05:47 - INFO - ✓ Our Lady's School                        [2325/3187]
2026-03-12 18:05:47 - INFO - ✓ Reformation Lutheran Church and School   [2326/3187]
2026-03-12 18:05:48 - INFO - ✓ Refugio de Amor Academy                  [2327/3187]
2026-03-12 18:05:48 - INFO - ✓ Sam and Rose Stein Education Center      [2328/3187]
2026-03-12 18:05:49 - INFO - ✓ Saint Charles Borromeo Academy           [2329/3187]
2026-03-12 18:05:49 - INFO - ✓ San Diego Center for Children Academy    [2330/3187]
2026-03-12 18:05:49 - INFO - ✓ San Diego French-American School         [2331/3187]
2026-03-12 18:05:49 - INFO - ✓ School of the Madeleine                  [2332/3187]
2026-03-12 18:05:50 - INFO - ✓ Scripps Montessori                       [2333/3187]
2026-03-12 18:05:50 - INFO - ✓ Sierra School Of San Diego               [2334/3187]
2026-03-12 18:05:50 - INFO - ✓ Soille San Diego Hebrew Day              [2335/3187]
2026-03-12 18:05:50 - INFO - 💾 Saving checkpoint (225 processed)
2026-03-12 18:05:51 - INFO - ✓ Southern California Yeshiva High School  [2336/3187]
2026-03-12 18:05:51 - INFO - ✓ Srinivasan School                        [2337/3187]
2026-03-12 18:05:51 - INFO - ✓ St Therese Academy                       [2338/3187]
2026-03-12 18:05:52 - INFO - ✓ St. Augustine High School                [2339/3187]
2026-03-12 18:05:52 - INFO - 💾 Saving checkpoint (240 processed)
2026-03-12 18:05:53 - INFO - ✓ St. Columba Catholic School              [2340/3187]
2026-03-12 18:05:53 - INFO - ✓ St. Didacus  School                      [2341/3187]
2026-03-12 18:05:53 - INFO - ✓ St. Patrick School                       [2342/3187]
2026-03-12 18:05:53 - INFO - ✓ St. Katharine Drexel Academy             [2343/3187]
2026-03-12 18:05:54 - INFO - ✓ St. Paul's Lutheran                      [2344/3187]
2026-03-12 18:05:54 - INFO - ✓ St. Rita's School                        [2345/3187]
2026-03-12 18:05:54 - INFO - ✓ Stella Maris Academy                     [2346/3187]
2026-03-12 18:05:55 - INFO - ✓ St. Vincent de Paul                      [2347/3187]
2026-03-12 18:05:55 - INFO - ✓ Sun & Moon                               [2348/3187]
2026-03-12 18:05:56 - INFO - ✓ Tabernacle Christian Academy             [2349/3187]
2026-03-12 18:05:56 - INFO - ✓ Take wing high school                    [2350/3187]
2026-03-12 18:05:57 - INFO - ✓ The Evans School                         [2351/3187]
2026-03-12 18:05:57 - INFO - ✓ The Waldorf School of San Diego          [2352/3187]
2026-03-12 18:05:57 - INFO - 💾 Saving checkpoint (240 processed)
2026-03-12 18:05:57 - INFO - ✓ The Rock Academy                         [2353/3187]
2026-03-12 18:05:57 - INFO - ✓ True Faith Academy                       [2354/3187]
2026-03-12 18:05:57 - INFO - ✓ Torah High Schools of San Diego          [2355/3187]
2026-03-12 18:05:58 - INFO - ✓ Urban Skills Center                      [2356/3187]
2026-03-12 18:05:58 - INFO - ✓ Via Talentum Academy                     [2357/3187]
2026-03-12 18:05:59 - INFO - ✓ Warren-Walker School                     [2358/3187]
2026-03-12 18:05:59 - INFO - ✓ Willow Ridge Academy                     [2359/3187]
2026-03-12 18:06:00 - INFO - ✓ Zensei Education                         [2360/3187]
2026-03-12 18:06:01 - INFO - ✓ Cathedral Catholic High School           [2361/3187]
2026-03-12 18:06:01 - INFO - ✓ Fusion Academy, Solana Beach             [2362/3187]
2026-03-12 18:06:01 - INFO - ✓ Cal Coast Academy                        [2363/3187]
2026-03-12 18:06:01 - INFO - ✓ High Bluff Academy                       [2364/3187]
2026-03-12 18:06:02 - INFO - ✓ Grauer School, The                       [2365/3187]
2026-03-12 18:06:02 - INFO - ✓ Norton High School                       [2366/3187]
2026-03-12 18:06:02 - INFO - ✓ Ocean Breeze Academy                     [2367/3187]
2026-03-12 18:06:02 - INFO - ✓ Pacific Academy                          [2368/3187]
2026-03-12 18:06:03 - INFO - ✓ The Winston School of San Diego          [2369/3187]
2026-03-12 18:06:04 - INFO - ✓ Santa Fe Christian Schools               [2370/3187]
2026-03-12 18:06:04 - INFO - ✓ North County Christian School            [2371/3187]
2026-03-12 18:06:05 - INFO - ✓ TERI, INC. The Country School            [2372/3187]
2026-03-12 18:06:05 - INFO - ✓ Saint Joseph Academy                     [2373/3187]
2026-03-12 18:06:05 - INFO - ✓ Valley Christian                         [2374/3187]
2026-03-12 18:06:05 - INFO - ✓ Highland Prince Academy - HPA Educationa [2375/3187]
2026-03-12 18:06:06 - INFO - ✓ Our Lady of Mount Carmel School          [2376/3187]
2026-03-12 18:06:06 - INFO - ✓ Del Mar Pines School                     [2377/3187]
2026-03-12 18:06:06 - INFO - ✓ Diegueno Country School                  [2378/3187]
2026-03-12 18:06:07 - INFO - ✓ Horizon Prep                             [2379/3187]
2026-03-12 18:06:07 - INFO - ✓ LePort Montessori Solana Beach           [2380/3187]
2026-03-12 18:06:08 - INFO - ✓ Nativity School, The                     [2381/3187]
2026-03-12 18:06:08 - INFO - ✓ Ocean View Christian Academy             [2382/3187]
2026-03-12 18:06:08 - INFO - 💾 Saving checkpoint (240 processed)
2026-03-12 18:06:08 - INFO - ✓ St. James Academy                        [2383/3187]
2026-03-12 18:06:09 - INFO - ✓ St. Charles Elementary                   [2384/3187]
2026-03-12 18:06:09 - INFO - ✓ Innovative online academy                [2385/3187]
2026-03-12 18:06:09 - INFO - ✓ The A List Academy                       [2386/3187]
2026-03-12 18:06:09 - INFO - ✓ Mater Dei Catholic High School           [2387/3187]
2026-03-12 18:06:09 - INFO - ✓ Victory Christian Academy                [2388/3187]
2026-03-12 18:06:09 - INFO - 💾 Saving checkpoint (240 processed)
2026-03-12 18:06:10 - INFO - ✓ Arrow Academy                            [2389/3187]
2026-03-12 18:06:11 - INFO - ✓ Morning Star Ranch Training Program      [2390/3187]
2026-03-12 18:06:12 - INFO - ✓ Big Tree Little Preschool Kindergarten   [2391/3187]
2026-03-12 18:06:12 - INFO - ✓ Ambleside Academy                        [2392/3187]
2026-03-12 18:06:12 - INFO - ✓ California Accelerated Learning (CAL) Pr [2393/3187]
2026-03-12 18:06:12 - INFO - 💾 Saving checkpoint (240 processed)
2026-03-12 18:06:12 - INFO - ✓ Empowered Academics                      [2394/3187]
2026-03-12 18:06:13 - INFO - ✓ Golden Grove Academy                     [2395/3187]
2026-03-12 18:06:13 - INFO - ✓ Kid's Town Montessori School             [2396/3187]
2026-03-12 18:06:13 - INFO - ✓ Montessori School of Oceanside           [2397/3187]
2026-03-12 18:06:13 - INFO - ✓ New Haven School                         [2398/3187]
2026-03-12 18:06:14 - INFO - ✓ Sanderling Waldorf School                [2399/3187]
2026-03-12 18:06:14 - INFO - ✓ St. Francis of Assisi                    [2400/3187]
2026-03-12 18:06:15 - INFO - ✓ Tri-City Christian Schools               [2401/3187]
2026-03-12 18:06:15 - INFO - ✓ Village Gate Children's Academy          [2402/3187]
2026-03-12 18:06:16 - INFO - ✓ Vista Christian                          [2403/3187]
2026-03-12 18:06:16 - INFO - ✓ Vista Training Program                   [2404/3187]
2026-03-12 18:06:17 - INFO - ✓ Aloha Micro Academy                      [2405/3187]
2026-03-12 18:06:17 - INFO - ✓ Alpha School San Francisco               [2406/3187]
2026-03-12 18:06:17 - INFO - ✓ Adda Clevenger School                    [2407/3187]
2026-03-12 18:06:17 - INFO - ✓ Alta Vista School                        [2408/3187]
2026-03-12 18:06:18 - INFO - ✓ Andrews family home school               [2409/3187]
2026-03-12 18:06:18 - INFO - ✓ Archbishop Riordan High School           [2410/3187]
2026-03-12 18:06:19 - INFO - ✓ Arise Educational Center                 [2411/3187]
2026-03-12 18:06:19 - INFO - ✓ Bertrand D Hsu American & Chinese Bicult [2412/3187]
2026-03-12 18:06:19 - INFO - 💾 Saving checkpoint (240 processed)
2026-03-12 18:06:19 - INFO - ✓ Bais Menacham Yeshiva Day School         [2413/3187]
2026-03-12 18:06:20 - INFO - ✓ Bloomington Pre-University Education     [2414/3187]
2026-03-12 18:06:20 - INFO - ✓ Brilliant Microschool                    [2415/3187]
2026-03-12 18:06:21 - INFO - ✓ Cathedral School for Boys                [2416/3187]
2026-03-12 18:06:21 - INFO - ✓ Brightworks School                       [2417/3187]
2026-03-12 18:06:21 - INFO - ✓ Children's Day School                    [2418/3187]
2026-03-12 18:06:22 - INFO - ✓ Convent & Stuart Hall, Schools of the Sa [2419/3187]
2026-03-12 18:06:22 - INFO - ✓ Cornerstone Academy-Silver Campus        [2420/3187]
2026-03-12 18:06:23 - INFO - ✓ Cornerstone Academy–Cambridge Campus     [2421/3187]
2026-03-12 18:06:23 - INFO - ✓ Chinese American International School- 1 [2422/3187]
2026-03-12 18:06:23 - INFO - ✓ De Marillac Academy                      [2423/3187]
2026-03-12 18:06:24 - INFO - ✓ Drew School                              [2424/3187]
2026-03-12 18:06:25 - INFO - ✓ Ecole Notre Dame Des Victoires           [2425/3187]
2026-03-12 18:06:25 - INFO - ✓ Eclipse Academy                          [2426/3187]
2026-03-12 18:06:25 - INFO - ✓ Donum Dei Classical Academy              [2427/3187]
2026-03-12 18:06:26 - INFO - ✓ Eureka Learning Center                   [2428/3187]
2026-03-12 18:06:26 - INFO - ✓ Edgewood Community School                [2429/3187]
2026-03-12 18:06:26 - INFO - 💾 Saving checkpoint (240 processed)
2026-03-12 18:06:26 - INFO - ✓ German International School of Silicon V [2430/3187]
2026-03-12 18:06:26 - INFO - ✓ Fusion Academy San Francisco             [2431/3187]
2026-03-12 18:06:27 - INFO - ✓ Hillwood Academic Day                    [2432/3187]
2026-03-12 18:06:27 - INFO - ✓ Enlighten Academy                        [2433/3187]
2026-03-12 18:06:27 - INFO - ✓ Holy Name Elementary                     [2434/3187]
2026-03-12 18:06:28 - INFO - ✓ ICA Cristo Rey Academy                   [2435/3187]
2026-03-12 18:06:28 - INFO - ✓ Jewish Community High School of the Bay  [2436/3187]
2026-03-12 18:06:29 - INFO - ✓ Katherine Delmar Burke School            [2437/3187]
2026-03-12 18:06:30 - INFO - ✓ Katherine Michiels School                [2438/3187]
2026-03-12 18:06:30 - INFO - ✓ Kittredge School                         [2439/3187]
2026-03-12 18:06:30 - INFO - ✓ KZV Armenian School                      [2440/3187]
2026-03-12 18:06:30 - INFO - ✓ La Scuola International School           [2441/3187]
2026-03-12 18:06:31 - INFO - ✓ Lakeside Presbyterian Center for Childre [2442/3187]
2026-03-12 18:06:31 - INFO - ✓ Lavenia Rochelle Academy                 [2443/3187]
2026-03-12 18:06:31 - INFO - ✓ Kahlon Family Services School            [2444/3187]
2026-03-12 18:06:31 - INFO - ✓ Lick-Wilmerding High School              [2445/3187]
2026-03-12 18:06:32 - INFO - ✓ Live Oak School                          [2446/3187]
2026-03-12 18:06:33 - INFO - ✓ Lycee Francais de San Francisco (Ashbury [2447/3187]
2026-03-12 18:06:33 - INFO - 💾 Saving checkpoint (240 processed)
2026-03-12 18:06:33 - INFO - ✓ Lycee Francais de San Francisco (Ortega) [2448/3187]
2026-03-12 18:06:34 - INFO - ✓ Millennium School of San Francisco       [2449/3187]
2026-03-12 18:06:34 - INFO - ✓ Meadows-livingstone school               [2450/3187]
2026-03-12 18:06:34 - INFO - ✓ Mission Dolores Academy                  [2451/3187]
2026-03-12 18:06:35 - INFO - ✓ Mission Montessori                       [2452/3187]
2026-03-12 18:06:35 - INFO - ✓ Nativity                                 [2453/3187]
2026-03-12 18:06:35 - INFO - ✓ My City School                           [2454/3187]
2026-03-12 18:06:35 - INFO - ✓ Nomad                                    [2455/3187]
2026-03-12 18:06:36 - INFO - ✓ Our Lady of the Visitacion Elementary    [2456/3187]
2026-03-12 18:06:36 - INFO - ✓ Presidio Hill School                     [2457/3187]
2026-03-12 18:06:37 - INFO - ✓ Presidio Knolls School                   [2458/3187]
2026-03-12 18:06:37 - INFO - ✓ Red Bridge                               [2459/3187]
2026-03-12 18:06:37 - INFO - ✓ Proof School                             [2460/3187]
2026-03-12 18:06:38 - INFO - ✓ Rise University Preparatory              [2461/3187]
2026-03-12 18:06:38 - INFO - ✓ Sacred Heart Cathedral Preparatory       [2462/3187]
2026-03-12 18:06:38 - INFO - 💾 Saving checkpoint (255 processed)
2026-03-12 18:06:38 - INFO - ✓ Saint Brigid Academy                     [2463/3187]
2026-03-12 18:06:38 - INFO - ✓ Saint Monica School                      [2464/3187]
2026-03-12 18:06:39 - INFO - ✓ San Francisco Adventist School           [2465/3187]
2026-03-12 18:06:40 - INFO - ✓ San Francisco Christian School           [2466/3187]
2026-03-12 18:06:40 - INFO - ✓ San Francisco City Academy               [2467/3187]
2026-03-12 18:06:41 - INFO - ✓ San Francisco Day School                 [2468/3187]
2026-03-12 18:06:41 - INFO - ✓ San Francisco High School of the Arts    [2469/3187]
2026-03-12 18:06:41 - INFO - ✓ San Francisco Friends School             [2470/3187]
2026-03-12 18:06:41 - INFO - ✓ San Francisco Islamic School             [2471/3187]
2026-03-12 18:06:42 - INFO - ✓ San Francisco Pacific Academy            [2472/3187]
2026-03-12 18:06:42 - INFO - ✓ San Francisco School, The                [2473/3187]
2026-03-12 18:06:42 - INFO - ✓ San Francisco Schoolhouse                [2474/3187]
2026-03-12 18:06:43 - INFO - ✓ San Francisco University High School     [2475/3187]
2026-03-12 18:06:43 - INFO - ✓ San Francisco Waldorf School             [2476/3187]
2026-03-12 18:06:44 - INFO - ✓ School of the Epiphany                   [2477/3187]
2026-03-12 18:06:44 - INFO - ✓ Sovereign Private School                 [2478/3187]
2026-03-12 18:06:44 - INFO - ✓ St James School                          [2479/3187]
2026-03-12 18:06:44 - INFO - 💾 Saving checkpoint (255 processed)
2026-03-12 18:06:44 - INFO - ✓ St. Anne School                          [2480/3187]
2026-03-12 18:06:45 - INFO - ✓ St. Anthony–Immaculate Conception        [2481/3187]
2026-03-12 18:06:45 - INFO - ✓ St. Brendan Elementary                   [2482/3187]
2026-03-12 18:06:45 - INFO - ✓ St. Cecilia Elementary                   [2483/3187]
2026-03-12 18:06:46 - INFO - ✓ St. Finn Barr Catholic School            [2484/3187]
2026-03-12 18:06:47 - INFO - ✓ St. Gabriel Elementary School            [2485/3187]
2026-03-12 18:06:47 - INFO - ✓ St. Ignatius College Preparatory         [2486/3187]
2026-03-12 18:06:47 - INFO - 💾 Saving checkpoint (255 processed)
2026-03-12 18:06:48 - INFO - ✓ St. John the Evangelist                  [2487/3187]
2026-03-12 18:06:48 - INFO - ✓ St. Paul's                               [2488/3187]
2026-03-12 18:06:48 - INFO - ✓ St. Peter's School                       [2489/3187]
2026-03-12 18:06:48 - INFO - ✓ St. Philip School                        [2490/3187]
2026-03-12 18:06:49 - INFO - ✓ St. Stephen School                       [2491/3187]
2026-03-12 18:06:49 - INFO - ✓ Meadows-Livingstone School               [2492/3187]
2026-03-12 18:06:49 - INFO - ✓ St. Vincent de Paul School               [2493/3187]
2026-03-12 18:06:50 - INFO - ✓ Stella Maris Academy                     [2494/3187]
2026-03-12 18:06:50 - INFO - ✓ Sterne School                            [2495/3187]
2026-03-12 18:06:51 - INFO - ✓ Stratford School                         [2496/3187]
2026-03-12 18:06:51 - INFO - ✓ Stratford School                         [2497/3187]
2026-03-12 18:06:51 - INFO - ✓ Stratford School San Francisco           [2498/3187]
2026-03-12 18:06:52 - INFO - ✓ Sts. Peter and Paul Elementary           [2499/3187]
2026-03-12 18:06:52 - INFO - ✓ Synergy School                           [2500/3187]
2026-03-12 18:06:52 - INFO - ✓ St. Thomas More                          [2501/3187]
2026-03-12 18:06:52 - INFO - ✓ Terra San Francisco School               [2502/3187]
2026-03-12 18:06:53 - INFO - ✓ The Bay School of San Francisco          [2503/3187]
2026-03-12 18:06:53 - INFO - ✓ TCS                                      [2504/3187]
2026-03-12 18:06:53 - INFO - ✓ The Brandeis School of San Francisco     [2505/3187]
2026-03-12 18:06:55 - INFO - ✓ The Dahlia School of San Francisco Eleme [2506/3187]
2026-03-12 18:06:55 - INFO - ✓ The Hamlin School                        [2507/3187]
2026-03-12 18:06:55 - INFO - ✓ The International School of San Francisc [2508/3187]
2026-03-12 18:06:55 - INFO - ✓ The Neos Bayview Academy                 [2509/3187]
2026-03-12 18:06:56 - INFO - ✓ Urban School of San Francisco            [2510/3187]
2026-03-12 18:06:56 - INFO - ✓ Wen Jian Ying                            [2511/3187]
2026-03-12 18:06:56 - INFO - ✓ Town School for Boys                     [2512/3187]
2026-03-12 18:06:57 - INFO - ✓ West Portal Lutheran School              [2513/3187]
2026-03-12 18:06:57 - INFO - ✓ Zaytech Academy                          [2514/3187]
2026-03-12 18:06:57 - INFO - ✓ Zion Lutheran School                     [2515/3187]
2026-03-12 18:06:58 - INFO - ✓ Brookside Little Learners                [2516/3187]
2026-03-12 18:06:58 - INFO - ✓ Presentation Parish School               [2517/3187]
2026-03-12 18:06:59 - INFO - ✓ Jim Elliot Christian High School         [2518/3187]
2026-03-12 18:06:59 - INFO - ✓ Liberty Christian Academy of Lodi, inc.  [2519/3187]
2026-03-12 18:06:59 - INFO - ✓ Lodi Academy                             [2520/3187]
2026-03-12 18:06:59 - INFO - 💾 Saving checkpoint (255 processed)
2026-03-12 18:07:00 - INFO - ✓ Life Training Academy                    [2521/3187]
2026-03-12 18:07:00 - INFO - ✓ Lodi Christian School                    [2522/3187]
2026-03-12 18:07:01 - INFO - ✓ Lodi SDA Elementary School               [2523/3187]
2026-03-12 18:07:01 - INFO - ✓ Mercy Ranch Education                    [2524/3187]
2026-03-12 18:07:01 - INFO - ✓ Olive Branch Academy                     [2525/3187]
2026-03-12 18:07:02 - INFO - ✓ Point Quest Education Central Valley     [2526/3187]
2026-03-12 18:07:02 - INFO - 💾 Saving checkpoint (255 processed)
2026-03-12 18:07:02 - INFO - ✓ Saint Sebastian Academy                  [2527/3187]
2026-03-12 18:07:02 - INFO - ✓ St. Peter Evangelical Lutheran           [2528/3187]
2026-03-12 18:07:02 - INFO - ✓ St. Anne Elementary                      [2529/3187]
2026-03-12 18:07:03 - INFO - ✓ Stockton Baptist School                  [2530/3187]
2026-03-12 18:07:03 - INFO - ✓ Vineyard Christian Middle School         [2531/3187]
2026-03-12 18:07:03 - INFO - ✓ Stockton Christian Academy               [2532/3187]
2026-03-12 18:07:04 - INFO - ✓ Central Valley Christian Academy         [2533/3187]
2026-03-12 18:07:04 - INFO - ✓ Cornerstone Academy                      [2534/3187]
2026-03-12 18:07:05 - INFO - ✓ Nur Al-Huda Academy College Preparatory  [2535/3187]
2026-03-12 18:07:05 - INFO - ✓ St. Anthony's Catholic School            [2536/3187]
2026-03-12 18:07:05 - INFO - ✓ Future Pioneers                          [2537/3187]
2026-03-12 18:07:06 - INFO - ✓ Sierra View Christian                    [2538/3187]
2026-03-12 18:07:06 - INFO - ✓ Ripon Christian                          [2539/3187]
2026-03-12 18:07:06 - INFO - 💾 Saving checkpoint (255 processed)
2026-03-12 18:07:06 - INFO - ✓ All Saints Academy of Stockton           [2540/3187]
2026-03-12 18:07:07 - INFO - ✓ Apostolic Christian Academy              [2541/3187]
2026-03-12 18:07:07 - INFO - ✓ Ave Maria Catholic School                [2542/3187]
2026-03-12 18:07:07 - INFO - ✓ Cathedral of the Annunciation School     [2543/3187]
2026-03-12 18:07:08 - INFO - ✓ Centro Vida Christian Academy            [2544/3187]
2026-03-12 18:07:08 - INFO - ✓ First Baptist Christian Schools          [2545/3187]
2026-03-12 18:07:09 - INFO - ✓ K-12                                     [2546/3187]
2026-03-12 18:07:09 - INFO - ✓ Life Academy                             [2547/3187]
2026-03-12 18:07:09 - INFO - ✓ Saint Mary's High School                 [2548/3187]
2026-03-12 18:07:10 - INFO - ✓ Sacred CG Family Academy                 [2549/3187]
2026-03-12 18:07:10 - INFO - ✓ Sierra School of San Joaquin             [2550/3187]
2026-03-12 18:07:10 - INFO - ✓ Stockton Accelerated Institute of Learni [2551/3187]
2026-03-12 18:07:11 - INFO - ✓ St. Luke School                          [2552/3187]
2026-03-12 18:07:11 - INFO - ✓ Stockton Educational Center              [2553/3187]
2026-03-12 18:07:11 - INFO - 💾 Saving checkpoint (255 processed)
2026-03-12 18:07:11 - INFO - ✓ Bella Vista Christian Academy            [2554/3187]
2026-03-12 18:07:12 - INFO - ✓ Montessori Elementary & Middle School of [2555/3187]
2026-03-12 18:07:12 - INFO - ✓ St. Bernard's Catholic Elementary        [2556/3187]
2026-03-12 18:07:12 - INFO - ✓ Sonrise Christian Academy                [2557/3187]
2026-03-12 18:07:13 - INFO - ✓ Tracy SDA Christian Elementary School    [2558/3187]
2026-03-12 18:07:13 - INFO - ✓ West Valley Christian Academy            [2559/3187]
2026-03-12 18:07:14 - INFO - ✓ ACTS Advanced Christian Training Schools [2560/3187]
2026-03-12 18:07:14 - INFO - ✓ Children's House Montessori              [2561/3187]
2026-03-12 18:07:14 - INFO - ✓ North County Christian                   [2562/3187]
2026-03-12 18:07:15 - INFO - ✓ Spectrum Central Coast                   [2563/3187]
2026-03-12 18:07:15 - INFO - ✓ Coastal Christian School                 [2564/3187]
2026-03-12 18:07:15 - INFO - ✓ Peace Lutheran School                    [2565/3187]
2026-03-12 18:07:16 - INFO - ✓ St. Patrick Parochial Elementary         [2566/3187]
2026-03-12 18:07:16 - INFO - ✓ Valley View Adventist School             [2567/3187]
2026-03-12 18:07:16 - INFO - ✓ Calvary Christian                        [2568/3187]
2026-03-12 18:07:17 - INFO - ✓ Nickel S Ranch Academy                   [2569/3187]
2026-03-12 18:07:17 - INFO - ✓ Saint Rose Catholic School               [2570/3187]
2026-03-12 18:07:17 - INFO - ✓ Thrive Academy                           [2571/3187]
2026-03-12 18:07:18 - INFO - ✓ Trinity Lutheran School                  [2572/3187]
2026-03-12 18:07:18 - INFO - 💾 Saving checkpoint (255 processed)
2026-03-12 18:07:18 - INFO - ✓ Central Coast Waldorf School             [2573/3187]
2026-03-12 18:07:18 - INFO - ✓ Lindamood-Bell Academy                   [2574/3187]
2026-03-12 18:07:19 - INFO - ✓ Mission College Preparatory Catholic Hig [2575/3187]
2026-03-12 18:07:19 - INFO - 💾 Saving checkpoint (240 processed)
2026-03-12 18:07:19 - INFO - ✓ Montessori Children's School             [2576/3187]
2026-03-12 18:07:19 - INFO - ✓ Old Mission School                       [2577/3187]
2026-03-12 18:07:20 - INFO - ✓ San Luis Obispo Classical Academy        [2578/3187]
2026-03-12 18:07:20 - INFO - ✓ Santa Lucia School                       [2579/3187]
2026-03-12 18:07:21 - INFO - ✓ Templeton Hills Adventist School         [2580/3187]
2026-03-12 18:07:21 - INFO - ✓ Vineyard Classical Academy               [2581/3187]
2026-03-12 18:07:22 - INFO - ✓ Belmont Oaks Academy                     [2582/3187]
2026-03-12 18:07:22 - INFO - ✓ Charles Armstrong School                 [2583/3187]
2026-03-12 18:07:22 - INFO - ✓ Crystal Springs Uplands School-Middle Sc [2584/3187]
2026-03-12 18:07:22 - INFO - ✓ Immaculate Heart of Mary School          [2585/3187]
2026-03-12 18:07:23 - INFO - ✓ Notre Dame Elementary                    [2586/3187]
2026-03-12 18:07:23 - INFO - ✓ Serendipity School                       [2587/3187]
2026-03-12 18:07:23 - INFO - ✓ Genius Learning                          [2588/3187]
2026-03-12 18:07:23 - INFO - ✓ Our Lady of Angels Elementary            [2589/3187]
2026-03-12 18:07:25 - INFO - ✓ The Avalon Academy                       [2590/3187]
2026-03-12 18:07:25 - INFO - ✓ St. Catherine of Siena Elementary        [2591/3187]
2026-03-12 18:07:25 - INFO - ✓ Our Lady of the Pillar Academy           [2592/3187]
2026-03-12 18:07:25 - INFO - ✓ Main Street Scholars                     [2593/3187]
2026-03-12 18:07:26 - INFO - ✓ Sea Crest School                         [2594/3187]
2026-03-12 18:07:26 - INFO - ✓ Wilkinson School                         [2595/3187]
2026-03-12 18:07:26 - INFO - ✓ The Bridge School                        [2596/3187]
2026-03-12 18:07:26 - INFO - ✓ The Nueva School                         [2597/3187]
2026-03-12 18:07:27 - INFO - ✓ Holy Angels Elementary                   [2598/3187]
2026-03-12 18:07:28 - INFO - ✓ Our Lady of Mercy Elementary             [2599/3187]
2026-03-12 18:07:28 - INFO - 💾 Saving checkpoint (255 processed)
2026-03-12 18:07:28 - INFO - ✓ Our Lady of Perpetual Help School        [2600/3187]
2026-03-12 18:07:29 - INFO - ✓ PHILLIPS BROOKS SCHOOL                   [2601/3187]
2026-03-12 18:07:29 - INFO - ✓ Trinity School                           [2602/3187]
2026-03-12 18:07:29 - INFO - ✓ Spectrum Center Peninsula Campus         [2603/3187]
2026-03-12 18:07:29 - INFO - ✓ Hilldale School                          [2604/3187]
2026-03-12 18:07:30 - INFO - ✓ Woodland                                 [2605/3187]
2026-03-12 18:07:30 - INFO - ✓ Peninsula School, Ltd                    [2606/3187]
2026-03-12 18:07:30 - INFO - ✓ Nativity Catholic School K-8             [2607/3187]
2026-03-12 18:07:30 - INFO - ✓ St. Raymond School                       [2608/3187]
2026-03-12 18:07:30 - INFO - 💾 Saving checkpoint (270 processed)
2026-03-12 18:07:31 - INFO - ✓ St. Dunstan School                       [2609/3187]
2026-03-12 18:07:31 - INFO - ✓ Good Shepherd School                     [2610/3187]
2026-03-12 18:07:32 - INFO - ✓ Pacific Bay Christian School             [2611/3187]
2026-03-12 18:07:32 - INFO - ✓ Beechwood School                         [2612/3187]
2026-03-12 18:07:33 - INFO - ✓ La Scuola International School Silicon V [2613/3187]
2026-03-12 18:07:33 - INFO - ✓ Open Mind School                         [2614/3187]
2026-03-12 18:07:33 - INFO - ✓ The Primary School - East Palo Alto      [2615/3187]
2026-03-12 18:07:34 - INFO - ✓ Harper School                            [2616/3187]
2026-03-12 18:07:34 - INFO - ✓ Acton Academy Silicon Valley             [2617/3187]
2026-03-12 18:07:34 - INFO - ✓ Holy Family School of St Francis Center  [2618/3187]
2026-03-12 18:07:34 - INFO - ✓ LEARN Academy- Creative Learning Center  [2619/3187]
2026-03-12 18:07:35 - INFO - ✓ Our Lady of Mt. Carmel                   [2620/3187]
2026-03-12 18:07:35 - INFO - ✓ Redeemer Lutheran School                 [2621/3187]
2026-03-12 18:07:36 - INFO - ✓ St. Pius Elementary                      [2622/3187]
2026-03-12 18:07:36 - INFO - ✓ Synapse School                           [2623/3187]
2026-03-12 18:07:37 - INFO - ✓ Weingarten Children's Center             [2624/3187]
2026-03-12 18:07:37 - INFO - ✓ Highlands Christian Schools              [2625/3187]
2026-03-12 18:07:37 - INFO - ✓ St. Robert                               [2626/3187]
2026-03-12 18:07:37 - INFO - 💾 Saving checkpoint (270 processed)
2026-03-12 18:07:38 - INFO - ✓ Stratford School Crestmoor Canyon San Br [2627/3187]
2026-03-12 18:07:38 - INFO - ✓ Wings Learning Center                    [2628/3187]
2026-03-12 18:07:38 - INFO - ✓ Arbor Bay                                [2629/3187]
2026-03-12 18:07:38 - INFO - ✓ St. Charles Elementary                   [2630/3187]
2026-03-12 18:07:39 - INFO - ✓ Crystal Springs Uplands School           [2631/3187]
2026-03-12 18:07:39 - INFO - ✓ Fusion Academy San Mateo                 [2632/3187]
2026-03-12 18:07:39 - INFO - 💾 Saving checkpoint (270 processed)
2026-03-12 18:07:40 - INFO - ✓ Fusion Academy San Mateo-Foster City     [2633/3187]
2026-03-12 18:07:40 - INFO - ✓ Junipero Serra High School               [2634/3187]
2026-03-12 18:07:41 - INFO - ✓ Mercy High                               [2635/3187]
2026-03-12 18:07:41 - INFO - ✓ Stanbridge Academy                       [2636/3187]
2026-03-12 18:07:42 - INFO - ✓ Centennial Montessori School             [2637/3187]
2026-03-12 18:07:42 - INFO - ✓ Episcopal Day School of St. Matthew      [2638/3187]
2026-03-12 18:07:42 - INFO - ✓ Moonshot Academy                         [2639/3187]
2026-03-12 18:07:43 - INFO - ✓ Kids' Connection                         [2640/3187]
2026-03-12 18:07:43 - INFO - ✓ Odyssey School                           [2641/3187]
2026-03-12 18:07:43 - INFO - ✓ Pacific Rim International School         [2642/3187]
2026-03-12 18:07:44 - INFO - ✓ Ronald C. Wornick Jewish Day School      [2643/3187]
2026-03-12 18:07:44 - INFO - ✓ Pacific Rim International Middle/High Sc [2644/3187]
2026-03-12 18:07:44 - INFO - ✓ St Gregory                               [2645/3187]
2026-03-12 18:07:44 - INFO - ✓ St. Matthew Catholic                     [2646/3187]
2026-03-12 18:07:45 - INFO - ✓ The Burkard School                       [2647/3187]
2026-03-12 18:07:46 - INFO - ✓ The Carey School                         [2648/3187]
2026-03-12 18:07:46 - INFO - ✓ UP ACADEMY, INC.                         [2649/3187]
2026-03-12 18:07:47 - INFO - ✓ Chesterton Academy of St. James          [2650/3187]
2026-03-12 18:07:47 - INFO - ✓ Eastside College Preparatory School      [2651/3187]
2026-03-12 18:07:47 - INFO - ✓ Menlo                                    [2652/3187]
2026-03-12 18:07:47 - INFO - ✓ Lydian Academy                           [2653/3187]
2026-03-12 18:07:47 - INFO - ✓ MiaPrep Online High School               [2654/3187]
2026-03-12 18:07:48 - INFO - ✓ Mid-Peninsula Education Center           [2655/3187]
2026-03-12 18:07:48 - INFO - ✓ Notre Dame High School                   [2656/3187]
2026-03-12 18:07:49 - INFO - ✓ Sacred Heart Schools, Atherton           [2657/3187]
2026-03-12 18:07:49 - INFO - ✓ Stanford Online High School              [2658/3187]
2026-03-12 18:07:49 - INFO - ✓ St. Timothy School                       [2659/3187]
2026-03-12 18:07:50 - INFO - ✓ Woodside Priory                          [2660/3187]
2026-03-12 18:07:51 - INFO - ✓ Building Kidz                            [2661/3187]
2026-03-12 18:07:51 - INFO - ✓ All Souls Catholic Elementary            [2662/3187]
2026-03-12 18:07:51 - INFO - ✓ Hillside Christian academy               [2663/3187]
2026-03-12 18:07:51 - INFO - ✓ Sical home school                        [2664/3187]
2026-03-12 18:07:51 - INFO - ✓ St. Veronica Catholic School             [2665/3187]
2026-03-12 18:07:52 - INFO - ✓ Hundred Hills                            [2666/3187]
2026-03-12 18:07:52 - INFO - ✓ Cate School                              [2667/3187]
2026-03-12 18:07:52 - INFO - 💾 Saving checkpoint (270 processed)
2026-03-12 18:07:53 - INFO - ✓ The Howard School                        [2668/3187]
2026-03-12 18:07:53 - INFO - ✓ Santa Ynez Valley Christian Academy      [2669/3187]
2026-03-12 18:07:53 - INFO - ✓ Coastline Christian Academy              [2670/3187]
2026-03-12 18:07:54 - INFO - ✓ Montessori Center School                 [2671/3187]
2026-03-12 18:07:55 - INFO - ✓ South Coast Montessori                   [2672/3187]
2026-03-12 18:07:55 - INFO - ✓ St. Raphael Elementary                   [2673/3187]
2026-03-12 18:07:55 - INFO - ✓ Waldorf School of Santa Barbara, The     [2674/3187]
2026-03-12 18:07:55 - INFO - ✓ Laguna Blanca School                     [2675/3187]
2026-03-12 18:07:55 - INFO - 💾 Saving checkpoint (270 processed)
2026-03-12 18:07:55 - INFO - ✓ La Purisima Concepcion Elementary        [2676/3187]
2026-03-12 18:07:56 - INFO - ✓ Santa Ynez Valley Family School          [2677/3187]
2026-03-12 18:07:56 - INFO - ✓ Crane Country Day School                 [2678/3187]
2026-03-12 18:07:56 - INFO - ✓ Our Lady of Mt. Carmel Elementary        [2679/3187]
2026-03-12 18:07:57 - INFO - ✓ John Paul II Preparatory                 [2680/3187]
2026-03-12 18:07:57 - INFO - ✓ Pacific Christian                        [2681/3187]
2026-03-12 18:07:58 - INFO - ✓ St. Louis de Montfort Elementary         [2682/3187]
2026-03-12 18:07:59 - INFO - ✓ Alpha Santa Barbara                      [2683/3187]
2026-03-12 18:07:59 - INFO - ✓ Bishop Garcia Diego High School          [2684/3187]
2026-03-12 18:07:59 - INFO - ✓ Eureka School of Santa Barbara           [2685/3187]
2026-03-12 18:07:59 - INFO - ✓ Fusion Academy  Santa Barbara            [2686/3187]
2026-03-12 18:07:59 - INFO - ✓ Peace in a Pod Elementary                [2687/3187]
2026-03-12 18:08:00 - INFO - ✓ Providence School                        [2688/3187]
2026-03-12 18:08:00 - INFO - ✓ Notre Dame                               [2689/3187]
2026-03-12 18:08:00 - INFO - ✓ Saint Therese Classical Academy          [2690/3187]
2026-03-12 18:08:01 - INFO - ✓ Santa Barbara Middle School              [2691/3187]
2026-03-12 18:08:01 - INFO - ✓ The Anacapa School                       [2692/3187]
2026-03-12 18:08:01 - INFO - ✓ The Knox School of Santa Barbara         [2693/3187]
2026-03-12 18:08:01 - INFO - 💾 Saving checkpoint (270 processed)
2026-03-12 18:08:02 - INFO - ✓ The Riviera Ridge School                 [2694/3187]
2026-03-12 18:08:02 - INFO - ✓ St. Joseph High                          [2695/3187]
2026-03-12 18:08:03 - INFO - ✓ Buena Vida                               [2696/3187]
2026-03-12 18:08:03 - INFO - ✓ Eagles Christian Academy                 [2697/3187]
2026-03-12 18:08:03 - INFO - ✓ Valley Christian Academy                 [2698/3187]
2026-03-12 18:08:04 - INFO - ✓ Dunn School                              [2699/3187]
2026-03-12 18:08:04 - INFO - ✓ Midland School                           [2700/3187]
2026-03-12 18:08:04 - INFO - ✓ Most Holy Trinity School                 [2701/3187]
2026-03-12 18:08:04 - INFO - 💾 Saving checkpoint (270 processed)
2026-03-12 18:08:05 - INFO - ✓ St. John Vianney School                  [2702/3187]
2026-03-12 18:08:05 - INFO - ✓ St. Mary of the Assumption School        [2703/3187]
2026-03-12 18:08:05 - INFO - ✓ St. Thomas More                          [2704/3187]
2026-03-12 18:08:05 - INFO - ✓ Stellar Learning Academy                 [2705/3187]
2026-03-12 18:08:06 - INFO - ✓ Merryhill School                         [2706/3187]
2026-03-12 18:08:06 - INFO - ✓ Milpitas Christian School                [2707/3187]
2026-03-12 18:08:07 - INFO - ✓ Munchkin Academy and Advancing Minds     [2708/3187]
2026-03-12 18:08:07 - INFO - ✓ Learning Pathways Kindergarten           [2709/3187]
2026-03-12 18:08:07 - INFO - ✓ St. Victor School                        [2710/3187]
2026-03-12 18:08:08 - INFO - ✓ St. Frances Cabrini Elementary School    [2711/3187]
2026-03-12 18:08:08 - INFO - ✓ Action Day Schools - Campbell            [2712/3187]
2026-03-12 18:08:09 - INFO - ✓ Canyon Heights Academy                   [2713/3187]
2026-03-12 18:08:09 - INFO - ✓ Casa di Mir Montessori Elementary School [2714/3187]
2026-03-12 18:08:09 - INFO - ✓ Harker School, The                       [2715/3187]
2026-03-12 18:08:09 - INFO - ✓ DaVinci Academy of Silicon Valley        [2716/3187]
2026-03-12 18:08:10 - INFO - ✓ Old Orchard School                       [2717/3187]
2026-03-12 18:08:10 - INFO - ✓ Pacific Autism Center for Education - Pr [2718/3187]
2026-03-12 18:08:10 - INFO - ✓ Pioneer Family Home School               [2719/3187]
2026-03-12 18:08:11 - INFO - ✓ S.A.G.E Academy                          [2720/3187]
2026-03-12 18:08:11 - INFO - 💾 Saving checkpoint (270 processed)
2026-03-12 18:08:11 - INFO - ✓ San Jose Christian School                [2721/3187]
2026-03-12 18:08:11 - INFO - ✓ San Jose Montessori School               [2722/3187]
2026-03-12 18:08:12 - INFO - ✓ Springbridge International School        [2723/3187]
2026-03-12 18:08:12 - INFO - ✓ St. Lucy Parish School                   [2724/3187]
2026-03-12 18:08:12 - INFO - 💾 Saving checkpoint (255 processed)
2026-03-12 18:08:13 - INFO - ✓ St. Martin of Tours School               [2725/3187]
2026-03-12 18:08:13 - INFO - ✓ Valley Christian Elementary School       [2726/3187]
2026-03-12 18:08:13 - INFO - ✓ Beacon                                   [2727/3187]
2026-03-12 18:08:14 - INFO - ✓ Morgan Autism Center                     [2728/3187]
2026-03-12 18:08:14 - INFO - ✓ RENAISSANCE LEARNER ACADEMY              [2729/3187]
2026-03-12 18:08:14 - INFO - ✓ 7EDU Global Academy                      [2730/3187]
2026-03-12 18:08:15 - INFO - ✓ Fusion Academy - Cupertino               [2731/3187]
2026-03-12 18:08:15 - INFO - ✓ Leadways School                          [2732/3187]
2026-03-12 18:08:16 - INFO - ✓ Mandarin Academy                         [2733/3187]
2026-03-12 18:08:16 - INFO - ✓ Queen of Apostles School                 [2734/3187]
2026-03-12 18:08:16 - INFO - ✓ Resurrection Elementary                  [2735/3187]
2026-03-12 18:08:17 - INFO - ✓ RISE, dba Rossinca Academy               [2736/3187]
2026-03-12 18:08:17 - INFO - ✓ Saint Simon Parish School                [2737/3187]
2026-03-12 18:08:18 - INFO - ✓ South Peninsula Hebrew Day School        [2738/3187]
2026-03-12 18:08:18 - INFO - ✓ Starbright School                        [2739/3187]
2026-03-12 18:08:18 - INFO - ✓ St. Joseph Cupertino                     [2740/3187]
2026-03-12 18:08:18 - INFO - ✓ The French American School of Silicon Va [2741/3187]
2026-03-12 18:08:19 - INFO - ✓ AchieveKids                              [2742/3187]
2026-03-12 18:08:19 - INFO - ✓ Peach Blossom School                     [2743/3187]
2026-03-12 18:08:19 - INFO - ✓ Sofos Preparatory Academy                [2744/3187]
2026-03-12 18:08:19 - INFO - 💾 Saving checkpoint (270 processed)
2026-03-12 18:08:20 - INFO - ✓ Valley Christian High School             [2745/3187]
2026-03-12 18:08:20 - INFO - ✓ East Valley Christian School             [2746/3187]
2026-03-12 18:08:21 - INFO - ✓ Scholars Academy                         [2747/3187]
2026-03-12 18:08:21 - INFO - ✓ Tej Acton Academy                        [2748/3187]
2026-03-12 18:08:22 - INFO - ✓ San Jose Christian School                [2749/3187]
2026-03-12 18:08:22 - INFO - ✓ Valley Christian Junior High             [2750/3187]
2026-03-12 18:08:22 - INFO - ✓ Wavemakers Academy                       [2751/3187]
2026-03-12 18:08:23 - INFO - ✓ AI Innovation Academy                    [2752/3187]
2026-03-12 18:08:23 - INFO - 💾 Saving checkpoint (285 processed)
2026-03-12 18:08:23 - INFO - ✓ Archbishop Mitty High                    [2753/3187]
2026-03-12 18:08:23 - INFO - ✓ Happy Academy                            [2754/3187]
2026-03-12 18:08:24 - INFO - ✓ Legend College Preparatory               [2755/3187]
2026-03-12 18:08:24 - INFO - ✓ Pacific Autism Center for Education - Sa [2756/3187]
2026-03-12 18:08:25 - INFO - ✓ The King's Academy                       [2757/3187]
2026-03-12 18:08:25 - INFO - ✓ Pacific Point Christian Schools          [2758/3187]
2026-03-12 18:08:26 - INFO - ✓ St. Mary, Gilroy                         [2759/3187]
2026-03-12 18:08:26 - INFO - ✓ Canterbury Christian School              [2760/3187]
2026-03-12 18:08:27 - INFO - ✓ Heritage Academy                         [2761/3187]
2026-03-12 18:08:28 - INFO - ✓ Masterminds Academy                      [2762/3187]
2026-03-12 18:08:28 - INFO - ✓ Miramonte Christian School               [2763/3187]
2026-03-12 18:08:28 - INFO - ✓ Los Altos Christian Schools              [2764/3187]
2026-03-12 18:08:29 - INFO - ✓ Pinewood Private–Lower Campus            [2765/3187]
2026-03-12 18:08:29 - INFO - ✓ Pinewood Private–Middle Campus           [2766/3187]
2026-03-12 18:08:29 - INFO - ✓ Ventana School                           [2767/3187]
2026-03-12 18:08:30 - INFO - ✓ St. Nicholas Elementary                  [2768/3187]
2026-03-12 18:08:31 - INFO - ✓ Waldorf School of the Peninsula          [2769/3187]
2026-03-12 18:08:33 - INFO - ✓ Hillbrook School                         [2770/3187]
2026-03-12 18:08:33 - INFO - ✓ Fusion Academy Los Gatos                 [2771/3187]
2026-03-12 18:08:34 - INFO - ✓ St. Mary of the Immaculate Conception    [2772/3187]
2026-03-12 18:08:34 - INFO - ✓ Foothill Adventist Elementary            [2773/3187]
2026-03-12 18:08:34 - INFO - ✓ Merryhill School                         [2774/3187]
2026-03-12 18:08:34 - INFO - ✓ St. John the Baptist Catholic            [2775/3187]
2026-03-12 18:08:34 - INFO - ✓ Stratford Milpitas Beresford Square      [2776/3187]
2026-03-12 18:08:35 - INFO - ✓ Yavneh Day School                        [2777/3187]
2026-03-12 18:08:35 - INFO - 💾 Saving checkpoint (285 processed)
2026-03-12 18:08:35 - INFO - ✓ Stratford Milpitas Corning               [2778/3187]
2026-03-12 18:08:36 - INFO - ✓ Stratford Preparatory Milpitas           [2779/3187]
2026-03-12 18:08:37 - INFO - ✓ Stratford Milpitas Great Mall            [2780/3187]
2026-03-12 18:08:38 - INFO - ✓ Action Day Elementary School             [2781/3187]
2026-03-12 18:08:38 - INFO - ✓ Action Day Middle School                 [2782/3187]
2026-03-12 18:08:38 - INFO - ✓ Action Day Schools El Quito              [2783/3187]
2026-03-12 18:08:38 - INFO - ✓ As-Safa Institute/As-Safa Academy        [2784/3187]
2026-03-12 18:08:38 - INFO - 💾 Saving checkpoint (285 processed)
2026-03-12 18:08:38 - INFO - ✓ Campbell Christian Schools               [2785/3187]
2026-03-12 18:08:38 - INFO - ✓ Challenger School - Saratoga             [2786/3187]
2026-03-12 18:08:39 - INFO - ✓ Challenger School - Strawberry Park      [2787/3187]
2026-03-12 18:08:40 - INFO - ✓ Orion Montessori School                  [2788/3187]
2026-03-12 18:08:41 - INFO - ✓ Stratford Preparatory Blackford          [2789/3187]
2026-03-12 18:08:41 - INFO - ✓ Trust Primary School                     [2790/3187]
2026-03-12 18:08:42 - INFO - ✓ Colossians 1:10 Academy                  [2791/3187]
2026-03-12 18:08:43 - INFO - ✓ Oakwood                                  [2792/3187]
2026-03-12 18:08:43 - INFO - ✓ Crossroads Christian School              [2793/3187]
2026-03-12 18:08:43 - INFO - ✓ Spring Academy                           [2794/3187]
2026-03-12 18:08:43 - INFO - ✓ Regina Angelorum Academy                 [2795/3187]
2026-03-12 18:08:43 - INFO - ✓ St. Catherine Elementary                 [2796/3187]
2026-03-12 18:08:44 - INFO - ✓ Stratford School - Morgan Hill           [2797/3187]
2026-03-12 18:08:44 - INFO - ✓ Rising Star Sped Academy- Polaris Branch [2798/3187]
2026-03-12 18:08:45 - INFO - ✓ German International School of Silicon V [2799/3187]
2026-03-12 18:08:46 - INFO - ✓ Khan Lab School                          [2800/3187]
2026-03-12 18:08:47 - INFO - ✓ Starbright School - Campbell Campus      [2801/3187]
2026-03-12 18:08:47 - INFO - ✓ Tessellations                            [2802/3187]
2026-03-12 18:08:48 - INFO - ✓ School for Independent Learners          [2803/3187]
2026-03-12 18:08:48 - INFO - ✓ Yew Chung International of Silicon Vally [2804/3187]
2026-03-12 18:08:48 - INFO - ✓ Mountain View Academy                    [2805/3187]
2026-03-12 18:08:48 - INFO - ✓ St Joseph Catholic School                [2806/3187]
2026-03-12 18:08:48 - INFO - ✓ St. Francis High School                  [2807/3187]
2026-03-12 18:08:49 - INFO - ✓ Waldorf School Of the Peninsula          [2808/3187]
2026-03-12 18:08:49 - INFO - ✓ Apostles Lutheran                        [2809/3187]
2026-03-12 18:08:49 - INFO - 💾 Saving checkpoint (285 processed)
2026-03-12 18:08:50 - INFO - ✓ Challenger School - Shawnee              [2810/3187]
2026-03-12 18:08:51 - INFO - ✓ Kinship Academy                          [2811/3187]
2026-03-12 18:08:51 - INFO - ✓ Legacy Christian School                  [2812/3187]
2026-03-12 18:08:52 - INFO - ✓ Stratford School San Jose                [2813/3187]
2026-03-12 18:08:53 - INFO - ✓ The Creekside School                     [2814/3187]
2026-03-12 18:08:53 - INFO - ✓ Challenger School - Berryessa            [2815/3187]
2026-03-12 18:08:53 - INFO - ✓ Oakland American School                  [2816/3187]
2026-03-12 18:08:53 - INFO - ✓ Achieve, Inc.                            [2817/3187]
2026-03-12 18:08:54 - INFO - ✓ Athena Academy                           [2818/3187]
2026-03-12 18:08:54 - INFO - ✓ Bowman School                            [2819/3187]
2026-03-12 18:08:55 - INFO - ✓ Castilleja School                        [2820/3187]
2026-03-12 18:08:56 - INFO - ✓ Challenger School - Middlefield          [2821/3187]
2026-03-12 18:08:57 - INFO - ✓ Cornerstone School                       [2822/3187]
2026-03-12 18:08:57 - INFO - ✓ Cornerstone School                       [2823/3187]
2026-03-12 18:08:58 - INFO - ✓ Emerson Montessori School                [2824/3187]
2026-03-12 18:08:58 - INFO - ✓ Esther B. Clark School - Palo Alto       [2825/3187]
2026-03-12 18:08:58 - INFO - ✓ Fusion Academy Palo Alto                 [2826/3187]
2026-03-12 18:08:58 - INFO - ✓ Gideon Hausner Jewish Day School         [2827/3187]
2026-03-12 18:08:59 - INFO - ✓ Helios School                            [2828/3187]
2026-03-12 18:08:59 - INFO - ✓ Hope Technology                          [2829/3187]
2026-03-12 18:09:00 - INFO - ✓ iSchool International Academy            [2830/3187]
2026-03-12 18:09:00 - INFO - ✓ Imagination Lab School                   [2831/3187]
2026-03-12 18:09:02 - INFO - ✓ Keys Family Day School                   [2832/3187]
2026-03-12 18:09:03 - INFO - ✓ Khan Lab School                          [2833/3187]
2026-03-12 18:09:03 - INFO - 💾 Saving checkpoint (285 processed)
2026-03-12 18:09:04 - INFO - ✓ Shalem                                   [2834/3187]
2026-03-12 18:09:04 - INFO - ✓ Pinewood Private–Upper Campus            [2837/3187]
2026-03-12 18:09:04 - INFO - ✓ Living Wisdom School of Palo Alto        [2838/3187]
2026-03-12 18:09:04 - INFO - ✓ Palo Alto Preparatory School             [2838/3187]
2026-03-12 18:09:04 - INFO - ✓ Silicon Valley International School      [2838/3187]
2026-03-12 18:09:04 - INFO - ✓ Sand Hill School                         [2839/3187]
2026-03-12 18:09:07 - INFO - ✓ Stratford School                         [2840/3187]
2026-03-12 18:09:07 - INFO - ✓ The Girls' Middle School                 [2841/3187]
2026-03-12 18:09:07 - INFO - ✓ St. Elizabeth Seton                      [2842/3187]
2026-03-12 18:09:09 - INFO - ✓ The Kehillah School                      [2843/3187]
2026-03-12 18:09:10 - INFO - ✓ BASIS Independent Silicon Valley         [2844/3187]
2026-03-12 18:09:10 - INFO - ✓ The VR School                            [2845/3187]
2026-03-12 18:09:10 - INFO - ✓ Almaden Country Day School               [2846/3187]
2026-03-12 18:09:10 - INFO - ✓ YourEDU Academy                          [2847/3187]
2026-03-12 18:09:11 - INFO - ✓ Tru                                      [2848/3187]
2026-03-12 18:09:11 - INFO - ✓ Action Day Schools - Allen               [2849/3187]
2026-03-12 18:09:11 - INFO - 💾 Saving checkpoint (285 processed)
2026-03-12 18:09:11 - INFO - ✓ Bellarmine College Preparatory           [2850/3187]
2026-03-12 18:09:12 - INFO - ✓ Calvary Christian Academy                [2851/3187]
2026-03-12 18:09:12 - INFO - ✓ Cambrian Academy                         [2852/3187]
2026-03-12 18:09:12 - INFO - ✓ Challenger School - Almaden              [2853/3187]
2026-03-12 18:09:13 - INFO - ✓ Cristo Rey San Jose Jesuit High School   [2854/3187]
2026-03-12 18:09:14 - INFO - ✓ Esther B. Clark School San Jose          [2855/3187]
2026-03-12 18:09:14 - INFO - ✓ Holy Family School                       [2856/3187]
2026-03-12 18:09:15 - INFO - ✓ Notre Dame High School San Jose          [2857/3187]
2026-03-12 18:09:15 - INFO - ✓ Holy Spirit                              [2858/3187]
2026-03-12 18:09:15 - INFO - ✓ One World Montessori School              [2859/3187]
2026-03-12 18:09:15 - INFO - ✓ One World Montessori School              [2860/3187]
2026-03-12 18:09:15 - INFO - 💾 Saving checkpoint (285 processed)
2026-03-12 18:09:16 - INFO - ✓ Our Lady of Grace                        [2861/3187]
2026-03-12 18:09:16 - INFO - ✓ Pacific Autism Center for Education - Su [2862/3187]
2026-03-12 18:09:16 - INFO - ✓ Pine Hill School (Second Start Learning  [2863/3187]
2026-03-12 18:09:16 - INFO - ✓ Presentation High School                 [2864/3187]
2026-03-12 18:09:17 - INFO - ✓ Sacred Heart Nativity School             [2865/3187]
2026-03-12 18:09:18 - INFO - ✓ Spectrum Center Schools and Programs     [2866/3187]
2026-03-12 18:09:18 - INFO - ✓ St. Christopher Catholic School          [2867/3187]
2026-03-12 18:09:18 - INFO - 💾 Saving checkpoint (270 processed)
2026-03-12 18:09:18 - INFO - ✓ St. Leo the Great School                 [2868/3187]
2026-03-12 18:09:18 - INFO - ✓ St. Patrick Elementary                   [2869/3187]
2026-03-12 18:09:19 - INFO - ✓ Axcellent Academy                        [2870/3187]
2026-03-12 18:09:19 - INFO - ✓ BASIS Independent Silicon Valley Lower   [2871/3187]
2026-03-12 18:09:19 - INFO - ✓ Granada Islamic                          [2872/3187]
2026-03-12 18:09:20 - INFO - ✓ Live Oak Academy                         [2873/3187]
2026-03-12 18:09:20 - INFO - ✓ Monticello Academy                       [2874/3187]
2026-03-12 18:09:21 - INFO - ✓ North Valley Baptist School              [2875/3187]
2026-03-12 18:09:21 - INFO - ✓ Brains Academy                           [2876/3187]
2026-03-12 18:09:22 - INFO - ✓ RISE Academy                             [2877/3187]
2026-03-12 18:09:22 - INFO - ✓ Silicon Valley Academy                   [2878/3187]
2026-03-12 18:09:22 - INFO - ✓ Santa Clara Christian                    [2879/3187]
2026-03-12 18:09:22 - INFO - ✓ Silicon Valley Kids in Action            [2880/3187]
2026-03-12 18:09:23 - INFO - ✓ St. Clare Elementary                     [2881/3187]
2026-03-12 18:09:23 - INFO - ✓ St. Justin                               [2882/3187]
2026-03-12 18:09:23 - INFO - ✓ St. Lawrence School                      [2883/3187]
2026-03-12 18:09:23 - INFO - 💾 Saving checkpoint (285 processed)
2026-03-12 18:09:24 - INFO - ✓ Stratford School                         [2884/3187]
2026-03-12 18:09:24 - INFO - ✓ Stratford School                         [2885/3187]
2026-03-12 18:09:25 - INFO - ✓ Uncommonly Awesome Learning Lab          [2886/3187]
2026-03-12 18:09:25 - INFO - ✓ Sacred Heart School                      [2887/3187]
2026-03-12 18:09:25 - INFO - ✓ Saint Andrew's Episcopal School          [2888/3187]
2026-03-12 18:09:26 - INFO - ✓ Challenger School - Sunnyvale            [2889/3187]
2026-03-12 18:09:26 - INFO - ✓ Rainbow Montessori                       [2890/3187]
2026-03-12 18:09:38 - INFO - ✓ Stratford San Jose Middle School         [2891/3187]
2026-03-12 18:09:39 - INFO - ✓ Stratford School                         [2892/3187]
2026-03-12 18:09:39 - INFO - ✓ Challenger - Harwood                     [2893/3187]
2026-03-12 18:09:39 - INFO - 💾 Saving checkpoint (300 processed)
2026-03-12 18:09:39 - INFO - ✓ Sunnyvale Christian                      [2894/3187]
2026-03-12 18:09:39 - INFO - ✓ Learning Springs Academy                 [2895/3187]
2026-03-12 18:09:39 - INFO - ✓ Stratford School Washington Park         [2896/3187]
2026-03-12 18:09:39 - INFO - ✓ Stratford Belgatos Park                  [2897/3187]
2026-03-12 18:09:39 - INFO - ✓ One World Montessori School              [2898/3187]
2026-03-12 18:09:39 - INFO - ✓ Delight Elementary and Middle School     [2899/3187]
2026-03-12 18:09:39 - INFO - ✓ Enlighten Kindergarten                   [2900/3187]
2026-03-12 18:09:42 - INFO - ✓ Stratford School Los Gatos               [2901/3187]
2026-03-12 18:09:42 - INFO - ✓ Stratford School-Almaden                 [2902/3187]
2026-03-12 18:09:43 - INFO - ✓ Venture Christian Academy                [2903/3187]
2026-03-12 18:09:43 - INFO - ✓ VHM Christian School                     [2904/3187]
2026-03-12 18:09:44 - INFO - ✓ Central Christian School                 [2905/3187]
2026-03-12 18:09:44 - INFO - ✓ Chrysostom Classical Academy             [2906/3187]
2026-03-12 18:09:44 - INFO - ✓ Green Valley Christian School            [2907/3187]
2026-03-12 18:09:44 - INFO - ✓ Monterey Bay Academy                     [2908/3187]
2026-03-12 18:09:44 - INFO - ✓ Moreland Notre Dame                      [2909/3187]
2026-03-12 18:09:44 - INFO - 💾 Saving checkpoint (285 processed)
2026-03-12 18:09:44 - INFO - ✓ Monte Vista Christian                    [2910/3187]
2026-03-12 18:09:46 - INFO - ✓ Mount Madonna School                     [2911/3187]
2026-03-12 18:09:46 - INFO - ✓ Orchard School                           [2912/3187]
2026-03-12 18:09:46 - INFO - ✓ Salesian Elementary and Junior High Scho [2913/3187]
2026-03-12 18:09:47 - INFO - ✓ Seacliff Academy                         [2914/3187]
2026-03-12 18:09:47 - INFO - ✓ St. Abraham's Classical Christian Academ [2915/3187]
2026-03-12 18:09:47 - INFO - ✓ St. Francis High School Salesian College [2916/3187]
2026-03-12 18:09:48 - INFO - ✓ St Lawrence Academy                      [2917/3187]
2026-03-12 18:09:48 - INFO - ✓ Gateway School                           [2918/3187]
2026-03-12 18:09:48 - INFO - ✓ Holy Cross                               [2919/3187]
2026-03-12 18:09:49 - INFO - ✓ Santa Cruz Children's School             [2920/3187]
2026-03-12 18:09:49 - INFO - ✓ Santa Cruz Waldorf School                [2921/3187]
2026-03-12 18:09:50 - INFO - ✓ The Bay School                           [2922/3187]
2026-03-12 18:09:50 - INFO - ✓ Splash Learning Online                   [2923/3187]
2026-03-12 18:09:50 - INFO - ✓ Minglebrain Solutions Pvt Ltd            [2924/3187]
2026-03-12 18:09:51 - INFO - ✓ Georgiana Bruce Kirby Preparatory School [2925/3187]
2026-03-12 18:09:51 - INFO - ✓ Merit Academy                            [2926/3187]
2026-03-12 18:09:51 - INFO - 💾 Saving checkpoint (300 processed)
2026-03-12 18:09:51 - INFO - ✓ Baymonte Christian School                [2927/3187]
2026-03-12 18:09:52 - INFO - ✓ Brite Horizons School                    [2928/3187]
2026-03-12 18:09:52 - INFO - ✓ Pacific Sands Academy                    [2929/3187]
2026-03-12 18:09:52 - INFO - ✓ Santa Cruz Montessori                    [2930/3187]
2026-03-12 18:09:52 - INFO - ✓ Santa Cruz Montessori School Wavecrest J [2931/3187]
2026-03-12 18:09:53 - INFO - ✓ Simcha Preschool                         [2932/3187]
2026-03-12 18:09:54 - INFO - ✓ Tara Redwood School                      [2933/3187]
2026-03-12 18:09:54 - INFO - ✓ Twin Lakes Christian                     [2934/3187]
2026-03-12 18:09:54 - INFO - ✓ New Beginnings                           [2935/3187]
2026-03-12 18:09:54 - INFO - ✓ American Christian Academy               [2936/3187]
2026-03-12 18:09:55 - INFO - ✓ Barry Family Household School            [2937/3187]
2026-03-12 18:09:55 - INFO - 💾 Saving checkpoint (300 processed)
2026-03-12 18:09:55 - INFO - ✓ Country Christian School                 [2938/3187]
2026-03-12 18:09:55 - INFO - ✓ Bethel Christian School                  [2939/3187]
2026-03-12 18:09:56 - INFO - ✓ Mount Calvary Christian Academy          [2940/3187]
2026-03-12 18:09:56 - INFO - ✓ Redding Adventist Academy                [2941/3187]
2026-03-12 18:09:57 - INFO - ✓ ShadyMontessori Elementary of Shady Oaks [2942/3187]
2026-03-12 18:09:58 - INFO - ✓ Beacon Hill Christian Academy            [2943/3187]
2026-03-12 18:09:58 - INFO - ✓ Redding Christian School                 [2944/3187]
2026-03-12 18:09:58 - INFO - ✓ J.A.W.S Homeschooling                    [2945/3187]
2026-03-12 18:09:58 - INFO - ✓ Spectrum Center Redding                  [2946/3187]
2026-03-12 18:09:59 - INFO - ✓ K-12 Academy                             [2947/3187]
2026-03-12 18:09:59 - INFO - ✓ Freedom Institute                        [2948/3187]
2026-03-12 18:09:59 - INFO - ✓ HOPE Schools International               [2949/3187]
2026-03-12 18:09:59 - INFO - ✓ Saint Joseph School                      [2950/3187]
2026-03-12 18:10:00 - INFO - ✓ Shasta Baptist Schools                   [2951/3187]
2026-03-12 18:10:00 - INFO - ✓ Brown's Academy                          [2952/3187]
2026-03-12 18:10:01 - INFO - ✓ Explore and learn                        [2953/3187]
2026-03-12 18:10:01 - INFO - ✓ Peppertree Home Education                [2954/3187]
2026-03-12 18:10:02 - INFO - ✓ Tribe of Gad Creative Learning Homeschoo [2955/3187]
2026-03-12 18:10:02 - INFO - ✓ The Gathering Christian Academy          [2956/3187]
2026-03-12 18:10:02 - INFO - ✓ Borchard Academy                         [2957/3187]
2026-03-12 18:10:03 - INFO - ✓ Treasure Stones Family Academy           [2958/3187]
2026-03-12 18:10:03 - INFO - 💾 Saving checkpoint (300 processed)
2026-03-12 18:10:03 - INFO - ✓ Scott Valley Christian Academy           [2959/3187]
2026-03-12 18:10:03 - INFO - ✓ Covenant Chapel Bible Academy            [2960/3187]
2026-03-12 18:10:03 - INFO - ✓ Yreka Adventist Christian School         [2961/3187]
2026-03-12 18:10:03 - INFO - ✓ St. Dominic                              [2962/3187]
2026-03-12 18:10:04 - INFO - ✓ Chesterton Academy at Valley of the Sacr [2963/3187]
2026-03-12 18:10:05 - INFO - ✓ Countryside Schoolhouse                  [2964/3187]
2026-03-12 18:10:05 - INFO - ✓ Neighborhood Christian School            [2965/3187]
2026-03-12 18:10:05 - INFO - ✓ Valley of the Sacred Heart Academy       [2966/3187]
2026-03-12 18:10:05 - INFO - ✓ A+ homeschool                            [2967/3187]
2026-03-12 18:10:06 - INFO - ✓ Sierra School of Solano                  [2968/3187]
2026-03-12 18:10:06 - INFO - ✓ Holy Spirit School                       [2969/3187]
2026-03-12 18:10:06 - INFO - ✓ Fairfield Christian School               [2970/3187]
2026-03-12 18:10:07 - INFO - ✓ Solano Christian Academy                 [2971/3187]
2026-03-12 18:10:07 - INFO - ✓ Spectrum Center Schools and Programs Sol [2972/3187]
2026-03-12 18:10:08 - INFO - ✓ Above and Beyond Kindergarten            [2973/3187]
2026-03-12 18:10:09 - INFO - ✓ Bartsch's School of Art                  [2974/3187]
2026-03-12 18:10:09 - INFO - ✓ Bethany Lutheran                         [2975/3187]
2026-03-12 18:10:09 - INFO - ✓ Centurion Christian Classical School     [2976/3187]
2026-03-12 18:10:10 - INFO - ✓ Notre Dame School                        [2977/3187]
2026-03-12 18:10:10 - INFO - ✓ The Academy of 21st Century Learning     [2978/3187]
2026-03-12 18:10:10 - INFO - ✓ Stetson Academy                          [2979/3187]
2026-03-12 18:10:10 - INFO - ✓ Vacaville Adventist Christian School     [2980/3187]
2026-03-12 18:10:10 - INFO - 💾 Saving checkpoint (300 processed)
2026-03-12 18:10:10 - INFO - ✓ Vacaville Christian Schools              [2981/3187]
2026-03-12 18:10:11 - INFO - ✓ A Space  for Angie                       [2982/3187]
2026-03-12 18:10:12 - INFO - ✓ Innovative Education Vallejo Learning Ce [2983/3187]
2026-03-12 18:10:12 - INFO - ✓ Life and Truth Academy                   [2984/3187]
2026-03-12 18:10:12 - INFO - ✓ North Hills Christian School             [2985/3187]
2026-03-12 18:10:13 - INFO - ✓ St. Basil School                         [2986/3187]
2026-03-12 18:10:13 - INFO - ✓ Rising Star Sped Academy - Vega          [2987/3187]
2026-03-12 18:10:13 - INFO - ✓ St. Catherine of Siena School            [2988/3187]
2026-03-12 18:10:14 - INFO - ✓ P3 ACADEMY SCHOOLS                       [2989/3187]
2026-03-12 18:10:14 - INFO - ✓ St. Patrick-St. Vincent Catholic High Sc [2990/3187]
2026-03-12 18:10:14 - INFO - ✓ St. Vincent Ferrer School                [2991/3187]
2026-03-12 18:10:14 - INFO - ✓ The Veritas School                       [2992/3187]
2026-03-12 18:10:15 - INFO - ✓ Village for Life Academy                 [2993/3187]
2026-03-12 18:10:15 - INFO - ✓ Sonoma Academy                           [2994/3187]
2026-03-12 18:10:16 - INFO - ✓ Stony Point Christian Academy            [2995/3187]
2026-03-12 18:10:17 - INFO - ✓ Rio Lindo Adventist Academy              [2996/3187]
2026-03-12 18:10:17 - INFO - 💾 Saving checkpoint (300 processed)
2026-03-12 18:10:17 - INFO - ✓ Cross and Crown Lutheran School          [2997/3187]
2026-03-12 18:10:17 - INFO - ✓ St. John the Baptist Catholic School     [2998/3187]
2026-03-12 18:10:17 - INFO - 💾 Saving checkpoint (300 processed)
2026-03-12 18:10:17 - INFO - ✓ Sonoma Country Day School                [2999/3187]
2026-03-12 18:10:18 - INFO - ✓ Spring Hills Christian                   [3000/3187]
2026-03-12 18:10:18 - INFO - ✓ St. Rose Catholic School                 [3001/3187]
2026-03-12 18:10:19 - INFO - ✓ harvest christian school                 [3002/3187]
2026-03-12 18:10:19 - INFO - ✓ St. Vincent de Paul Elementary School    [3003/3187]
2026-03-12 18:10:20 - INFO - ✓ Cypress Primary School                   [3004/3187]
2026-03-12 18:10:20 - INFO - ✓ Cypress School                           [3005/3187]
2026-03-12 18:10:20 - INFO - ✓ Saint Vincent de Paul College Preparator [3006/3187]
2026-03-12 18:10:21 - INFO - ✓ Tyndale Preparatory Academy              [3007/3187]
2026-03-12 18:10:21 - INFO - ✓ Carlo Acutis Academy                     [3008/3187]
2026-03-12 18:10:21 - INFO - 💾 Saving checkpoint (285 processed)
2026-03-12 18:10:22 - INFO - ✓ Covenant Christian Academy               [3009/3187]
2026-03-12 18:10:22 - INFO - ✓ Victory Christian Academy                [3010/3187]
2026-03-12 18:10:23 - INFO - ✓ Anova Center for Education, Sonoma       [3011/3187]
2026-03-12 18:10:23 - INFO - ✓ Cardinal Newman High School              [3012/3187]
2026-03-12 18:10:24 - INFO - ✓ The Spring Hill School                   [3013/3187]
2026-03-12 18:10:24 - INFO - ✓ Grace Christian Academy                  [3014/3187]
2026-03-12 18:10:24 - INFO - ✓ Lattice Educational Services             [3015/3187]
2026-03-12 18:10:24 - INFO - ✓ Summerfield Waldorf School and Farm      [3016/3187]
2026-03-12 18:10:25 - INFO - ✓ New Directions-NPS                       [3017/3187]
2026-03-12 18:10:25 - INFO - ✓ New Horizon School and Learning Center   [3018/3187]
2026-03-12 18:10:25 - INFO - ✓ North Valley School-Santa Rosa           [3019/3187]
2026-03-12 18:10:26 - INFO - ✓ Quest Forward High School                [3020/3187]
2026-03-12 18:10:26 - INFO - ✓ Redwood Adventist Academy                [3021/3187]
2026-03-12 18:10:27 - INFO - ✓ Greenacre Homes & School - Atkinson      [3022/3187]
2026-03-12 18:10:27 - INFO - ✓ Sierra School of Sonoma County           [3023/3187]
2026-03-12 18:10:27 - INFO - ✓ Hanna Academy                            [3024/3187]
2026-03-12 18:10:27 - INFO - ✓ Plumfield Academy                        [3025/3187]
2026-03-12 18:10:28 - INFO - ✓ New Song School                          [3026/3187]
2026-03-12 18:10:28 - INFO - ✓ St. Eugene Cathedral School              [3027/3187]
2026-03-12 18:10:28 - INFO - ✓ Presentation School, The                 [3028/3187]
2026-03-12 18:10:29 - INFO - ✓ SoloQuest High Scool                     [3029/3187]
2026-03-12 18:10:29 - INFO - 💾 Saving checkpoint (300 processed)
2026-03-12 18:10:29 - INFO - ✓ St. Francis Solano                       [3030/3187]
2026-03-12 18:10:30 - INFO - ✓ Pleasant Hill Christian School           [3031/3187]
2026-03-12 18:10:30 - INFO - ✓ Sonoma Earth School                      [3032/3187]
2026-03-12 18:10:30 - INFO - ✓ Greenacre Homes & School - Gravenstein   [3033/3187]
2026-03-12 18:10:31 - INFO - ✓ Journey Academy                          [3034/3187]
2026-03-12 18:10:31 - INFO - ✓ Windsor Christian Academy                [3035/3187]
2026-03-12 18:10:31 - INFO - ✓ Central Valley Christian Academy         [3036/3187]
2026-03-12 18:10:32 - INFO - ✓ Brethren Heritage School                 [3037/3187]
2026-03-12 18:10:32 - INFO - ✓ Reyn Franca School                       [3038/3187]
2026-03-12 18:10:32 - INFO - ✓ Mason Christian Academy                  [3039/3187]
2026-03-12 18:10:33 - INFO - ✓ Sierra Vista Kirk Baucher                [3040/3187]
2026-03-12 18:10:33 - INFO - ✓ Hughson Christian School                 [3041/3187]
2026-03-12 18:10:33 - INFO - ✓ Learner's Academy                        [3042/3187]
2026-03-12 18:10:34 - INFO - ✓ Our Lady of Fatima Catholic School       [3043/3187]
2026-03-12 18:10:34 - INFO - ✓ Providence Education                     [3044/3187]
2026-03-12 18:10:35 - INFO - ✓ Remnant Christian School                 [3045/3187]
2026-03-12 18:10:35 - INFO - ✓ Small World Christian School             [3046/3187]
2026-03-12 18:10:36 - INFO - ✓ St. Stanislaus School                    [3047/3187]
2026-03-12 18:10:36 - INFO - ✓ Central Catholic High School             [3048/3187]
2026-03-12 18:10:36 - INFO - ✓ HIGHER PSP                               [3049/3187]
2026-03-12 18:10:36 - INFO - ✓ Modesto Christian High                   [3050/3187]
2026-03-12 18:10:37 - INFO - ✓ Havenside                                [3051/3187]
2026-03-12 18:10:37 - INFO - ✓ EAST VALLEY EDUCATION CENTER             [3052/3187]
2026-03-12 18:10:37 - INFO - ✓ Freedom Choice Day School                [3053/3187]
2026-03-12 18:10:38 - INFO - ✓ Oakdale Christian Academy                [3054/3187]
2026-03-12 18:10:38 - INFO - ✓ Sacred Heart Catholic                    [3055/3187]
2026-03-12 18:10:38 - INFO - ✓ Castillo Christian School                [3056/3187]
2026-03-12 18:10:39 - INFO - ✓ Modesto Christian Elementary/Middle Scho [3057/3187]
2026-03-12 18:10:39 - INFO - ✓ Big Valley Christian                     [3058/3187]
2026-03-12 18:10:39 - INFO - ✓ Hearthstone Christian                    [3059/3187]
2026-03-12 18:10:40 - INFO - ✓ Queen of All Saints Academy              [3060/3187]
2026-03-12 18:10:40 - INFO - ✓ Sacred Heart School                      [3061/3187]
2026-03-12 18:10:40 - INFO - ✓ Turlock Christian Elementary             [3062/3187]
2026-03-12 18:10:40 - INFO - ✓ Stanislaus Academy                       [3063/3187]
2026-03-12 18:10:41 - INFO - ✓ Turlock Christian Junior / Senior High   [3064/3187]
2026-03-12 18:10:42 - INFO - ✓ Adventist Christian School               [3065/3187]
2026-03-12 18:10:42 - INFO - ✓ Trinity Knox Classical Academy           [3066/3187]
2026-03-12 18:10:42 - INFO - ✓ Chesterton Academy of the Most Holy Euch [3067/3187]
2026-03-12 18:10:42 - INFO - 💾 Saving checkpoint (315 processed)
2026-03-12 18:10:43 - INFO - ✓ Faith Christian Schools                  [3068/3187]
2026-03-12 18:10:43 - INFO - ✓ Rising Star Sped Academy-Sirius Campus   [3069/3187]
2026-03-12 18:10:43 - INFO - ✓ St. Isidore Catholic School              [3070/3187]
2026-03-12 18:10:44 - INFO - ✓ Lassen View Christian School             [3071/3187]
2026-03-12 18:10:44 - INFO - ✓ Calvary Christian Academy Red Bluff      [3072/3187]
2026-03-12 18:10:44 - INFO - ✓ Whittenberg Country School               [3073/3187]
2026-03-12 18:10:44 - INFO - ✓ Lazy Creek Private Academy               [3074/3187]
2026-03-12 18:10:44 - INFO - 💾 Saving checkpoint (300 processed)
2026-03-12 18:10:45 - INFO - ✓ Red Bluff Christian School               [3075/3187]
2026-03-12 18:10:45 - INFO - ✓ Sacred Heart School                      [3076/3187]
2026-03-12 18:10:46 - INFO - ✓ Building blocks hard knocks              [3077/3187]
2026-03-12 18:10:46 - INFO - ✓ Kinder Kids Montessori                   [3078/3187]
2026-03-12 18:10:46 - INFO - 💾 Saving checkpoint (315 processed)
2026-03-12 18:10:47 - INFO - ✓ Heritage Christian Academy               [3079/3187]
2026-03-12 18:10:47 - INFO - ✓ Dinuba Junior Academy                    [3080/3187]
2026-03-12 18:10:47 - INFO - ✓ Sierra View Junior Academy               [3081/3187]
2026-03-12 18:10:47 - INFO - ✓ Sequoia Christian Academy                [3082/3187]
2026-03-12 18:10:48 - INFO - ✓ Spectrum Porterville                     [3083/3187]
2026-03-12 18:10:48 - INFO - ✓ Zion Lutheran                            [3084/3187]
2026-03-12 18:10:49 - INFO - ✓ St. Aloysius                             [3085/3187]
2026-03-12 18:10:49 - INFO - ✓ Central Valley Christian School Society  [3086/3187]
2026-03-12 18:10:49 - INFO - ✓ Dayspring Christian School               [3087/3187]
2026-03-12 18:10:50 - INFO - ✓ Emmanuel Christian Academy               [3088/3187]
2026-03-12 18:10:50 - INFO - ✓ Grace Christian School                   [3089/3187]
2026-03-12 18:10:50 - INFO - ✓ Saint Paul's School                      [3090/3187]
2026-03-12 18:10:51 - INFO - ✓ SEQUOIA BAPTIST ACADEMY                  [3091/3187]
2026-03-12 18:10:51 - INFO - ✓ The Catholic School of Visalia - George  [3092/3187]
2026-03-12 18:10:51 - INFO - 💾 Saving checkpoint (315 processed)
2026-03-12 18:10:52 - INFO - ✓ Educational Excellence Academy           [3093/3187]
2026-03-12 18:10:52 - INFO - ✓ St. Anne                                 [3094/3187]
2026-03-12 18:10:52 - INFO - ✓ Sierra Waldorf School                    [3095/3187]
2026-03-12 18:10:53 - INFO - ✓ Vance Elementary School                  [3096/3187]
2026-03-12 18:10:53 - INFO - ✓ Safari Learning Academy                  [3097/3187]
2026-03-12 18:10:53 - INFO - 💾 Saving checkpoint (315 processed)
2026-03-12 18:10:53 - INFO - ✓ Mother Lode Adventist Junior Academy     [3098/3187]
2026-03-12 18:10:54 - INFO - ✓ Network kids Academy                     [3099/3187]
2026-03-12 18:10:54 - INFO - ✓ Cornerstone Family Christian School      [3100/3187]
2026-03-12 18:10:54 - INFO - ✓ Mother Lode Christian School             [3101/3187]
2026-03-12 18:10:55 - INFO - ✓ Samuel Garber School                     [3102/3187]
2026-03-12 18:10:56 - INFO - ✓ Ascension Lutheran                       [3103/3187]
2026-03-12 18:10:56 - INFO - ✓ Bethany Christian School                 [3104/3187]
2026-03-12 18:10:56 - INFO - ✓ Carden Conejo School                     [3105/3187]
2026-03-12 18:10:56 - INFO - ✓ Conejo Adventist Elementary School       [3106/3187]
2026-03-12 18:10:57 - INFO - ✓ First Baptist Accelerated Academy        [3107/3187]
2026-03-12 18:10:57 - INFO - ✓ Hillcrest Christian                      [3108/3187]
2026-03-12 18:10:58 - INFO - ✓ Visalia Montessori School                [3109/3187]
2026-03-12 18:10:58 - INFO - ✓ Liberty Christian Academy                [3110/3187]
2026-03-12 18:10:58 - INFO - ✓ Discovery Christian Academy              [3111/3187]
2026-03-12 18:10:59 - INFO - ✓ Malibu Cove Private                      [3112/3187]
2026-03-12 18:10:59 - INFO - ✓ Montessori One                           [3113/3187]
2026-03-12 18:10:59 - INFO - ✓ Pinecrest Expedition Academy             [3114/3187]
2026-03-12 18:11:00 - INFO - ✓ Newbury Park Adventist Academy           [3115/3187]
2026-03-12 18:11:00 - INFO - ✓ Passageway School NPS                    [3116/3187]
2026-03-12 18:11:01 - INFO - ✓ Revo Academy                             [3117/3187]
2026-03-12 18:11:01 - INFO - ✓ St. Paschal Baylon Elementary            [3118/3187]
2026-03-12 18:11:02 - INFO - ✓ St. Patrick's Episcopal Day School       [3119/3187]
2026-03-12 18:11:02 - INFO - ✓ Trinity Pacific Christian School         [3120/3187]
2026-03-12 18:11:02 - INFO - ✓ Tribu Global Learning Academy            [3121/3187]
2026-03-12 18:11:02 - INFO - 💾 Saving checkpoint (315 processed)
2026-03-12 18:11:03 - INFO - ✓ Westlake Montessori School               [3122/3187]
2026-03-12 18:11:03 - INFO - ✓ Twin Oaks Academy                        [3123/3187]
2026-03-12 18:11:04 - INFO - ✓ Linda Vista Adventist School             [3124/3187]
2026-03-12 18:11:04 - INFO - ✓ Besant Hill School of Happy Valley       [3125/3187]
2026-03-12 18:11:04 - INFO - ✓ Global Village School                    [3126/3187]
2026-03-12 18:11:04 - INFO - ✓ Heritage Christian                       [3127/3187]
2026-03-12 18:11:04 - INFO - ✓ Laurel Springs                           [3128/3187]
2026-03-12 18:11:05 - INFO - ✓ Manzanita Montessori School              [3129/3187]
2026-03-12 18:11:05 - INFO - ✓ Monica Ros School                        [3130/3187]
2026-03-12 18:11:06 - INFO - ✓ Mother of Divine Grace                   [3131/3187]
2026-03-12 18:11:07 - INFO - ✓ Oak Grove                                [3132/3187]
2026-03-12 18:11:07 - INFO - ✓ Montessori School of Ojai                [3133/3187]
2026-03-12 18:11:08 - INFO - ✓ The Thacher School                       [3134/3187]
2026-03-12 18:11:08 - INFO - ✓ Ojai Valley School                       [3135/3187]
2026-03-12 18:11:08 - INFO - ✓ Villanova Preparatory School             [3136/3187]
2026-03-12 18:11:08 - INFO - ✓ Weil Tennis Academy and College Preparat [3137/3187]
2026-03-12 18:11:08 - INFO - 💾 Saving checkpoint (315 processed)
2026-03-12 18:11:08 - INFO - ✓ New Harvest Christian School             [3138/3187]
2026-03-12 18:11:09 - INFO - ✓ Our Lady of Guadalupe Parish School      [3139/3187]
2026-03-12 18:11:09 - INFO - ✓ Santa Clara Elementary                   [3140/3187]
2026-03-12 18:11:09 - INFO - 💾 Saving checkpoint (315 processed)
2026-03-12 18:11:10 - INFO - ✓ Casa Pacifica Non-Public School          [3141/3187]
2026-03-12 18:11:10 - INFO - ✓ St. Anthony's Elementary                 [3142/3187]
2026-03-12 18:11:11 - INFO - ✓ Santa Clara High School                  [3143/3187]
2026-03-12 18:11:12 - INFO - ✓ Taheem Johnson, Inc.                     [3144/3187]
2026-03-12 18:11:13 - INFO - ✓ Pleasant Valley Christian                [3145/3187]
2026-03-12 18:11:13 - INFO - ✓ Beacon Hill Classical Academy            [3146/3187]
2026-03-12 18:11:13 - INFO - ✓ Peppermint Junction                      [3147/3187]
2026-03-12 18:11:14 - INFO - ✓ Carousel Montessori Preschool            [3148/3187]
2026-03-12 18:11:14 - INFO - ✓ Cornerstone Christian School             [3149/3187]
2026-03-12 18:11:14 - INFO - ✓ St. Mary Magdalen                        [3150/3187]
2026-03-12 18:11:14 - INFO - ✓ St. Sebastian School                     [3151/3187]
2026-03-12 18:11:14 - INFO - ✓ Adventist Education Simi Valley          [3152/3187]
2026-03-12 18:11:15 - INFO - ✓ Equip Christian Academy                  [3153/3187]
2026-03-12 18:11:15 - INFO - ✓ Good Shepherd Lutheran                   [3154/3187]
2026-03-12 18:11:16 - INFO - ✓ Grace Elementary                         [3155/3187]
2026-03-12 18:11:16 - INFO - ✓ Grace Jr/Sr High School                  [3156/3187]
2026-03-12 18:11:17 - INFO - ✓ Heritage Christian Academy of Simi Valle [3157/3187]
2026-03-12 18:11:18 - INFO - ✓ Infusion,multi-behavioral,general arts s [3158/3187]
2026-03-12 18:11:18 - INFO - ✓ International Virtual Learning Academy   [3159/3187]
2026-03-12 18:11:18 - INFO - ✓ Phoenix Ranch School                     [3160/3187]
2026-03-12 18:11:18 - INFO - ✓ St. Peter Claver Preschool & Kindergarte [3161/3187]
2026-03-12 18:11:19 - INFO - ✓ California Academy of Connected Learning [3162/3187]
2026-03-12 18:11:19 - INFO - ✓ Academy for Advancement of Children With [3163/3187]
2026-03-12 18:11:19 - INFO - ✓ City Christian School                    [3164/3187]
2026-03-12 18:11:20 - INFO - ✓ Holy Cross School                        [3165/3187]
2026-03-12 18:11:20 - INFO - ✓ St. Rose of Lima Elementary              [3166/3187]
2026-03-12 18:11:20 - INFO - ✓ Our Lady of the Assumption               [3167/3187]
2026-03-12 18:11:21 - INFO - ✓ Sacred Heart                             [3168/3187]
2026-03-12 18:11:21 - INFO - ✓ Saint Bonaventure High School            [3169/3187]
2026-03-12 18:11:22 - INFO - ✓ Solimar Academy                          [3170/3187]
2026-03-12 18:11:22 - INFO - ✓ Seeds Montessori Lower Elementary        [3171/3187]
2026-03-12 18:11:22 - INFO - 💾 Saving checkpoint (300 processed)
2026-03-12 18:11:23 - INFO - ✓ St. Augustine Academy                    [3172/3187]
2026-03-12 18:11:23 - INFO - ✓ Ventura Christian Academy                [3173/3187]
2026-03-12 18:11:23 - INFO - ✓ Ventura County Christian School          [3174/3187]
2026-03-12 18:11:23 - INFO - ✓ Ventura Missionary Christian             [3175/3187]
2026-03-12 18:11:24 - INFO - ✓ Davis Waldorf School                     [3176/3187]
2026-03-12 18:11:24 - INFO - ✓ Grace Valley Christian Academy           [3177/3187]
2026-03-12 18:11:24 - INFO - ✓ Redbud Montessori                        [3178/3187]
2026-03-12 18:11:24 - INFO - 💾 Saving checkpoint (315 processed)
2026-03-12 18:11:25 - INFO - ✓ St. James Elementary                     [3179/3187]
2026-03-12 18:11:25 - INFO - [Worker 1] Checkpoint deleted (worker completed)
2026-03-12 18:11:25 - INFO - ✓ Completed - Saved 315 schools to profile_data_1.json
2026-03-12 18:11:25 - INFO - [Worker 5] Checkpoint deleted (worker completed)
2026-03-12 18:11:25 - INFO - ✓ Completed - Saved 324 schools to profile_data_5.json
2026-03-12 18:11:25 - INFO - ✓ Bryte Christian Academy                  [3180/3187]
2026-03-12 18:11:26 - INFO - ✓ Our Lady of Grace                        [3181/3187]
2026-03-12 18:11:26 - INFO - [Worker 3] Checkpoint deleted (worker completed)
2026-03-12 18:11:26 - INFO - ✓ Completed - Saved 326 schools to profile_data_3.json
2026-03-12 18:11:26 - INFO - [Worker 9] Checkpoint deleted (worker completed)
2026-03-12 18:11:26 - INFO - ✓ Completed - Saved 301 schools to profile_data_9.json
2026-03-12 18:11:26 - INFO - ✓ Community Christian Academy              [3182/3187]
2026-03-12 18:11:26 - INFO - ✓ Holy Rosary Catholic School              [3183/3187]
2026-03-12 18:11:26 - INFO - [Worker 2] Checkpoint deleted (worker completed)
2026-03-12 18:11:26 - INFO - ✓ Completed - Saved 324 schools to profile_data_2.json
2026-03-12 18:11:27 - INFO - ✓ LIFT Global Academy                      [3184/3187]
2026-03-12 18:11:27 - INFO - [Worker 4] Checkpoint deleted (worker completed)
2026-03-12 18:11:27 - INFO - ✓ Completed - Saved 321 schools to profile_data_4.json
2026-03-12 18:11:27 - INFO - [Worker 7] Checkpoint deleted (worker completed)
2026-03-12 18:11:27 - INFO - ✓ Completed - Saved 320 schools to profile_data_7.json
2026-03-12 18:11:27 - INFO - ✓ Woodland Christian School                [3185/3187]
2026-03-12 18:11:27 - INFO - ✓ New Life Christian School                [3186/3187]
2026-03-12 18:11:27 - INFO - ✓ Conquerors Christian School              [3187/3187]
2026-03-12 18:11:27 - INFO - [Worker 10] Checkpoint deleted (worker completed)
2026-03-12 18:11:27 - INFO - ✓ Completed - Saved 309 schools to profile_data_10.json
2026-03-12 18:11:27 - INFO - [Worker 8] Checkpoint deleted (worker completed)
2026-03-12 18:11:27 - INFO - ✓ Completed - Saved 327 schools to profile_data_8.json
2026-03-12 18:11:27 - INFO - [Worker 6] Checkpoint deleted (worker completed)
2026-03-12 18:11:27 - INFO - ✓ Completed - Saved 320 schools to profile_data_6.json
2026-03-12 18:11:38 - INFO - Loaded 3187 schools from schools_basic_data.json
2026-03-12 18:11:38 - INFO - Retry target count: 18
2026-03-12 18:11:38 - INFO - [1/18] Retrying: San Antonio Christian School (exact)
2026-03-12 18:11:40 - INFO - ✓ Success: San Antonio Christian School (attempt 1)
2026-03-12 18:11:40 - INFO - [2/18] Retrying: St. George (exact)
2026-03-12 18:11:42 - INFO - ✓ Success: St. George (attempt 1)
2026-03-12 18:11:43 - INFO - [3/18] Retrying: International Montessori School (exact)
2026-03-12 18:11:45 - INFO - ✓ Success: International Montessori School (attempt 1)
2026-03-12 18:11:45 - INFO - [4/18] Retrying: Kraft Academy (exact)
2026-03-12 18:11:47 - INFO - ✓ Success: Kraft Academy (attempt 1)
2026-03-12 18:11:48 - INFO - [5/18] Retrying: Orion International Academy (exact)
2026-03-12 18:11:50 - INFO - ✓ Success: Orion International Academy (attempt 1)
2026-03-12 18:11:50 - INFO - [6/18] Retrying: Ontario Christian Elementary (exact)
2026-03-12 18:11:52 - INFO - ✓ Success: Ontario Christian Elementary (attempt 1)
2026-03-12 18:11:53 - INFO - [7/18] Retrying: Ahrens Child Care Center (exact)
2026-03-12 18:11:55 - INFO - ✓ Success: Ahrens Child Care Center (attempt 1)
2026-03-12 18:11:55 - INFO - [8/18] Retrying: Choices Life Plan Mentoring Program (exact)
2026-03-12 18:11:57 - INFO - ✓ Success: Choices Life Plan Mentoring Program (attempt 1)
2026-03-12 18:11:58 - INFO - [9/18] Retrying: Arrowhead Christian Academy-Upper School-Redlands Christian School (fuzzy)
2026-03-12 18:12:00 - INFO - ✓ Success: Arrowhead Christian Academy-Upper School-Redlands Christian School (attempt 1)
2026-03-12 18:12:00 - INFO - [10/18] Retrying: California University Preparatory Academy (fuzzy)
2026-03-12 18:12:02 - INFO - ✓ Success: California University Preparatory Academy (attempt 1)
2026-03-12 18:12:03 - INFO - [11/18] Retrying: Barton House Playschool (exact)
2026-03-12 18:12:05 - INFO - ✓ Success: Barton House Playschool (attempt 1)
2026-03-12 18:12:05 - INFO - [12/18] Retrying: Christ the King Lutheran Childcare Center (fuzzy)
2026-03-12 18:12:07 - INFO - ✓ Success: Christ the King Lutheran Childcare Center (attempt 1)
2026-03-12 18:12:07 - INFO - [13/18] Retrying: Citrus Valley Christian Academy PSP (exact)
2026-03-12 18:12:10 - INFO - ✓ Success: Citrus Valley Christian Academy PSP (attempt 1)
2026-03-12 18:12:10 - INFO - [14/18] Retrying: Deeper Roots Academy (exact)
2026-03-12 18:12:12 - INFO - ✓ Success: Deeper Roots Academy (attempt 1)
2026-03-12 18:12:12 - INFO - [15/18] Retrying: Needles SDA School (exact)
2026-03-12 18:12:14 - INFO - ✓ Success: Needles SDA School (attempt 1)
2026-03-12 18:12:15 - INFO - [16/18] Retrying: Hunter Academies (exact)
2026-03-12 18:12:17 - INFO - ✓ Success: Hunter Academies (attempt 1)
2026-03-12 18:12:17 - INFO - [17/18] Retrying: NotYourRegularChurch (exact)
2026-03-12 18:12:19 - INFO - ✓ Success: NotYourRegularChurch (attempt 1)
2026-03-12 18:12:20 - INFO - [18/18] Retrying: Hope Center Academy (exact)
2026-03-12 18:12:22 - INFO - ✓ Success: Hope Center Academy (attempt 1)
2026-03-12 18:12:22 - INFO - ======================================================================
2026-03-12 18:12:22 - INFO - Saved retry results to: retryied.json
2026-03-12 18:12:22 - INFO - Success: 18 | Failed: 0 | Not found: 0
2026-03-12 18:12:22 - INFO - ======================================================================
